transaction_id,amount,transaction_hour,merchant_category,device_type,location,failed_attempts,account_age_days,is_fraud,iqr_anomaly
TXN000001,269.36,9,Entertainment,Android,Bangalore,1,794,0,0
TXN000002,125.72,23,Other,Android,Chennai,1,2009,0,0
TXN000003,322.86,16,Food,Android,Hyderabad,0,2563,0,0
TXN000004,923.01,20,Shopping,Web,Delhi,0,1072,0,1
TXN000005,112.06,1,Entertainment,iOS,Pune,0,816,0,0
TXN000006,112.06,5,Shopping,iOS,Delhi,0,1163,0,0
TXN000007,987.38,4,Shopping,iOS,Mumbai,2,2956,0,1
TXN000008,372.76,3,Travel,iOS,Chennai,0,1660,0,0
TXN000009,84.49,1,Other,Web,Mumbai,0,1026,0,0
TXN000010,284.6,11,Shopping,Android,Delhi,1,2676,0,0
TXN000011,85.11,2,Bills,Android,Delhi,0,2473,0,0
TXN000012,84.87,5,Shopping,iOS,Pune,2,1066,0,0
TXN000013,198.41,23,Entertainment,iOS,Pune,0,371,1,0
TXN000014,14.94,13,Bills,Android,Mumbai,0,736,0,0
TXN000015,18.73,7,Shopping,Android,Hyderabad,1,2665,0,0
TXN000016,75.58,20,Bills,Android,Mumbai,1,1794,1,0
TXN000017,44.02,20,Shopping,Android,Hyderabad,0,1212,0,0
TXN000018,216.39,13,Other,Android,Hyderabad,1,1386,0,0
TXN000019,49.92,2,Bills,Android,Bangalore,0,1076,0,0
TXN000020,27.25,15,Food,iOS,Delhi,0,1050,0,0
TXN000021,861.59,14,Travel,iOS,Bangalore,1,1770,0,1
TXN000022,113.19,6,Bills,iOS,Delhi,0,1891,0,0
TXN000023,160.94,14,Entertainment,iOS,Bangalore,1,2903,0,0
TXN000024,26.85,12,Travel,Android,Hyderabad,1,2272,0,0
TXN000025,77.23,5,Travel,Android,Bangalore,0,740,0,0
TXN000026,169.54,14,Shopping,Android,Chennai,0,1191,0,0
TXN000027,37.29,16,Bills,Web,Bangalore,1,2587,0,0
TXN000028,232.95,3,Other,Android,Pune,1,1276,0,0
TXN000029,72.19,21,Travel,iOS,Pune,0,865,1,0
TXN000030,104.58,21,Entertainment,Android,Bangalore,0,1481,0,0
TXN000031,72.09,13,Other,Web,Bangalore,0,1903,0,0
TXN000032,1370.23,14,Other,Android,Chennai,0,1508,0,1
TXN000033,146.03,11,Entertainment,iOS,Delhi,0,1023,0,0
TXN000034,41.71,18,Entertainment,Android,Bangalore,0,756,0,0
TXN000035,398.24,21,Shopping,Android,Delhi,2,1061,0,0
TXN000036,34.29,9,Food,iOS,Pune,0,1935,0,0
TXN000037,190.69,5,Bills,Web,Mumbai,1,2293,0,0
TXN000038,14.13,8,Travel,Android,Hyderabad,1,313,1,0
TXN000039,30.15,1,Bills,Web,Mumbai,1,1546,0,0
TXN000040,187.96,3,Other,iOS,Chennai,0,468,0,0
TXN000041,360.02,8,Travel,iOS,Chennai,0,1820,0,0
TXN000042,182.3,14,Shopping,Android,Delhi,1,2400,1,0
TXN000043,129.18,12,Bills,Android,Delhi,0,1770,1,0
TXN000044,103.41,19,Shopping,Android,Bangalore,0,1988,1,0
TXN000045,25.17,7,Shopping,Web,Mumbai,0,786,0,0
TXN000046,62.56,18,Bills,Web,Delhi,0,2792,0,0
TXN000047,85.39,18,Bills,iOS,Pune,0,2490,0,0
TXN000048,527.71,15,Travel,Android,Delhi,0,2294,0,0
TXN000049,224.16,10,Other,Android,Pune,0,706,0,0
TXN000050,17.89,9,Other,Web,Delhi,1,2959,0,0
TXN000051,218.96,7,Entertainment,Android,Hyderabad,1,1672,0,0
TXN000052,93.49,0,Shopping,iOS,Delhi,0,1813,0,0
TXN000053,65.87,9,Other,Android,Hyderabad,0,1897,0,0
TXN000054,309.21,17,Food,Android,Chennai,0,1904,0,0
TXN000055,511.42,2,Travel,iOS,Bangalore,0,882,1,0
TXN000056,453.75,10,Travel,Android,Mumbai,0,1273,0,0
TXN000057,54.21,17,Entertainment,Android,Delhi,0,1774,0,0
TXN000058,102.41,2,Entertainment,Web,Hyderabad,0,2578,0,0
TXN000059,220.86,7,Shopping,iOS,Delhi,0,2070,0,0
TXN000060,478.5,13,Travel,iOS,Delhi,0,1055,0,0
TXN000061,83.51,5,Travel,iOS,Hyderabad,0,739,0,0
TXN000062,118.77,14,Food,Android,Delhi,1,2678,0,0
TXN000063,39.35,13,Shopping,Android,Mumbai,0,99,0,0
TXN000064,35.32,6,Shopping,Android,Pune,0,734,0,0
TXN000065,393.48,9,Other,Android,Pune,0,75,1,0
TXN000066,755.58,14,Entertainment,Android,Pune,1,1684,0,1
TXN000067,136.13,9,Other,iOS,Pune,0,2815,0,0
TXN000068,494.84,21,Shopping,Android,Chennai,0,946,0,0
TXN000069,229.06,16,Food,iOS,Bangalore,0,2569,0,0
TXN000070,68.43,18,Shopping,Android,Delhi,2,2574,0,0
TXN000071,228.99,16,Other,Android,Hyderabad,0,1080,1,0
TXN000072,939.78,11,Bills,Android,Mumbai,1,1244,0,1
TXN000073,142.17,14,Bills,iOS,Delhi,1,1844,0,0
TXN000074,970.27,11,Food,Android,Chennai,0,897,0,1
TXN000075,6.4,8,Entertainment,iOS,Chennai,1,253,0,0
TXN000076,397.93,4,Travel,iOS,Hyderabad,0,1111,0,0
TXN000077,164.75,3,Shopping,Android,Delhi,0,842,0,0
TXN000078,103.67,11,Other,Android,Pune,0,750,0,0
TXN000079,165.69,15,Entertainment,Web,Delhi,2,2731,0,0
TXN000080,13.67,8,Other,Android,Delhi,0,2606,0,0
TXN000081,114.02,2,Entertainment,Android,Chennai,0,954,0,0
TXN000082,227.82,20,Shopping,iOS,Delhi,0,525,0,0
TXN000083,874.34,2,Travel,iOS,Pune,0,2829,0,1
TXN000084,79.68,17,Shopping,Android,Delhi,0,1091,0,0
TXN000085,56.25,16,Travel,Android,Delhi,1,2135,1,0
TXN000086,81.28,9,Other,Android,Delhi,0,1400,0,0
TXN000087,445.18,1,Food,Android,Pune,0,558,0,0
TXN000088,220.19,23,Travel,Android,Pune,0,661,0,0
TXN000089,78.59,10,Entertainment,Android,Hyderabad,0,564,0,0
TXN000090,274.77,23,Food,Android,Chennai,0,511,0,0
TXN000091,166.75,2,Other,iOS,Bangalore,0,2799,0,0
TXN000092,474.55,22,Bills,iOS,Hyderabad,0,242,0,0
TXN000093,63.91,22,Food,iOS,Pune,0,2225,0,0
TXN000094,100.16,1,Travel,Android,Delhi,0,1149,0,0
TXN000095,92.71,8,Food,Android,Bangalore,0,489,0,0
TXN000096,25.63,18,Other,Android,Mumbai,0,2337,0,0
TXN000097,211.74,1,Food,iOS,Bangalore,0,102,0,0
TXN000098,203.01,18,Other,Android,Hyderabad,0,360,1,0
TXN000099,149.33,1,Bills,Android,Chennai,0,78,1,0
TXN000100,112.0,14,Travel,Android,Hyderabad,0,823,0,0
TXN000101,27.15,23,Entertainment,Android,Chennai,0,534,0,0
TXN000102,89.59,20,Food,Android,Chennai,0,2109,0,0
TXN000103,98.37,2,Shopping,Android,Pune,0,2617,0,0
TXN000104,56.67,4,Entertainment,Android,Chennai,0,2896,0,0
TXN000105,122.3,10,Food,iOS,Mumbai,0,709,0,0
TXN000106,241.02,23,Entertainment,Android,Bangalore,1,2114,0,0
TXN000107,1427.13,6,Shopping,iOS,Hyderabad,1,2823,1,1
TXN000108,183.0,5,Entertainment,Android,Hyderabad,0,1232,0,0
TXN000109,202.16,13,Entertainment,Android,Chennai,2,86,0,0
TXN000110,135.73,0,Shopping,Android,Pune,0,365,0,0
TXN000111,14.84,16,Shopping,Android,Mumbai,0,2573,0,0
TXN000112,143.77,16,Shopping,Android,Mumbai,1,613,0,0
TXN000113,159.54,13,Bills,Android,Delhi,0,2272,0,0
TXN000114,2852.33,9,Other,iOS,Mumbai,0,32,1,1
TXN000115,117.82,7,Other,Android,Chennai,0,2279,0,0
TXN000116,213.12,7,Shopping,Android,Chennai,1,1961,0,0
TXN000117,142.36,13,Other,Android,Bangalore,0,236,0,0
TXN000118,36.51,6,Entertainment,Android,Chennai,0,1164,0,0
TXN000119,584.87,5,Shopping,Android,Bangalore,1,2640,0,0
TXN000120,365.89,3,Food,Web,Mumbai,0,2827,0,0
TXN000121,383.46,0,Shopping,Android,Delhi,0,936,0,0
TXN000122,49.84,14,Shopping,Android,Pune,0,1961,0,0
TXN000123,798.99,14,Other,iOS,Hyderabad,1,2031,0,1
TXN000124,27.6,0,Travel,iOS,Chennai,0,1334,0,0
TXN000125,300.13,19,Entertainment,Web,Mumbai,1,1279,0,0
TXN000126,2056.06,2,Other,iOS,Chennai,0,1591,1,1
TXN000127,45.21,22,Entertainment,iOS,Bangalore,1,2293,1,0
TXN000128,75.22,4,Food,Web,Mumbai,0,2669,0,0
TXN000129,167.27,4,Bills,Android,Hyderabad,0,2299,0,0
TXN000130,81.11,3,Travel,iOS,Bangalore,0,1614,1,0
TXN000131,23.09,16,Food,iOS,Mumbai,1,1393,1,0
TXN000132,161.14,20,Food,iOS,Pune,1,1625,0,0
TXN000133,41.48,19,Entertainment,Web,Pune,1,903,0,0
TXN000134,261.99,13,Travel,Android,Hyderabad,0,783,0,0
TXN000135,49.24,7,Entertainment,Android,Pune,1,475,0,0
TXN000136,953.29,1,Bills,Web,Bangalore,0,2456,0,1
TXN000137,57.98,7,Entertainment,Android,Hyderabad,3,424,0,0
TXN000138,100.84,0,Shopping,iOS,Mumbai,0,1409,1,0
TXN000139,393.95,3,Entertainment,Android,Bangalore,0,2029,0,0
TXN000140,33.88,18,Shopping,iOS,Pune,0,672,0,0
TXN000141,194.99,4,Food,Web,Delhi,0,2518,0,0
TXN000142,712.35,4,Bills,Android,Chennai,0,243,1,0
TXN000143,21.56,20,Other,Android,Pune,0,157,0,0
TXN000144,185.22,19,Shopping,Android,Delhi,0,541,0,0
TXN000145,202.73,23,Bills,iOS,Hyderabad,0,1672,0,0
TXN000146,379.25,18,Entertainment,iOS,Mumbai,0,1506,0,0
TXN000147,33.64,11,Other,Android,Chennai,1,735,0,0
TXN000148,30.43,19,Entertainment,Android,Mumbai,0,2985,0,0
TXN000149,277.64,0,Food,iOS,Hyderabad,0,1098,0,0
TXN000150,211.96,6,Entertainment,iOS,Mumbai,0,2134,0,0
TXN000151,200.46,16,Shopping,Android,Bangalore,0,415,0,0
TXN000152,224.92,1,Food,Android,Bangalore,1,1236,1,0
TXN000153,65.63,10,Bills,iOS,Pune,1,1840,1,0
TXN000154,196.12,6,Food,Android,Pune,0,1370,0,0
TXN000155,210.96,16,Bills,Web,Pune,0,1461,0,0
TXN000156,62.98,2,Travel,Android,Pune,1,2594,0,0
TXN000157,1392.6,21,Shopping,iOS,Hyderabad,1,1984,0,1
TXN000158,262.07,5,Shopping,Android,Mumbai,0,1084,0,0
TXN000159,35.53,21,Bills,Web,Pune,0,1544,0,0
TXN000160,326.32,10,Entertainment,Android,Hyderabad,0,969,0,0
TXN000161,46.08,17,Other,Android,Chennai,0,2545,0,0
TXN000162,381.65,17,Entertainment,Android,Pune,0,2951,0,0
TXN000163,596.04,21,Travel,iOS,Mumbai,1,1902,0,0
TXN000164,55.43,9,Bills,Android,Bangalore,0,2473,0,0
TXN000165,471.56,4,Travel,Android,Delhi,0,448,0,0
TXN000166,243.55,22,Bills,Android,Bangalore,0,1426,0,0
TXN000167,398.01,22,Travel,Android,Mumbai,1,2714,0,0
TXN000168,1445.41,20,Bills,Android,Mumbai,0,2949,0,1
TXN000169,110.56,23,Shopping,Android,Mumbai,0,2614,1,0
TXN000170,60.07,21,Travel,iOS,Mumbai,1,1206,0,0
TXN000171,51.04,14,Travel,iOS,Pune,0,2826,0,0
TXN000172,55.76,20,Bills,iOS,Chennai,2,2803,0,0
TXN000173,135.3,19,Food,Web,Delhi,0,1706,0,0
TXN000174,223.49,22,Food,Android,Pune,2,1351,0,0
TXN000175,206.86,3,Shopping,iOS,Bangalore,0,298,0,0
TXN000176,400.46,20,Entertainment,Android,Chennai,0,2408,0,0
TXN000177,150.75,20,Entertainment,Android,Hyderabad,0,1225,0,0
TXN000178,849.15,0,Shopping,Android,Mumbai,0,1515,0,1
TXN000179,108.03,14,Entertainment,Android,Bangalore,0,320,1,0
TXN000180,3882.38,16,Other,Android,Hyderabad,1,844,0,1
TXN000181,314.44,18,Other,Android,Delhi,1,264,0,0
TXN000182,53.06,13,Other,iOS,Bangalore,0,1472,0,0
TXN000183,41.06,18,Other,Android,Chennai,0,335,0,0
TXN000184,264.8,17,Bills,iOS,Pune,0,1541,0,0
TXN000185,113.5,1,Food,Android,Hyderabad,0,116,0,0
TXN000186,349.6,5,Shopping,Android,Bangalore,0,2885,0,0
TXN000187,261.88,12,Bills,Android,Pune,1,1386,0,0
TXN000188,135.99,16,Other,Android,Pune,1,739,0,0
TXN000189,53.72,5,Shopping,Android,Pune,1,762,0,0
TXN000190,24.1,20,Food,iOS,Chennai,1,1351,0,0
TXN000191,86.85,21,Entertainment,iOS,Mumbai,1,2903,0,0
TXN000192,414.75,4,Bills,Android,Bangalore,0,1854,0,0
TXN000193,191.89,6,Food,Android,Pune,1,1989,0,0
TXN000194,33.29,0,Shopping,iOS,Mumbai,0,446,0,0
TXN000195,182.69,12,Travel,Android,Pune,0,1307,0,0
TXN000196,235.66,18,Bills,Android,Hyderabad,0,981,0,0
TXN000197,51.39,21,Shopping,Android,Hyderabad,1,1816,0,0
TXN000198,178.48,0,Shopping,iOS,Hyderabad,1,2445,0,0
TXN000199,159.15,12,Food,iOS,Mumbai,0,2210,0,0
TXN000200,37.65,10,Shopping,iOS,Mumbai,0,2139,0,0
TXN000201,228.0,6,Bills,Android,Pune,0,1669,0,0
TXN000202,290.89,19,Other,Android,Chennai,1,481,0,0
TXN000203,544.39,2,Bills,Android,Bangalore,0,1131,0,0
TXN000204,525.61,0,Shopping,iOS,Chennai,0,2798,0,0
TXN000205,28.41,7,Food,iOS,Mumbai,0,2182,0,0
TXN000206,48.16,16,Bills,Android,Bangalore,0,2680,0,0
TXN000207,275.35,12,Travel,Android,Hyderabad,1,2753,0,0
TXN000208,274.94,13,Other,Android,Chennai,0,2471,0,0
TXN000209,275.35,4,Entertainment,Android,Chennai,1,1168,0,0
TXN000210,15112.5,23,Food,Android,Chennai,0,1715,1,1
TXN000211,294.44,21,Food,Android,Mumbai,1,2822,0,0
TXN000212,579.8,22,Entertainment,Web,Bangalore,0,627,0,0
TXN000213,466.29,23,Entertainment,Android,Hyderabad,0,1593,0,0
TXN000214,324.3,5,Bills,Android,Mumbai,0,77,0,0
TXN000215,101.66,21,Shopping,Android,Hyderabad,0,217,0,0
TXN000216,368.99,5,Shopping,Android,Delhi,0,1649,0,0
TXN000217,58.71,20,Travel,Android,Delhi,0,1628,0,0
TXN000218,111.7,7,Other,iOS,Hyderabad,0,2591,0,0
TXN000219,82.89,12,Shopping,Android,Delhi,0,820,0,0
TXN000220,163.73,17,Travel,Web,Bangalore,0,2303,0,0
TXN000221,2386.52,22,Travel,Android,Bangalore,0,953,0,1
TXN000222,15.79,3,Food,Android,Mumbai,2,1811,0,0
TXN000223,338.16,16,Food,Android,Hyderabad,1,1259,0,0
TXN000224,21.43,4,Other,iOS,Mumbai,0,657,0,0
TXN000225,84.24,2,Bills,Android,Bangalore,0,2846,0,0
TXN000226,548.26,3,Entertainment,Android,Bangalore,1,1030,0,0
TXN000227,160.31,22,Entertainment,Android,Bangalore,0,1270,0,0
TXN000228,40.72,4,Other,Web,Chennai,0,485,0,0
TXN000229,62.91,13,Travel,Android,Delhi,0,1011,1,0
TXN000230,335.46,14,Other,Android,Mumbai,0,2970,1,0
TXN000231,61.78,19,Entertainment,Android,Mumbai,0,1796,1,0
TXN000232,192.43,16,Travel,Android,Bangalore,0,1552,0,0
TXN000233,156.76,5,Entertainment,Android,Chennai,0,2315,0,0
TXN000234,67.9,9,Bills,Android,Mumbai,0,1360,0,0
TXN000235,1944.45,21,Food,iOS,Pune,1,2839,1,1
TXN000236,317.57,22,Food,Android,Mumbai,0,1643,1,0
TXN000237,13.06,15,Travel,iOS,Chennai,0,2231,0,0
TXN000238,185.63,16,Other,iOS,Bangalore,1,2819,0,0
TXN000239,67.08,13,Entertainment,Android,Chennai,0,1150,0,0
TXN000240,412.78,19,Shopping,iOS,Delhi,0,681,0,0
TXN000241,57.34,11,Bills,iOS,Mumbai,0,1146,0,0
TXN000242,129.32,8,Entertainment,iOS,Delhi,0,681,0,0
TXN000243,272.05,14,Shopping,iOS,Mumbai,0,1082,0,0
TXN000244,419.43,11,Bills,iOS,Delhi,0,902,1,0
TXN000245,35.15,13,Bills,Android,Mumbai,0,1114,0,0
TXN000246,99.34,21,Food,iOS,Pune,0,2118,0,0
TXN000247,83.94,17,Travel,Android,Bangalore,1,2737,0,0
TXN000248,67.76,19,Entertainment,iOS,Pune,4,1867,0,0
TXN000249,1234.65,5,Bills,Android,Hyderabad,1,2836,0,1
TXN000250,241.28,3,Entertainment,iOS,Chennai,1,1723,0,0
TXN000251,32.69,22,Bills,Android,Mumbai,0,2372,0,0
TXN000252,446.5,11,Other,iOS,Chennai,1,1349,0,0
TXN000253,1894.27,12,Food,iOS,Mumbai,1,1232,0,1
TXN000254,512.32,18,Travel,iOS,Hyderabad,0,2335,0,0
TXN000255,23.97,21,Shopping,iOS,Bangalore,0,2807,0,0
TXN000256,83.01,12,Shopping,Android,Bangalore,0,1502,0,0
TXN000257,678.78,11,Other,iOS,Chennai,2,1049,0,0
TXN000258,63.48,19,Food,iOS,Pune,1,1317,0,0
TXN000259,252.8,2,Bills,iOS,Hyderabad,0,2364,0,0
TXN000260,375.99,2,Food,Web,Chennai,0,1604,0,0
TXN000261,48.8,13,Travel,Android,Bangalore,0,1241,0,0
TXN000262,138.18,17,Shopping,Android,Delhi,0,2319,0,0
TXN000263,3.04,18,Entertainment,Android,Chennai,0,1648,0,0
TXN000264,43.41,9,Shopping,iOS,Mumbai,0,2282,0,0
TXN000265,109.61,16,Travel,Android,Bangalore,0,685,0,0
TXN000266,33.2,14,Bills,iOS,Mumbai,0,2356,0,0
TXN000267,1052.47,18,Food,Android,Hyderabad,0,424,1,1
TXN000268,26.68,8,Shopping,iOS,Pune,1,501,1,0
TXN000269,87.53,3,Shopping,iOS,Pune,0,1430,0,0
TXN000270,173.62,14,Entertainment,Android,Bangalore,1,1747,0,0
TXN000271,836.75,18,Food,iOS,Bangalore,0,999,0,1
TXN000272,26.5,15,Entertainment,iOS,Pune,1,1046,0,0
TXN000273,599.32,7,Entertainment,Android,Chennai,0,1378,0,0
TXN000274,150.25,16,Bills,Android,Pune,0,86,0,0
TXN000275,45.7,20,Shopping,Android,Pune,0,493,0,0
TXN000276,258.4,0,Other,iOS,Chennai,0,991,0,0
TXN000277,188.46,6,Food,Android,Mumbai,0,631,0,0
TXN000278,72.22,20,Bills,Android,Chennai,1,545,0,0
TXN000279,161.38,17,Other,Android,Delhi,0,2810,0,0
TXN000280,93.47,11,Bills,Android,Bangalore,0,2733,0,0
TXN000281,170.07,15,Bills,iOS,Pune,1,51,0,0
TXN000282,328.51,0,Travel,iOS,Hyderabad,0,733,0,0
TXN000283,995.48,14,Travel,Android,Bangalore,0,355,0,1
TXN000284,33.6,6,Bills,iOS,Pune,0,1785,0,0
TXN000285,1919.15,16,Travel,iOS,Mumbai,0,936,0,1
TXN000286,14.26,2,Food,Android,Pune,0,2503,0,0
TXN000287,123.7,10,Shopping,Android,Chennai,0,1394,0,0
TXN000288,300.66,5,Other,iOS,Bangalore,0,759,0,0
TXN000289,207.93,5,Food,iOS,Chennai,0,68,0,0
TXN000290,70.3,14,Shopping,iOS,Pune,0,972,1,0
TXN000291,115.61,6,Travel,Android,Mumbai,0,59,1,0
TXN000292,82.14,10,Other,iOS,Chennai,0,2238,0,0
TXN000293,73.17,16,Food,iOS,Hyderabad,1,645,0,0
TXN000294,411.38,22,Entertainment,iOS,Pune,1,1723,0,0
TXN000295,227.79,17,Bills,Web,Mumbai,0,1986,0,0
TXN000296,64.62,21,Shopping,Web,Bangalore,1,2386,0,0
TXN000297,436.82,23,Shopping,iOS,Bangalore,0,1975,1,0
TXN000298,214.6,20,Entertainment,Android,Hyderabad,0,2211,0,0
TXN000299,393.64,18,Entertainment,iOS,Delhi,0,2643,0,0
TXN000300,315.94,7,Bills,Android,Chennai,1,1953,0,0
TXN000301,54.88,23,Travel,iOS,Pune,2,1388,0,0
TXN000302,75.78,19,Food,Android,Bangalore,0,65,0,0
TXN000303,363.85,7,Food,iOS,Pune,0,860,0,0
TXN000304,308.72,20,Food,Android,Hyderabad,0,1696,0,0
TXN000305,144.74,10,Travel,iOS,Chennai,0,109,0,0
TXN000306,170.85,20,Bills,Android,Mumbai,0,813,0,0
TXN000307,687.59,2,Food,Android,Pune,0,466,0,0
TXN000308,72.97,22,Shopping,iOS,Hyderabad,0,1173,0,0
TXN000309,286.15,13,Shopping,iOS,Mumbai,0,1187,0,0
TXN000310,116.44,8,Shopping,Android,Mumbai,0,434,0,0
TXN000311,114.29,0,Entertainment,Android,Mumbai,0,1770,0,0
TXN000312,554.76,0,Entertainment,Android,Chennai,1,294,0,0
TXN000313,399.61,11,Travel,iOS,Delhi,0,262,0,0
TXN000314,393.95,10,Food,Web,Pune,1,476,0,0
TXN000315,710.93,20,Entertainment,iOS,Mumbai,1,2504,0,0
TXN000316,152.2,0,Shopping,Android,Bangalore,0,997,0,0
TXN000317,336.41,19,Entertainment,Android,Chennai,0,1081,0,0
TXN000318,102.28,11,Shopping,Web,Chennai,0,1354,0,0
TXN000319,218.98,16,Food,Android,Mumbai,1,1623,0,0
TXN000320,126.95,14,Travel,iOS,Bangalore,0,1008,0,0
TXN000321,166.73,1,Bills,Android,Hyderabad,0,58,1,0
TXN000322,303.14,17,Bills,iOS,Chennai,0,1916,0,0
TXN000323,55.6,15,Shopping,iOS,Mumbai,0,2454,0,0
TXN000324,1827.79,3,Entertainment,Android,Pune,1,2003,1,1
TXN000325,44.38,7,Entertainment,iOS,Mumbai,0,62,0,0
TXN000326,34.57,1,Shopping,Android,Pune,1,989,0,0
TXN000327,595.7,13,Food,Android,Pune,0,649,0,0
TXN000328,383.75,14,Shopping,Android,Delhi,0,2977,0,0
TXN000329,313.86,8,Food,Android,Delhi,0,1325,0,0
TXN000330,315.45,1,Travel,Android,Hyderabad,0,2578,0,0
TXN000331,146.25,16,Travel,iOS,Hyderabad,0,928,1,0
TXN000332,50.57,9,Shopping,Android,Pune,0,2934,0,0
TXN000333,162.55,8,Travel,Android,Hyderabad,1,732,0,0
TXN000334,65.85,1,Entertainment,Android,Hyderabad,1,1971,0,0
TXN000335,478.25,23,Food,Android,Mumbai,0,2685,0,0
TXN000336,124.4,18,Bills,Android,Mumbai,1,2646,0,0
TXN000337,55.11,16,Bills,Android,Mumbai,0,759,0,0
TXN000338,100.92,10,Travel,iOS,Bangalore,0,2361,0,0
TXN000339,243.6,16,Food,Web,Pune,1,2757,0,0
TXN000340,75.45,9,Entertainment,iOS,Hyderabad,0,948,0,0
TXN000341,55.33,17,Bills,Android,Bangalore,0,2213,0,0
TXN000342,198.82,22,Entertainment,Web,Chennai,1,682,0,0
TXN000343,199.13,5,Entertainment,Android,Pune,0,918,0,0
TXN000344,80.78,15,Bills,Android,Chennai,1,1612,1,0
TXN000345,84.33,17,Bills,Android,Mumbai,0,2374,0,0
TXN000346,196.07,19,Travel,Android,Chennai,0,2784,0,0
TXN000347,26.11,17,Food,iOS,Mumbai,0,359,0,0
TXN000348,27.41,0,Shopping,Android,Pune,1,2525,1,0
TXN000349,62.67,2,Food,iOS,Pune,0,44,1,0
TXN000350,114.88,14,Shopping,Android,Hyderabad,0,2293,1,0
TXN000351,215.53,19,Bills,iOS,Bangalore,0,1754,0,0
TXN000352,871.68,9,Entertainment,iOS,Mumbai,0,1306,0,1
TXN000353,415.38,20,Food,Android,Delhi,0,359,0,0
TXN000354,122.5,4,Entertainment,iOS,Delhi,0,2641,0,0
TXN000355,145.06,14,Food,iOS,Hyderabad,2,2034,0,0
TXN000356,44.57,22,Other,iOS,Bangalore,1,1483,1,0
TXN000357,145.15,13,Food,iOS,Mumbai,0,1112,0,0
TXN000358,104.96,14,Entertainment,iOS,Hyderabad,0,2253,0,0
TXN000359,218.6,9,Other,Android,Bangalore,0,1427,0,0
TXN000360,55.0,23,Travel,iOS,Delhi,0,324,1,0
TXN000361,276.78,8,Bills,Android,Mumbai,0,1691,0,0
TXN000362,933.82,11,Travel,Android,Bangalore,1,1607,0,1
TXN000363,130.25,6,Travel,iOS,Chennai,0,2384,0,0
TXN000364,240.34,4,Food,Android,Mumbai,0,390,0,0
TXN000365,339.74,23,Bills,Android,Chennai,2,1819,0,0
TXN000366,91.7,9,Other,Android,Pune,0,1990,0,0
TXN000367,194.2,7,Food,Android,Pune,0,2647,0,0
TXN000368,150.67,21,Shopping,Android,Pune,1,668,0,0
TXN000369,166.87,19,Food,Web,Hyderabad,1,2593,0,0
TXN000370,58.7,15,Other,Android,Bangalore,0,2312,0,0
TXN000371,152.84,11,Entertainment,iOS,Pune,0,2510,0,0
TXN000372,269.78,8,Food,Android,Bangalore,3,416,0,0
TXN000373,846.72,9,Shopping,iOS,Bangalore,0,1085,0,1
TXN000374,469.24,15,Food,Web,Bangalore,1,1740,0,0
TXN000375,1966.12,9,Other,Android,Mumbai,1,1627,0,1
TXN000376,59.1,8,Shopping,iOS,Chennai,2,2303,0,0
TXN000377,422.75,2,Bills,Web,Chennai,0,2221,0,0
TXN000378,184.94,18,Other,iOS,Hyderabad,0,1505,0,0
TXN000379,2054.45,10,Food,Android,Pune,0,2095,0,1
TXN000380,56.26,5,Shopping,iOS,Hyderabad,0,2809,0,0
TXN000381,54.18,5,Other,iOS,Bangalore,0,2823,0,0
TXN000382,72.29,14,Bills,Android,Delhi,0,1443,0,0
TXN000383,11.6,14,Entertainment,Android,Delhi,0,776,1,0
TXN000384,78.97,12,Travel,Android,Bangalore,1,2439,0,0
TXN000385,59.68,21,Shopping,Android,Pune,1,350,0,0
TXN000386,177.77,4,Entertainment,iOS,Chennai,1,2669,0,0
TXN000387,223.66,13,Bills,Android,Hyderabad,1,2150,0,0
TXN000388,1410.08,20,Entertainment,Android,Mumbai,1,2012,0,1
TXN000389,464.29,1,Food,iOS,Delhi,0,878,0,0
TXN000390,74.27,22,Travel,Android,Hyderabad,1,2177,0,0
TXN000391,50.5,11,Shopping,Android,Delhi,0,1535,0,0
TXN000392,267.82,19,Other,Android,Chennai,0,285,0,0
TXN000393,30.44,13,Bills,Android,Chennai,0,1368,0,0
TXN000394,1336.42,18,Travel,Android,Bangalore,0,892,0,1
TXN000395,611.14,23,Bills,Android,Bangalore,0,2239,1,0
TXN000396,84.52,19,Entertainment,Android,Delhi,0,2370,0,0
TXN000397,19.0,14,Bills,iOS,Delhi,0,191,0,0
TXN000398,753.44,19,Bills,iOS,Hyderabad,0,2946,0,1
TXN000399,129.35,23,Entertainment,Android,Bangalore,2,1694,0,0
TXN000400,655.49,16,Entertainment,iOS,Chennai,2,1362,0,0
TXN000401,21.9,13,Travel,iOS,Pune,1,1627,0,0
TXN000402,72.29,22,Shopping,Android,Hyderabad,1,2300,0,0
TXN000403,149.35,17,Entertainment,Web,Hyderabad,0,2384,0,0
TXN000404,157.02,21,Travel,Web,Mumbai,1,43,0,0
TXN000405,86.48,23,Bills,Android,Pune,0,1663,0,0
TXN000406,313.38,4,Bills,Android,Chennai,0,600,0,0
TXN000407,41.22,21,Other,Android,Hyderabad,1,256,0,0
TXN000408,125.1,11,Food,Android,Pune,0,1512,0,0
TXN000409,171.46,9,Entertainment,Web,Mumbai,0,2222,0,0
TXN000410,275.15,7,Travel,Web,Pune,0,1698,0,0
TXN000411,348.6,5,Other,Android,Bangalore,0,2734,0,0
TXN000412,38.49,14,Travel,iOS,Chennai,2,815,0,0
TXN000413,23.55,11,Shopping,iOS,Bangalore,2,852,0,0
TXN000414,687.6,5,Other,Android,Mumbai,0,2560,1,0
TXN000415,221.14,11,Travel,iOS,Chennai,0,1612,0,0
TXN000416,60.45,14,Entertainment,Web,Delhi,0,462,0,0
TXN000417,954.69,11,Travel,Android,Delhi,1,2319,1,1
TXN000418,170.51,8,Food,Android,Delhi,1,2996,1,0
TXN000419,611.04,18,Bills,Android,Pune,1,2693,0,0
TXN000420,160.94,20,Bills,Android,Hyderabad,0,306,0,0
TXN000421,1759.7,1,Other,Android,Pune,0,1241,1,1
TXN000422,1219.76,12,Travel,Android,Pune,2,2763,0,1
TXN000423,110.08,12,Travel,Android,Pune,0,2177,0,0
TXN000424,476.22,7,Travel,iOS,Pune,0,551,0,0
TXN000425,321.97,12,Travel,Android,Delhi,1,1106,0,0
TXN000426,766.9,3,Food,Android,Hyderabad,1,676,0,1
TXN000427,46.62,5,Entertainment,iOS,Hyderabad,0,1339,0,0
TXN000428,338.07,5,Food,iOS,Mumbai,0,1914,0,0
TXN000429,528.54,20,Food,Android,Delhi,3,84,1,0
TXN000430,17.98,11,Food,Android,Chennai,0,2833,0,0
TXN000431,35.88,11,Bills,iOS,Pune,1,606,0,0
TXN000432,12.84,16,Food,Android,Hyderabad,0,1074,0,0
TXN000433,107.42,6,Travel,Android,Mumbai,0,2852,0,0
TXN000434,351.09,14,Food,Android,Hyderabad,0,865,1,0
TXN000435,900.39,23,Travel,Android,Chennai,0,2436,0,1
TXN000436,162.21,16,Other,Android,Chennai,2,172,0,0
TXN000437,1047.69,9,Entertainment,Android,Delhi,0,639,0,1
TXN000438,28.33,22,Bills,iOS,Hyderabad,0,386,0,0
TXN000439,19.22,19,Entertainment,iOS,Chennai,0,672,0,0
TXN000440,138.84,5,Other,Web,Bangalore,1,2529,0,0
TXN000441,235.3,8,Entertainment,Android,Chennai,0,76,1,0
TXN000442,142.7,14,Bills,Android,Chennai,1,2830,0,0
TXN000443,12.42,15,Travel,iOS,Hyderabad,0,456,1,0
TXN000444,133.36,20,Other,Android,Pune,0,897,0,0
TXN000445,31.02,7,Other,Android,Chennai,0,1592,0,0
TXN000446,331.49,15,Travel,Android,Mumbai,0,2977,0,0
TXN000447,230.42,4,Travel,Android,Pune,0,1601,0,0
TXN000448,48.05,17,Bills,Android,Chennai,1,2928,0,0
TXN000449,80.11,19,Food,Android,Bangalore,0,2943,0,0
TXN000450,41.64,13,Shopping,Web,Chennai,1,2925,0,0
TXN000451,137.66,1,Food,Android,Delhi,1,2769,0,0
TXN000452,466.93,22,Food,Web,Hyderabad,0,970,0,0
TXN000453,45.47,22,Entertainment,iOS,Bangalore,1,2565,0,0
TXN000454,271.74,2,Shopping,Android,Mumbai,0,1616,0,0
TXN000455,78.55,13,Travel,iOS,Chennai,2,701,0,0
TXN000456,57.31,6,Food,iOS,Chennai,0,2847,0,0
TXN000457,130.52,14,Bills,Android,Mumbai,0,558,0,0
TXN000458,42.85,16,Food,Android,Chennai,2,2249,0,0
TXN000459,76.37,0,Travel,Android,Delhi,0,1449,0,0
TXN000460,35.25,8,Food,iOS,Pune,1,595,0,0
TXN000461,1568.18,21,Other,Android,Pune,0,554,0,1
TXN000462,154.83,13,Entertainment,Android,Bangalore,0,993,0,0
TXN000463,64.09,15,Entertainment,Android,Chennai,0,1380,0,0
TXN000464,191.86,20,Food,Android,Mumbai,2,2835,0,0
TXN000465,129.7,12,Entertainment,Android,Mumbai,1,479,0,0
TXN000466,113.84,5,Bills,Android,Bangalore,1,812,0,0
TXN000467,310.13,21,Shopping,iOS,Delhi,1,1793,0,0
TXN000468,368.34,0,Food,iOS,Bangalore,0,2139,1,0
TXN000469,78.52,20,Bills,iOS,Chennai,1,1254,0,0
TXN000470,74.37,3,Other,iOS,Pune,1,2741,0,0
TXN000471,106.69,2,Bills,iOS,Delhi,0,1123,0,0
TXN000472,9.37,16,Bills,iOS,Delhi,1,1754,0,0
TXN000473,24.09,1,Other,Android,Mumbai,0,526,0,0
TXN000474,765.29,18,Travel,Web,Delhi,0,2916,0,1
TXN000475,1068.45,19,Food,Android,Chennai,0,237,0,1
TXN000476,110.07,22,Food,Android,Chennai,0,1518,0,0
TXN000477,296.45,21,Food,Android,Chennai,0,1531,0,0
TXN000478,215.62,7,Shopping,Android,Pune,0,2533,0,0
TXN000479,5970.92,14,Bills,iOS,Hyderabad,0,1184,0,1
TXN000480,568.78,5,Food,Android,Delhi,1,502,0,0
TXN000481,127.29,22,Entertainment,iOS,Delhi,0,2746,0,0
TXN000482,47.15,19,Travel,Android,Chennai,0,2131,0,0
TXN000483,21.59,1,Other,Android,Mumbai,0,1809,0,0
TXN000484,189.46,14,Other,Android,Pune,0,1443,1,0
TXN000485,59.88,19,Shopping,iOS,Delhi,0,918,0,0
TXN000486,26.93,11,Other,iOS,Hyderabad,2,2292,0,0
TXN000487,68.31,2,Travel,Android,Delhi,0,2063,0,0
TXN000488,40.53,9,Bills,Android,Bangalore,0,40,0,0
TXN000489,1123.91,13,Other,Web,Hyderabad,0,2531,0,1
TXN000490,427.51,21,Other,Android,Mumbai,1,440,0,0
TXN000491,147.0,13,Entertainment,Android,Hyderabad,0,2808,0,0
TXN000492,876.5,2,Bills,Android,Hyderabad,1,1770,0,1
TXN000493,162.85,0,Food,Android,Delhi,0,2661,0,0
TXN000494,52.8,19,Travel,Android,Hyderabad,0,138,0,0
TXN000495,923.11,0,Other,Android,Chennai,1,56,1,1
TXN000496,283.35,1,Entertainment,iOS,Pune,1,1469,0,0
TXN000497,42.75,18,Travel,iOS,Hyderabad,0,2426,0,0
TXN000498,118.11,23,Shopping,iOS,Delhi,0,1035,0,0
TXN000499,51.9,9,Entertainment,Android,Chennai,0,1342,0,0
TXN000500,28.24,3,Shopping,iOS,Mumbai,0,2594,1,0
TXN000501,450.98,3,Other,iOS,Bangalore,1,1041,0,0
TXN000502,1467.48,12,Entertainment,Web,Hyderabad,1,1706,0,1
TXN000503,27.71,8,Food,Android,Chennai,0,2302,0,0
TXN000504,291.65,6,Travel,Android,Chennai,0,2427,0,0
TXN000505,67.98,15,Travel,iOS,Mumbai,0,1939,0,0
TXN000506,82.72,17,Bills,Web,Mumbai,0,1142,0,0
TXN000507,72.9,2,Entertainment,Web,Bangalore,1,2723,0,0
TXN000508,52.63,19,Entertainment,iOS,Bangalore,0,1156,0,0
TXN000509,157.31,19,Shopping,Android,Delhi,0,359,0,0
TXN000510,54.75,9,Entertainment,Android,Bangalore,0,1985,0,0
TXN000511,205.32,23,Travel,Web,Bangalore,2,1178,0,0
TXN000512,139.73,21,Entertainment,Android,Chennai,1,2160,0,0
TXN000513,111.42,15,Bills,Android,Hyderabad,0,296,0,0
TXN000514,49.95,2,Bills,Web,Hyderabad,0,1414,0,0
TXN000515,74.28,10,Travel,Android,Pune,1,1110,0,0
TXN000516,367.41,9,Travel,iOS,Bangalore,0,2876,0,0
TXN000517,270.72,15,Travel,iOS,Pune,0,2264,0,0
TXN000518,45.92,7,Entertainment,Android,Pune,0,2556,0,0
TXN000519,167.2,8,Entertainment,Android,Delhi,0,2763,0,0
TXN000520,365.65,14,Food,Android,Delhi,1,1900,0,0
TXN000521,20.02,20,Other,iOS,Hyderabad,2,1540,1,0
TXN000522,284.87,2,Other,Android,Mumbai,0,2475,0,0
TXN000523,67.01,3,Shopping,Android,Chennai,0,892,0,0
TXN000524,294.33,12,Entertainment,Web,Bangalore,0,550,0,0
TXN000525,59.39,11,Food,Android,Chennai,0,1574,0,0
TXN000526,17.02,20,Food,Android,Bangalore,1,2190,0,0
TXN000527,21.05,8,Bills,Android,Bangalore,1,151,0,0
TXN000528,157.23,13,Entertainment,Android,Pune,0,2066,0,0
TXN000529,202.69,18,Food,Web,Hyderabad,0,415,0,0
TXN000530,50.14,6,Bills,Android,Chennai,0,813,0,0
TXN000531,319.36,15,Shopping,Android,Chennai,0,948,0,0
TXN000532,20.21,21,Bills,iOS,Mumbai,0,2459,0,0
TXN000533,137.1,19,Shopping,iOS,Mumbai,0,185,0,0
TXN000534,34.7,4,Other,Android,Chennai,0,1628,1,0
TXN000535,67.88,9,Other,iOS,Mumbai,1,2458,0,0
TXN000536,157.1,17,Travel,iOS,Mumbai,1,1710,0,0
TXN000537,52.85,10,Travel,Android,Bangalore,0,1985,0,0
TXN000538,93.55,6,Bills,iOS,Hyderabad,2,2466,0,0
TXN000539,496.48,13,Travel,Web,Bangalore,0,1076,0,0
TXN000540,74.27,19,Entertainment,Android,Pune,0,816,0,0
TXN000541,404.57,17,Bills,iOS,Mumbai,0,1864,0,0
TXN000542,38.26,10,Food,Web,Bangalore,0,257,0,0
TXN000543,280.27,21,Entertainment,iOS,Bangalore,1,1816,0,0
TXN000544,837.05,11,Bills,Android,Delhi,0,2665,0,1
TXN000545,7.64,17,Other,Android,Bangalore,0,743,0,0
TXN000546,57.04,1,Shopping,iOS,Bangalore,1,2708,0,0
TXN000547,296.63,22,Travel,Android,Hyderabad,1,2841,0,0
TXN000548,116.32,0,Travel,Web,Chennai,1,2711,0,0
TXN000549,231.68,22,Travel,Android,Delhi,1,203,0,0
TXN000550,71.9,9,Bills,Android,Delhi,1,1428,0,0
TXN000551,164.66,20,Entertainment,iOS,Delhi,0,2464,0,0
TXN000552,123.12,0,Shopping,Android,Pune,0,2757,1,0
TXN000553,602.65,5,Travel,Android,Delhi,1,372,0,0
TXN000554,201.4,6,Entertainment,Android,Hyderabad,0,1177,0,0
TXN000555,222.54,16,Food,iOS,Chennai,0,769,0,0
TXN000556,90.54,8,Other,iOS,Pune,0,2410,0,0
TXN000557,82.67,6,Food,iOS,Hyderabad,0,1507,0,0
TXN000558,88.32,16,Shopping,Android,Delhi,0,735,0,0
TXN000559,238.26,2,Travel,Android,Chennai,0,2530,0,0
TXN000560,89.55,15,Food,iOS,Hyderabad,0,2156,0,0
TXN000561,210.13,4,Other,Web,Chennai,0,2085,0,0
TXN000562,1790.91,19,Entertainment,Android,Pune,0,1919,0,1
TXN000563,422.15,17,Entertainment,iOS,Hyderabad,0,596,0,0
TXN000564,100.36,0,Food,Android,Chennai,0,2626,0,0
TXN000565,627.32,3,Travel,Android,Hyderabad,0,741,0,0
TXN000566,90.95,22,Other,iOS,Delhi,1,2347,0,0
TXN000567,12.86,10,Shopping,Android,Delhi,1,2509,0,0
TXN000568,44.27,19,Travel,Android,Delhi,1,630,0,0
TXN000569,15.72,8,Bills,Android,Pune,0,2303,1,0
TXN000570,97.34,7,Food,Android,Hyderabad,0,1725,0,0
TXN000571,151.73,7,Bills,iOS,Chennai,1,1473,0,0
TXN000572,1109.57,4,Food,Android,Chennai,0,2060,0,1
TXN000573,219.71,11,Shopping,iOS,Mumbai,0,2412,0,0
TXN000574,114.1,0,Travel,Android,Bangalore,2,151,0,0
TXN000575,401.53,14,Other,iOS,Delhi,1,505,0,0
TXN000576,10.45,17,Travel,Android,Delhi,1,815,0,0
TXN000577,196.91,5,Food,iOS,Delhi,0,266,0,0
TXN000578,374.29,9,Entertainment,iOS,Mumbai,0,2856,0,0
TXN000579,25.17,13,Bills,Web,Mumbai,2,1697,0,0
TXN000580,585.52,20,Other,Web,Mumbai,0,411,0,0
TXN000581,222.78,7,Other,Android,Delhi,0,418,0,0
TXN000582,90.17,2,Travel,Android,Chennai,0,1500,0,0
TXN000583,317.14,21,Travel,iOS,Delhi,2,723,0,0
TXN000584,2263.87,21,Food,iOS,Mumbai,0,490,0,1
TXN000585,184.61,18,Entertainment,Android,Mumbai,1,139,0,0
TXN000586,199.91,11,Bills,Android,Bangalore,0,243,0,0
TXN000587,85.52,11,Entertainment,iOS,Hyderabad,0,2540,0,0
TXN000588,53.53,14,Other,Web,Bangalore,1,614,0,0
TXN000589,401.98,6,Entertainment,Web,Bangalore,1,544,0,0
TXN000590,53.13,3,Food,Android,Delhi,0,2079,0,0
TXN000591,161.72,20,Entertainment,Android,Hyderabad,0,239,0,0
TXN000592,83.66,8,Bills,Android,Hyderabad,1,2901,0,0
TXN000593,263.69,21,Other,Android,Delhi,0,87,1,0
TXN000594,221.49,15,Shopping,iOS,Chennai,3,513,0,0
TXN000595,515.45,12,Other,iOS,Pune,0,1782,1,0
TXN000596,80.48,3,Shopping,Android,Delhi,1,1166,0,0
TXN000597,107.36,23,Bills,Android,Chennai,0,514,0,0
TXN000598,45.85,8,Other,Android,Chennai,0,100,0,0
TXN000599,87.08,20,Other,Web,Hyderabad,0,1536,0,0
TXN000600,233.4,17,Other,Android,Delhi,0,1667,0,0
TXN000601,368.11,14,Other,Android,Delhi,1,1098,0,0
TXN000602,49.08,14,Food,iOS,Hyderabad,1,2733,0,0
TXN000603,421.38,5,Travel,iOS,Bangalore,0,1795,0,0
TXN000604,755.04,10,Other,Web,Delhi,0,2619,0,1
TXN000605,243.74,7,Food,Android,Pune,1,1858,0,0
TXN000606,1411.14,20,Bills,Android,Pune,2,2863,0,1
TXN000607,58.64,16,Other,Android,Mumbai,0,1257,0,0
TXN000608,33.33,23,Entertainment,Web,Mumbai,0,505,0,0
TXN000609,17.56,16,Other,iOS,Delhi,1,601,1,0
TXN000610,893.6,23,Other,iOS,Chennai,0,1496,0,1
TXN000611,325.46,17,Shopping,Android,Pune,0,2824,0,0
TXN000612,138.84,3,Entertainment,iOS,Pune,1,1300,0,0
TXN000613,207.67,14,Other,Android,Hyderabad,0,621,0,0
TXN000614,38.45,1,Other,Android,Pune,0,1603,0,0
TXN000615,2793.09,1,Other,Android,Chennai,1,678,1,1
TXN000616,173.31,9,Food,iOS,Mumbai,0,495,0,0
TXN000617,169.23,2,Bills,Android,Mumbai,0,254,0,0
TXN000618,354.58,7,Shopping,iOS,Hyderabad,0,2319,0,0
TXN000619,264.33,19,Other,iOS,Mumbai,0,1776,1,0
TXN000620,194.16,6,Bills,Android,Bangalore,0,587,1,0
TXN000621,57.48,11,Shopping,iOS,Mumbai,0,2761,0,0
TXN000622,261.32,18,Shopping,Android,Pune,0,1607,0,0
TXN000623,1420.02,14,Shopping,Android,Chennai,0,2569,0,1
TXN000624,745.83,13,Other,iOS,Chennai,1,482,0,1
TXN000625,1004.08,15,Food,iOS,Bangalore,0,2612,0,1
TXN000626,80.36,13,Other,Android,Chennai,0,2576,0,0
TXN000627,45.26,2,Other,iOS,Chennai,0,1927,0,0
TXN000628,127.62,17,Bills,iOS,Chennai,1,2879,0,0
TXN000629,158.68,21,Travel,Android,Delhi,0,771,1,0
TXN000630,551.71,5,Travel,Android,Bangalore,2,1971,0,0
TXN000631,19.47,16,Travel,iOS,Bangalore,0,738,0,0
TXN000632,930.26,22,Bills,Android,Mumbai,1,222,0,1
TXN000633,122.78,13,Entertainment,iOS,Pune,0,183,0,0
TXN000634,88.92,13,Bills,iOS,Bangalore,0,495,0,0
TXN000635,44.06,19,Shopping,Android,Hyderabad,1,596,0,0
TXN000636,20.37,12,Other,Web,Bangalore,1,2844,0,0
TXN000637,398.54,2,Entertainment,Android,Hyderabad,0,1503,0,0
TXN000638,162.06,12,Shopping,Web,Chennai,0,2156,0,0
TXN000639,31.56,23,Other,Android,Pune,0,40,0,0
TXN000640,31.37,1,Other,iOS,Hyderabad,0,599,0,0
TXN000641,99.19,8,Shopping,Android,Pune,1,1034,0,0
TXN000642,1099.74,12,Bills,iOS,Pune,0,2316,0,1
TXN000643,108.69,7,Travel,Android,Delhi,0,839,0,0
TXN000644,24.44,15,Entertainment,Android,Pune,1,878,0,0
TXN000645,110.51,23,Other,Android,Chennai,0,2274,1,0
TXN000646,106.99,2,Food,iOS,Hyderabad,0,2238,0,0
TXN000647,5.83,12,Other,Android,Pune,1,528,0,0
TXN000648,139.05,3,Travel,iOS,Chennai,0,2249,0,0
TXN000649,112.49,17,Other,iOS,Delhi,0,2934,0,0
TXN000650,342.22,1,Food,Web,Chennai,2,1188,0,0
TXN000651,1364.78,19,Bills,Android,Chennai,0,2303,0,1
TXN000652,573.57,21,Other,iOS,Bangalore,1,1938,0,0
TXN000653,107.48,20,Entertainment,Android,Mumbai,0,1873,0,0
TXN000654,39.34,14,Bills,iOS,Hyderabad,0,61,0,0
TXN000655,3255.27,16,Food,iOS,Mumbai,0,324,0,1
TXN000656,159.34,9,Shopping,Android,Delhi,1,1643,0,0
TXN000657,150.91,0,Other,Android,Delhi,0,1585,0,0
TXN000658,144.18,5,Bills,Android,Chennai,0,1581,0,0
TXN000659,188.24,2,Other,Android,Mumbai,1,1211,0,0
TXN000660,124.81,18,Entertainment,Web,Hyderabad,0,1158,0,0
TXN000661,74.56,6,Other,Android,Hyderabad,1,755,0,0
TXN000662,77.0,12,Bills,Web,Chennai,1,615,0,0
TXN000663,142.69,12,Travel,Android,Hyderabad,0,2661,0,0
TXN000664,77.32,16,Bills,Web,Bangalore,0,762,0,0
TXN000665,63.09,0,Food,iOS,Mumbai,0,363,0,0
TXN000666,168.63,13,Bills,iOS,Delhi,2,1768,0,0
TXN000667,109.29,2,Entertainment,Android,Hyderabad,0,2814,0,0
TXN000668,902.16,13,Bills,iOS,Hyderabad,1,391,0,1
TXN000669,6.16,23,Bills,Android,Hyderabad,0,959,0,0
TXN000670,549.94,0,Entertainment,Android,Chennai,1,964,0,0
TXN000671,662.02,15,Bills,iOS,Delhi,0,1102,0,0
TXN000672,12.33,9,Entertainment,iOS,Mumbai,0,519,0,0
TXN000673,98.37,12,Food,Android,Hyderabad,0,162,0,0
TXN000674,95.04,3,Entertainment,Android,Bangalore,1,902,0,0
TXN000675,27.41,8,Food,iOS,Pune,0,328,0,0
TXN000676,58.36,13,Food,Android,Chennai,0,2636,0,0
TXN000677,39.15,3,Entertainment,Android,Mumbai,0,1752,0,0
TXN000678,1215.27,9,Bills,iOS,Hyderabad,0,1995,0,1
TXN000679,456.15,7,Other,Android,Mumbai,1,1877,0,0
TXN000680,682.57,22,Travel,iOS,Chennai,1,1207,0,0
TXN000681,352.84,2,Other,iOS,Pune,0,223,0,0
TXN000682,38.29,22,Entertainment,iOS,Bangalore,1,2475,0,0
TXN000683,79.09,6,Bills,Android,Hyderabad,0,2513,0,0
TXN000684,267.0,9,Food,iOS,Bangalore,0,2681,0,0
TXN000685,34.24,2,Shopping,Android,Chennai,0,2465,0,0
TXN000686,349.18,1,Travel,Android,Bangalore,1,2720,0,0
TXN000687,111.23,14,Other,Android,Chennai,1,2412,0,0
TXN000688,94.65,8,Bills,iOS,Pune,0,1459,0,0
TXN000689,348.33,14,Travel,iOS,Bangalore,3,397,0,0
TXN000690,252.93,16,Shopping,Android,Mumbai,0,2639,0,0
TXN000691,96.24,6,Shopping,Android,Mumbai,0,767,0,0
TXN000692,596.57,19,Shopping,Android,Chennai,0,2586,0,0
TXN000693,40.56,17,Other,Android,Mumbai,0,2773,0,0
TXN000694,310.79,14,Entertainment,iOS,Pune,1,1919,0,0
TXN000695,302.39,17,Travel,iOS,Bangalore,0,557,0,0
TXN000696,102.36,23,Entertainment,Web,Bangalore,0,2177,0,0
TXN000697,219.5,22,Shopping,Web,Hyderabad,1,1492,0,0
TXN000698,33.07,11,Bills,iOS,Chennai,0,307,0,0
TXN000699,449.81,22,Shopping,Android,Mumbai,0,1431,0,0
TXN000700,118.88,20,Entertainment,Android,Pune,0,1341,0,0
TXN000701,79.26,7,Shopping,Android,Chennai,0,457,0,0
TXN000702,522.6,1,Shopping,Android,Mumbai,0,1646,0,0
TXN000703,63.74,1,Entertainment,iOS,Hyderabad,0,358,0,0
TXN000704,27.38,4,Entertainment,Web,Bangalore,0,1053,0,0
TXN000705,22.92,0,Bills,iOS,Bangalore,0,793,1,0
TXN000706,307.11,21,Entertainment,Android,Pune,0,2769,0,0
TXN000707,31.93,3,Bills,Android,Delhi,1,62,1,0
TXN000708,1218.96,5,Food,iOS,Chennai,0,2197,0,1
TXN000709,12.2,22,Food,iOS,Mumbai,1,415,0,0
TXN000710,1136.54,12,Entertainment,Android,Delhi,0,43,0,1
TXN000711,191.18,18,Shopping,iOS,Chennai,1,2690,0,0
TXN000712,132.15,10,Travel,iOS,Mumbai,2,2814,0,0
TXN000713,77.18,12,Shopping,Android,Hyderabad,0,2398,0,0
TXN000714,239.6,7,Entertainment,Android,Chennai,0,115,0,0
TXN000715,141.86,6,Bills,iOS,Mumbai,0,2619,1,0
TXN000716,557.78,12,Shopping,iOS,Bangalore,1,1117,0,0
TXN000717,170.22,0,Food,Android,Chennai,0,1854,0,0
TXN000718,177.75,5,Other,iOS,Mumbai,0,109,0,0
TXN000719,95.93,6,Entertainment,iOS,Pune,0,423,1,0
TXN000720,138.61,15,Shopping,iOS,Bangalore,0,696,0,0
TXN000721,214.73,14,Other,Android,Bangalore,0,1951,0,0
TXN000722,19.06,19,Shopping,Web,Delhi,1,1403,0,0
TXN000723,29.43,1,Bills,Android,Mumbai,0,2955,0,0
TXN000724,362.1,22,Bills,iOS,Delhi,0,2288,0,0
TXN000725,182.19,15,Bills,iOS,Pune,0,2480,0,0
TXN000726,119.01,16,Other,Android,Delhi,0,2344,0,0
TXN000727,151.73,23,Travel,Android,Hyderabad,0,1105,0,0
TXN000728,225.22,14,Other,iOS,Delhi,0,2715,0,0
TXN000729,77.66,2,Entertainment,iOS,Delhi,0,61,1,0
TXN000730,58.33,3,Entertainment,Android,Hyderabad,0,1050,0,0
TXN000731,187.73,11,Food,Android,Hyderabad,1,1389,0,0
TXN000732,45.88,4,Food,Android,Chennai,1,2030,1,0
TXN000733,242.23,16,Entertainment,Android,Delhi,1,1850,0,0
TXN000734,19.24,5,Shopping,Web,Bangalore,0,497,1,0
TXN000735,510.29,9,Entertainment,iOS,Hyderabad,1,321,0,0
TXN000736,261.68,21,Travel,Web,Mumbai,1,629,0,0
TXN000737,201.79,17,Food,Android,Chennai,0,200,0,0
TXN000738,482.62,9,Food,iOS,Chennai,0,2445,1,0
TXN000739,1095.07,5,Other,Android,Delhi,1,2385,0,1
TXN000740,501.32,23,Food,iOS,Pune,0,2145,0,0
TXN000741,16.3,5,Entertainment,Android,Bangalore,1,1136,1,0
TXN000742,31.96,19,Food,Android,Pune,0,205,0,0
TXN000743,70.12,14,Food,iOS,Pune,0,2960,0,0
TXN000744,153.13,3,Other,Android,Hyderabad,0,949,0,0
TXN000745,276.22,15,Entertainment,iOS,Mumbai,0,2969,0,0
TXN000746,62.12,21,Shopping,iOS,Delhi,0,1947,0,0
TXN000747,185.7,23,Food,iOS,Bangalore,0,141,0,0
TXN000748,59.95,7,Food,Web,Delhi,0,1822,0,0
TXN000749,71.25,6,Food,Android,Delhi,1,384,0,0
TXN000750,27.44,18,Travel,Android,Chennai,0,1823,0,0
TXN000751,49.01,16,Entertainment,iOS,Pune,0,220,0,0
TXN000752,29.31,20,Food,iOS,Mumbai,1,2339,0,0
TXN000753,46.01,12,Travel,Android,Mumbai,1,2693,1,0
TXN000754,525.51,14,Shopping,iOS,Mumbai,0,1777,0,0
TXN000755,47.5,1,Shopping,Android,Mumbai,0,1392,0,0
TXN000756,3494.2,9,Other,Android,Hyderabad,0,2765,1,1
TXN000757,268.27,12,Other,Android,Hyderabad,0,954,0,0
TXN000758,185.27,17,Other,Android,Mumbai,0,2197,0,0
TXN000759,52.98,22,Travel,Android,Bangalore,0,966,0,0
TXN000760,343.91,10,Shopping,Android,Hyderabad,0,2461,0,0
TXN000761,74.38,12,Other,Android,Hyderabad,1,358,0,0
TXN000762,171.81,18,Bills,Android,Bangalore,0,2949,0,0
TXN000763,3203.83,23,Other,Android,Mumbai,0,794,1,1
TXN000764,132.25,23,Shopping,iOS,Delhi,0,802,0,0
TXN000765,589.41,21,Bills,Android,Hyderabad,0,2162,0,0
TXN000766,63.83,4,Travel,Android,Delhi,1,2094,0,0
TXN000767,142.31,2,Bills,Android,Delhi,0,1589,0,0
TXN000768,1242.6,18,Shopping,Android,Bangalore,0,413,0,1
TXN000769,69.94,22,Food,Android,Mumbai,0,1677,1,0
TXN000770,1306.28,12,Bills,Android,Pune,1,2159,0,1
TXN000771,346.99,4,Shopping,iOS,Delhi,3,1571,1,0
TXN000772,75.57,11,Other,iOS,Mumbai,0,2873,0,0
TXN000773,317.0,13,Food,Web,Chennai,0,2183,0,0
TXN000774,476.78,5,Travel,Android,Pune,1,1713,0,0
TXN000775,312.99,21,Travel,Android,Pune,2,2966,0,0
TXN000776,22.55,8,Entertainment,Android,Pune,0,176,0,0
TXN000777,62.02,16,Travel,iOS,Mumbai,0,2351,0,0
TXN000778,110.28,7,Entertainment,Android,Bangalore,0,1754,0,0
TXN000779,135.73,12,Travel,Android,Bangalore,0,2588,0,0
TXN000780,312.56,4,Travel,Android,Chennai,2,764,0,0
TXN000781,183.69,21,Travel,iOS,Bangalore,0,67,1,0
TXN000782,29.89,21,Entertainment,Web,Mumbai,0,2004,1,0
TXN000783,234.21,16,Other,Web,Pune,0,600,0,0
TXN000784,308.8,2,Entertainment,Android,Mumbai,0,1777,0,0
TXN000785,290.54,5,Bills,Android,Pune,0,689,0,0
TXN000786,542.91,13,Shopping,iOS,Mumbai,2,2159,0,0
TXN000787,403.71,14,Shopping,Android,Bangalore,0,1449,0,0
TXN000788,257.5,13,Other,Android,Mumbai,0,910,1,0
TXN000789,136.43,10,Shopping,iOS,Hyderabad,1,878,0,0
TXN000790,20.22,10,Travel,iOS,Pune,0,2864,0,0
TXN000791,248.52,8,Other,Web,Pune,0,1302,0,0
TXN000792,190.42,5,Shopping,iOS,Chennai,0,794,0,0
TXN000793,205.59,14,Entertainment,Android,Hyderabad,2,2360,0,0
TXN000794,32.07,11,Bills,Android,Mumbai,1,2063,0,0
TXN000795,40.56,5,Food,iOS,Bangalore,0,1735,0,0
TXN000796,525.2,0,Bills,iOS,Chennai,1,281,0,0
TXN000797,141.53,15,Shopping,iOS,Hyderabad,0,1035,0,0
TXN000798,336.23,19,Other,Web,Mumbai,1,1425,0,0
TXN000799,153.54,14,Shopping,iOS,Bangalore,0,1354,0,0
TXN000800,153.81,1,Entertainment,Android,Mumbai,0,1377,0,0
TXN000801,457.57,16,Bills,iOS,Pune,0,737,0,0
TXN000802,79.9,2,Entertainment,iOS,Hyderabad,0,949,0,0
TXN000803,166.56,2,Entertainment,Android,Hyderabad,0,884,0,0
TXN000804,85.22,4,Food,Android,Chennai,0,2113,0,0
TXN000805,88.11,16,Entertainment,iOS,Bangalore,2,1283,0,0
TXN000806,102.41,22,Entertainment,Android,Delhi,1,1698,0,0
TXN000807,193.75,16,Food,iOS,Mumbai,1,1218,0,0
TXN000808,83.55,19,Travel,Android,Bangalore,0,1592,0,0
TXN000809,669.75,5,Travel,Web,Delhi,0,1660,1,0
TXN000810,50.73,0,Other,Android,Bangalore,1,2979,0,0
TXN000811,118.6,6,Food,Android,Mumbai,0,1181,0,0
TXN000812,87.56,14,Other,Android,Mumbai,0,541,1,0
TXN000813,842.5,6,Other,Android,Chennai,0,2835,1,1
TXN000814,187.89,18,Entertainment,Android,Hyderabad,0,307,0,0
TXN000815,511.94,19,Other,Android,Hyderabad,0,360,0,0
TXN000816,24.96,21,Shopping,iOS,Hyderabad,0,2437,0,0
TXN000817,204.48,10,Bills,Android,Chennai,0,900,0,0
TXN000818,431.62,22,Shopping,iOS,Hyderabad,0,1493,0,0
TXN000819,163.82,13,Shopping,iOS,Bangalore,2,2179,0,0
TXN000820,533.03,12,Entertainment,iOS,Hyderabad,2,406,0,0
TXN000821,79.78,19,Bills,Android,Hyderabad,2,1309,0,0
TXN000822,805.3,8,Other,iOS,Pune,0,2666,0,1
TXN000823,2341.81,8,Bills,Android,Mumbai,0,2851,0,1
TXN000824,96.02,15,Other,iOS,Chennai,0,851,0,0
TXN000825,86.96,11,Travel,iOS,Chennai,1,31,0,0
TXN000826,849.0,9,Food,Android,Hyderabad,2,1893,0,1
TXN000827,987.81,5,Entertainment,Android,Pune,0,1912,0,1
TXN000828,79.25,17,Other,Android,Delhi,0,157,0,0
TXN000829,89.64,1,Other,Android,Mumbai,1,2003,0,0
TXN000830,105.83,19,Bills,iOS,Hyderabad,1,1508,0,0
TXN000831,29.57,8,Entertainment,iOS,Delhi,0,972,0,0
TXN000832,49.28,18,Other,Android,Bangalore,0,2429,1,0
TXN000833,44.48,5,Travel,iOS,Pune,0,2119,0,0
TXN000834,59.07,1,Shopping,Web,Pune,1,1408,0,0
TXN000835,142.36,14,Other,iOS,Mumbai,0,288,0,0
TXN000836,196.58,16,Bills,Android,Pune,0,1263,0,0
TXN000837,953.94,15,Travel,iOS,Chennai,0,66,0,1
TXN000838,44.79,20,Entertainment,Android,Delhi,0,2099,0,0
TXN000839,483.57,7,Other,iOS,Hyderabad,0,1214,0,0
TXN000840,114.8,9,Travel,Android,Delhi,0,1795,0,0
TXN000841,139.86,9,Travel,Android,Chennai,1,2436,0,0
TXN000842,333.55,17,Travel,iOS,Bangalore,0,1908,0,0
TXN000843,38.58,9,Travel,Android,Delhi,2,859,0,0
TXN000844,234.84,8,Travel,iOS,Hyderabad,1,1338,0,0
TXN000845,181.23,23,Travel,Android,Delhi,0,1887,0,0
TXN000846,267.99,18,Food,iOS,Pune,1,1946,0,0
TXN000847,209.98,0,Entertainment,Android,Bangalore,1,2383,1,0
TXN000848,2825.27,3,Shopping,Android,Delhi,1,43,1,1
TXN000849,69.04,23,Entertainment,iOS,Bangalore,0,77,0,0
TXN000850,78.48,2,Bills,Android,Bangalore,0,1295,0,0
TXN000851,70.26,9,Bills,Android,Mumbai,0,1939,0,0
TXN000852,76.21,11,Entertainment,iOS,Mumbai,0,1764,0,0
TXN000853,69.07,17,Travel,iOS,Hyderabad,0,1151,0,0
TXN000854,618.2,22,Food,Android,Hyderabad,0,845,0,0
TXN000855,816.16,19,Shopping,iOS,Hyderabad,0,1179,0,1
TXN000856,74.82,5,Other,Android,Bangalore,0,2237,0,0
TXN000857,54.66,20,Other,Android,Bangalore,0,1318,1,0
TXN000858,261.31,1,Travel,Android,Mumbai,0,1300,0,0
TXN000859,76.5,9,Entertainment,Android,Pune,0,2048,0,0
TXN000860,317.2,1,Other,Web,Bangalore,0,2262,0,0
TXN000861,189.33,8,Entertainment,Android,Mumbai,0,2544,0,0
TXN000862,24.07,9,Food,iOS,Delhi,0,1623,0,0
TXN000863,950.52,1,Food,iOS,Hyderabad,0,1749,0,1
TXN000864,1280.56,7,Entertainment,Web,Hyderabad,0,2860,0,1
TXN000865,71.14,23,Travel,Android,Chennai,0,2708,0,0
TXN000866,93.2,16,Travel,iOS,Pune,0,764,0,0
TXN000867,209.15,16,Travel,Web,Mumbai,0,1936,0,0
TXN000868,221.71,3,Other,Android,Chennai,0,1292,0,0
TXN000869,327.1,17,Shopping,Android,Hyderabad,3,587,1,0
TXN000870,1656.14,11,Shopping,Android,Chennai,0,1282,0,1
TXN000871,120.02,16,Travel,iOS,Delhi,1,2404,0,0
TXN000872,56.94,8,Entertainment,iOS,Chennai,0,95,0,0
TXN000873,28.36,18,Food,Android,Delhi,0,2390,0,0
TXN000874,61.74,13,Bills,iOS,Hyderabad,0,319,0,0
TXN000875,142.63,13,Food,Android,Bangalore,0,2304,0,0
TXN000876,1278.53,16,Food,iOS,Mumbai,2,204,0,1
TXN000877,79.75,1,Bills,Android,Chennai,1,1118,0,0
TXN000878,194.13,7,Travel,iOS,Pune,0,876,0,0
TXN000879,145.52,4,Food,Android,Delhi,1,2839,0,0
TXN000880,617.74,6,Bills,Android,Pune,0,2347,0,0
TXN000881,3078.87,21,Other,iOS,Hyderabad,0,2259,0,1
TXN000882,78.49,15,Entertainment,Android,Pune,0,2983,0,0
TXN000883,82.49,15,Entertainment,Android,Pune,0,864,0,0
TXN000884,519.57,16,Entertainment,Web,Hyderabad,1,2417,0,0
TXN000885,336.39,21,Travel,Android,Bangalore,0,2973,0,0
TXN000886,1361.1,6,Food,iOS,Pune,0,916,0,1
TXN000887,299.08,19,Food,Android,Pune,2,1949,0,0
TXN000888,96.43,7,Shopping,Android,Pune,0,888,0,0
TXN000889,301.5,7,Entertainment,Android,Hyderabad,0,2830,0,0
TXN000890,561.41,22,Travel,Web,Pune,0,1169,0,0
TXN000891,397.26,10,Bills,Android,Hyderabad,1,1804,0,0
TXN000892,272.8,14,Travel,iOS,Bangalore,1,1064,0,0
TXN000893,533.79,17,Food,Web,Hyderabad,0,2976,0,0
TXN000894,603.75,5,Entertainment,Android,Pune,0,196,0,0
TXN000895,779.45,21,Shopping,iOS,Delhi,0,2039,1,1
TXN000896,323.26,11,Other,iOS,Pune,0,2640,0,0
TXN000897,121.44,14,Travel,Android,Chennai,0,1853,0,0
TXN000898,176.98,22,Shopping,Android,Chennai,1,2001,0,0
TXN000899,631.32,5,Food,Android,Delhi,0,357,0,0
TXN000900,55.68,17,Bills,iOS,Chennai,0,1100,0,0
TXN000901,231.0,23,Travel,iOS,Pune,0,1431,0,0
TXN000902,92.57,19,Other,Android,Hyderabad,0,1888,0,0
TXN000903,153.62,8,Food,Android,Pune,0,850,0,0
TXN000904,688.24,7,Entertainment,Web,Chennai,0,428,0,0
TXN000905,186.67,13,Travel,Android,Chennai,1,466,1,0
TXN000906,156.92,18,Shopping,iOS,Hyderabad,0,2887,0,0
TXN000907,29.03,18,Travel,Android,Chennai,0,826,0,0
TXN000908,363.4,7,Food,iOS,Hyderabad,0,1100,0,0
TXN000909,322.01,1,Food,Web,Bangalore,0,2808,1,0
TXN000910,1990.03,3,Shopping,Android,Pune,0,2875,1,1
TXN000911,102.58,5,Other,Android,Bangalore,0,2712,0,0
TXN000912,193.06,2,Food,Android,Chennai,0,555,1,0
TXN000913,200.19,2,Travel,Android,Bangalore,1,518,0,0
TXN000914,985.3,18,Other,Android,Chennai,0,1818,0,1
TXN000915,132.38,10,Shopping,iOS,Bangalore,0,2582,0,0
TXN000916,207.44,9,Food,Android,Chennai,0,779,0,0
TXN000917,307.81,11,Food,Android,Mumbai,0,1420,0,0
TXN000918,185.66,13,Travel,iOS,Pune,1,1368,0,0
TXN000919,86.86,17,Food,iOS,Delhi,0,1163,0,0
TXN000920,187.34,23,Travel,Android,Pune,0,2951,0,0
TXN000921,538.27,8,Entertainment,iOS,Bangalore,0,1629,0,0
TXN000922,43.3,14,Other,iOS,Hyderabad,0,585,0,0
TXN000923,174.09,23,Travel,iOS,Delhi,0,2065,0,0
TXN000924,64.06,2,Bills,Android,Chennai,2,2486,0,0
TXN000925,622.69,22,Food,Android,Delhi,0,268,0,0
TXN000926,23.86,10,Entertainment,iOS,Hyderabad,0,346,0,0
TXN000927,75.89,9,Other,iOS,Hyderabad,1,799,0,0
TXN000928,233.38,17,Shopping,iOS,Pune,0,2156,0,0
TXN000929,971.29,3,Bills,Android,Chennai,2,2552,0,1
TXN000930,137.15,12,Shopping,iOS,Pune,0,359,0,0
TXN000931,76.23,5,Bills,iOS,Bangalore,0,2587,0,0
TXN000932,1418.55,20,Entertainment,Android,Bangalore,1,806,0,1
TXN000933,26.11,12,Other,Android,Mumbai,0,1754,0,0
TXN000934,10.61,19,Entertainment,iOS,Pune,0,949,0,0
TXN000935,251.64,4,Entertainment,iOS,Hyderabad,0,2243,0,0
TXN000936,81.25,19,Bills,Android,Mumbai,0,1763,0,0
TXN000937,43.58,13,Travel,iOS,Hyderabad,0,2978,0,0
TXN000938,347.24,12,Other,iOS,Mumbai,0,2314,0,0
TXN000939,198.85,13,Shopping,iOS,Pune,1,1723,1,0
TXN000940,75.42,7,Travel,iOS,Bangalore,0,2548,0,0
TXN000941,31.93,15,Travel,iOS,Hyderabad,0,164,0,0
TXN000942,422.82,12,Food,Android,Pune,0,976,1,0
TXN000943,323.84,23,Shopping,Android,Pune,1,189,1,0
TXN000944,131.76,14,Bills,iOS,Bangalore,0,2696,0,0
TXN000945,1360.99,18,Food,Android,Delhi,0,871,0,1
TXN000946,41.1,0,Food,iOS,Bangalore,0,2832,0,0
TXN000947,23.79,21,Entertainment,iOS,Hyderabad,1,2832,0,0
TXN000948,64.7,1,Bills,Android,Delhi,0,1154,0,0
TXN000949,140.51,17,Travel,iOS,Mumbai,1,1278,0,0
TXN000950,198.74,18,Other,Android,Chennai,0,584,0,0
TXN000951,111.11,7,Travel,Android,Hyderabad,0,1418,0,0
TXN000952,226.44,2,Travel,Android,Chennai,2,1371,0,0
TXN000953,33.05,22,Entertainment,Web,Chennai,0,444,1,0
TXN000954,839.26,13,Travel,Android,Delhi,0,1076,0,1
TXN000955,134.48,8,Shopping,iOS,Mumbai,0,869,0,0
TXN000956,567.22,7,Travel,Android,Bangalore,1,1236,0,0
TXN000957,223.92,16,Travel,Android,Delhi,0,685,0,0
TXN000958,256.75,22,Shopping,Android,Mumbai,0,1685,0,0
TXN000959,294.04,22,Entertainment,iOS,Bangalore,0,806,0,0
TXN000960,253.98,23,Food,Android,Bangalore,0,1825,0,0
TXN000961,320.94,15,Bills,Android,Mumbai,0,1008,0,0
TXN000962,731.42,9,Entertainment,iOS,Bangalore,0,580,0,1
TXN000963,187.88,20,Travel,Android,Hyderabad,0,329,0,0
TXN000964,347.51,9,Food,Android,Hyderabad,0,1350,0,0
TXN000965,133.26,23,Bills,Android,Delhi,0,1322,0,0
TXN000966,835.59,5,Bills,Android,Bangalore,0,617,0,1
TXN000967,65.91,21,Bills,iOS,Bangalore,0,1333,0,0
TXN000968,1288.36,16,Shopping,Android,Mumbai,0,2125,1,1
TXN000969,141.43,15,Shopping,Android,Hyderabad,1,234,0,0
TXN000970,26.66,14,Food,iOS,Chennai,1,2688,0,0
TXN000971,173.08,21,Travel,iOS,Delhi,0,451,0,0
TXN000972,65.55,13,Food,iOS,Pune,1,1003,0,0
TXN000973,406.98,3,Travel,iOS,Hyderabad,1,2015,0,0
TXN000974,67.82,3,Entertainment,iOS,Mumbai,0,2003,0,0
TXN000975,86.88,1,Bills,iOS,Delhi,0,2397,0,0
TXN000976,15.37,10,Bills,iOS,Chennai,0,977,0,0
TXN000977,86.25,3,Shopping,iOS,Pune,1,1733,0,0
TXN000978,8.1,20,Entertainment,iOS,Delhi,0,2167,0,0
TXN000979,22.18,20,Other,Android,Hyderabad,2,579,0,0
TXN000980,369.63,15,Entertainment,iOS,Chennai,1,1824,1,0
TXN000981,381.06,20,Travel,iOS,Pune,0,1823,0,0
TXN000982,247.29,3,Entertainment,iOS,Mumbai,2,2035,0,0
TXN000983,46.51,0,Shopping,Android,Delhi,0,1312,1,0
TXN000984,140.15,23,Travel,Android,Hyderabad,0,1669,1,0
TXN000985,147.77,18,Food,Android,Mumbai,0,1740,0,0
TXN000986,36.96,1,Travel,Android,Chennai,0,1671,0,0
TXN000987,901.52,8,Food,Android,Delhi,0,2188,0,1
TXN000988,425.32,22,Other,Android,Bangalore,0,1592,0,0
TXN000989,113.85,12,Travel,Android,Hyderabad,0,2012,0,0
TXN000990,153.28,17,Bills,Android,Hyderabad,1,713,0,0
TXN000991,190.58,15,Other,iOS,Bangalore,1,52,0,0
TXN000992,12.81,15,Food,iOS,Mumbai,0,1699,0,0
TXN000993,110.32,9,Shopping,Android,Hyderabad,0,1462,0,0
TXN000994,65.47,8,Other,iOS,Mumbai,1,2648,0,0
TXN000995,44.61,10,Other,Android,Chennai,0,2518,0,0
TXN000996,105.92,3,Other,Android,Bangalore,0,1821,0,0
TXN000997,1283.34,9,Food,iOS,Mumbai,1,1965,0,1
TXN000998,320.22,2,Food,iOS,Chennai,0,1847,0,0
TXN000999,74.78,5,Travel,iOS,Delhi,0,1388,0,0
TXN001000,295.04,2,Bills,Android,Hyderabad,0,716,0,0
TXN001001,795.7,8,Other,iOS,Bangalore,0,1200,0,1
TXN001002,450.14,2,Travel,Android,Delhi,0,491,0,0
TXN001003,159.42,17,Travel,Android,Delhi,0,658,0,0
TXN001004,68.28,7,Bills,Android,Delhi,0,781,1,0
TXN001005,343.05,21,Travel,iOS,Mumbai,0,695,0,0
TXN001006,237.98,7,Bills,Android,Hyderabad,1,337,0,0
TXN001007,434.52,14,Shopping,Android,Bangalore,0,2498,1,0
TXN001008,318.05,12,Bills,iOS,Pune,0,1898,0,0
TXN001009,522.94,6,Entertainment,Android,Pune,0,332,0,0
TXN001010,78.08,18,Bills,Android,Hyderabad,0,741,0,0
TXN001011,721.17,7,Bills,Android,Hyderabad,0,555,0,0
TXN001012,188.13,9,Entertainment,Android,Hyderabad,2,76,0,0
TXN001013,1790.61,16,Bills,iOS,Chennai,0,789,0,1
TXN001014,64.91,0,Food,iOS,Chennai,0,635,0,0
TXN001015,1191.72,12,Travel,Android,Chennai,0,2576,1,1
TXN001016,188.2,12,Travel,Android,Chennai,0,135,0,0
TXN001017,67.92,23,Shopping,iOS,Hyderabad,0,769,0,0
TXN001018,83.04,15,Shopping,Android,Hyderabad,1,936,0,0
TXN001019,101.05,8,Entertainment,iOS,Pune,0,2847,0,0
TXN001020,246.9,9,Food,Android,Bangalore,0,2235,0,0
TXN001021,277.94,5,Shopping,Android,Pune,0,2448,0,0
TXN001022,74.56,4,Travel,Web,Pune,0,821,0,0
TXN001023,144.14,1,Shopping,iOS,Bangalore,0,2073,0,0
TXN001024,1940.55,10,Shopping,Android,Bangalore,0,2322,0,1
TXN001025,1179.74,8,Bills,Android,Pune,1,1588,0,1
TXN001026,250.53,5,Shopping,Android,Pune,0,2194,0,0
TXN001027,155.34,7,Entertainment,Android,Pune,0,99,0,0
TXN001028,171.41,8,Travel,Web,Bangalore,1,2955,0,0
TXN001029,309.89,8,Entertainment,iOS,Bangalore,1,1128,0,0
TXN001030,43.5,7,Entertainment,Android,Chennai,1,164,0,0
TXN001031,108.98,11,Other,Android,Hyderabad,0,766,0,0
TXN001032,20.04,7,Food,iOS,Bangalore,2,2967,0,0
TXN001033,239.62,2,Other,Android,Mumbai,0,167,0,0
TXN001034,322.67,12,Other,iOS,Bangalore,0,1906,0,0
TXN001035,83.11,18,Bills,iOS,Bangalore,0,2790,0,0
TXN001036,981.21,1,Entertainment,iOS,Hyderabad,0,1467,0,1
TXN001037,34.09,16,Food,iOS,Pune,0,1485,1,0
TXN001038,25.6,15,Travel,iOS,Chennai,0,2317,1,0
TXN001039,194.29,3,Travel,Web,Delhi,0,2614,0,0
TXN001040,521.4,17,Food,Android,Pune,1,246,0,0
TXN001041,1119.58,13,Entertainment,iOS,Pune,0,2958,0,1
TXN001042,85.57,1,Entertainment,Android,Hyderabad,0,2584,0,0
TXN001043,541.54,12,Bills,Android,Chennai,0,2495,0,0
TXN001044,141.71,20,Bills,Android,Mumbai,0,416,0,0
TXN001045,120.64,19,Other,iOS,Delhi,0,1187,0,0
TXN001046,428.54,16,Travel,Android,Chennai,1,1368,0,0
TXN001047,324.66,14,Bills,iOS,Pune,0,952,1,0
TXN001048,22.38,19,Food,iOS,Chennai,0,624,0,0
TXN001049,872.92,4,Travel,Android,Hyderabad,0,2917,0,1
TXN001050,777.52,6,Entertainment,iOS,Chennai,0,65,0,1
TXN001051,70.06,17,Travel,iOS,Bangalore,0,858,0,0
TXN001052,238.64,23,Shopping,iOS,Chennai,0,1796,0,0
TXN001053,268.5,10,Travel,Android,Delhi,1,1665,0,0
TXN001054,202.92,17,Bills,iOS,Chennai,0,740,0,0
TXN001055,76.68,4,Food,iOS,Mumbai,1,2069,0,0
TXN001056,66.29,12,Entertainment,Android,Bangalore,0,2759,0,0
TXN001057,143.93,17,Entertainment,Android,Delhi,0,1195,0,0
TXN001058,606.24,1,Bills,Android,Delhi,0,2325,1,0
TXN001059,284.95,19,Bills,iOS,Pune,0,2398,1,0
TXN001060,95.13,3,Bills,Android,Hyderabad,0,1577,0,0
TXN001061,374.67,12,Shopping,Android,Hyderabad,1,752,0,0
TXN001062,4.86,23,Food,iOS,Bangalore,0,2859,0,0
TXN001063,589.05,15,Shopping,Android,Delhi,0,2704,0,0
TXN001064,18.4,5,Bills,Web,Pune,0,1514,0,0
TXN001065,96.07,7,Food,Android,Mumbai,2,2062,0,0
TXN001066,38.72,15,Bills,Android,Chennai,0,352,0,0
TXN001067,31.39,12,Food,Android,Chennai,0,959,0,0
TXN001068,597.64,22,Entertainment,Web,Chennai,0,1866,0,0
TXN001069,84.67,3,Shopping,iOS,Hyderabad,2,1190,0,0
TXN001070,224.93,1,Other,Web,Delhi,0,1447,0,0
TXN001071,140.29,8,Bills,iOS,Delhi,1,2981,0,0
TXN001072,263.08,17,Bills,Android,Mumbai,1,1722,0,0
TXN001073,162.75,16,Travel,Android,Hyderabad,0,2138,1,0
TXN001074,31.83,7,Other,Android,Mumbai,0,2003,0,0
TXN001075,490.55,14,Entertainment,iOS,Delhi,0,1854,1,0
TXN001076,82.06,8,Bills,Web,Chennai,0,2996,0,0
TXN001077,22.92,16,Shopping,Android,Hyderabad,2,2405,0,0
TXN001078,88.79,22,Entertainment,iOS,Hyderabad,0,2972,0,0
TXN001079,898.67,1,Bills,Web,Hyderabad,0,2245,0,1
TXN001080,411.69,5,Shopping,Android,Pune,0,2435,0,0
TXN001081,97.67,4,Travel,iOS,Pune,1,1588,0,0
TXN001082,97.6,16,Travel,Android,Chennai,0,2945,0,0
TXN001083,100.89,1,Shopping,iOS,Pune,1,2013,0,0
TXN001084,1793.81,17,Entertainment,Android,Hyderabad,1,1877,0,1
TXN001085,234.7,9,Shopping,Android,Pune,3,712,0,0
TXN001086,248.65,9,Other,Android,Pune,0,2161,0,0
TXN001087,510.98,5,Shopping,Web,Bangalore,0,2325,0,0
TXN001088,197.66,11,Travel,iOS,Hyderabad,0,855,0,0
TXN001089,108.76,16,Travel,Android,Pune,1,1549,0,0
TXN001090,117.26,12,Travel,Web,Chennai,1,961,0,0
TXN001091,136.19,19,Other,iOS,Pune,1,2558,0,0
TXN001092,141.93,15,Bills,iOS,Pune,0,675,0,0
TXN001093,355.37,9,Other,Android,Hyderabad,0,222,0,0
TXN001094,157.96,20,Bills,Android,Pune,0,1753,0,0
TXN001095,357.51,1,Other,iOS,Bangalore,0,2515,0,0
TXN001096,134.71,1,Food,Android,Bangalore,0,529,0,0
TXN001097,163.1,22,Bills,Android,Pune,0,181,0,0
TXN001098,13.49,6,Entertainment,Android,Hyderabad,1,698,1,0
TXN001099,445.68,5,Entertainment,Android,Delhi,0,1573,0,0
TXN001100,224.93,0,Travel,Android,Delhi,2,2346,0,0
TXN001101,491.57,11,Other,Web,Mumbai,3,604,0,0
TXN001102,4.59,12,Shopping,Android,Bangalore,0,1590,0,0
TXN001103,1819.01,11,Travel,Android,Delhi,0,2068,0,1
TXN001104,125.52,18,Shopping,Android,Mumbai,0,2234,0,0
TXN001105,561.06,8,Other,iOS,Delhi,1,2264,0,0
TXN001106,42.61,9,Travel,iOS,Hyderabad,0,346,0,0
TXN001107,309.61,16,Travel,iOS,Pune,0,2677,0,0
TXN001108,41.93,17,Entertainment,Android,Bangalore,0,1690,1,0
TXN001109,70.21,7,Shopping,Android,Delhi,0,1016,0,0
TXN001110,1475.63,6,Food,iOS,Hyderabad,0,1296,0,1
TXN001111,118.06,8,Food,Web,Mumbai,1,1591,0,0
TXN001112,192.66,9,Travel,iOS,Hyderabad,1,2161,0,0
TXN001113,421.61,11,Other,Android,Mumbai,0,225,1,0
TXN001114,269.03,14,Travel,Android,Delhi,0,1188,0,0
TXN001115,177.77,14,Entertainment,Android,Pune,0,2006,0,0
TXN001116,229.97,3,Shopping,iOS,Chennai,0,1883,0,0
TXN001117,2654.73,3,Travel,Android,Pune,1,407,1,1
TXN001118,138.5,22,Other,Android,Hyderabad,1,2195,0,0
TXN001119,188.92,0,Food,Android,Chennai,0,1967,0,0
TXN001120,523.63,11,Shopping,Android,Bangalore,0,2103,0,0
TXN001121,559.27,1,Travel,Android,Chennai,0,268,0,0
TXN001122,616.73,14,Shopping,Android,Pune,0,1143,0,0
TXN001123,319.41,16,Entertainment,iOS,Bangalore,0,411,0,0
TXN001124,37.65,6,Food,Android,Delhi,1,2870,0,0
TXN001125,1053.76,5,Other,Android,Delhi,1,1685,1,1
TXN001126,37.5,11,Shopping,Android,Hyderabad,0,1071,0,0
TXN001127,213.4,18,Food,Android,Chennai,1,693,0,0
TXN001128,60.03,0,Travel,iOS,Bangalore,0,531,0,0
TXN001129,137.42,20,Other,Android,Bangalore,0,649,0,0
TXN001130,220.2,13,Other,iOS,Chennai,0,1708,0,0
TXN001131,218.25,3,Bills,iOS,Pune,0,1949,0,0
TXN001132,246.24,4,Shopping,iOS,Delhi,0,2853,0,0
TXN001133,1029.11,0,Food,Android,Pune,0,246,0,1
TXN001134,255.76,0,Shopping,Android,Delhi,1,2101,0,0
TXN001135,110.72,20,Travel,iOS,Bangalore,0,1547,0,0
TXN001136,471.96,5,Travel,Android,Hyderabad,0,1815,1,0
TXN001137,618.54,4,Other,Android,Delhi,1,1029,0,0
TXN001138,34.02,1,Other,iOS,Mumbai,0,2450,0,0
TXN001139,303.96,20,Food,Android,Bangalore,0,2691,0,0
TXN001140,344.26,4,Entertainment,Android,Chennai,1,1522,0,0
TXN001141,103.85,8,Shopping,iOS,Chennai,0,1886,0,0
TXN001142,773.44,18,Shopping,Web,Pune,0,1591,0,1
TXN001143,123.96,20,Travel,iOS,Pune,0,359,0,0
TXN001144,172.55,14,Shopping,Android,Bangalore,0,1887,0,0
TXN001145,120.58,12,Food,Android,Pune,1,965,1,0
TXN001146,151.21,11,Bills,Android,Pune,0,2494,0,0
TXN001147,39.82,4,Other,Android,Bangalore,0,1494,0,0
TXN001148,26.36,1,Travel,iOS,Delhi,1,452,1,0
TXN001149,1005.67,3,Other,Android,Bangalore,0,1694,0,1
TXN001150,53.71,17,Other,Android,Bangalore,1,2683,0,0
TXN001151,45.17,20,Other,Web,Pune,0,1211,0,0
TXN001152,11.2,9,Bills,iOS,Mumbai,0,1720,0,0
TXN001153,68.94,12,Shopping,iOS,Chennai,2,729,0,0
TXN001154,30.33,11,Entertainment,iOS,Pune,0,142,0,0
TXN001155,1064.67,1,Other,iOS,Delhi,0,571,0,1
TXN001156,498.59,14,Food,Android,Hyderabad,0,970,0,0
TXN001157,64.99,13,Other,Android,Delhi,0,1810,0,0
TXN001158,2214.81,9,Other,Android,Chennai,0,1586,0,1
TXN001159,482.08,21,Shopping,Android,Hyderabad,1,2030,0,0
TXN001160,100.5,7,Food,iOS,Bangalore,0,47,1,0
TXN001161,7.39,14,Shopping,Android,Mumbai,0,2239,0,0
TXN001162,2319.56,12,Other,Android,Mumbai,0,1513,0,1
TXN001163,28.01,7,Shopping,Android,Chennai,0,188,0,0
TXN001164,20.6,20,Shopping,Android,Pune,0,1063,0,0
TXN001165,506.28,20,Travel,iOS,Chennai,0,902,0,0
TXN001166,2773.05,21,Bills,iOS,Mumbai,2,1815,0,1
TXN001167,781.43,13,Entertainment,iOS,Hyderabad,0,1068,1,1
TXN001168,291.98,0,Bills,Android,Hyderabad,0,594,0,0
TXN001169,302.99,12,Bills,iOS,Pune,0,728,0,0
TXN001170,413.27,7,Food,iOS,Delhi,1,2523,0,0
TXN001171,368.97,17,Travel,iOS,Bangalore,0,1991,0,0
TXN001172,207.98,21,Travel,Web,Pune,0,1798,0,0
TXN001173,168.18,8,Shopping,Web,Hyderabad,0,919,0,0
TXN001174,137.67,12,Bills,Web,Bangalore,1,420,0,0
TXN001175,60.05,2,Entertainment,iOS,Chennai,1,2216,0,0
TXN001176,105.97,17,Food,Web,Hyderabad,0,1466,0,0
TXN001177,19.46,9,Travel,Android,Hyderabad,1,1727,0,0
TXN001178,131.89,4,Shopping,iOS,Hyderabad,1,2961,0,0
TXN001179,45.32,5,Entertainment,Web,Delhi,1,2839,0,0
TXN001180,39.48,7,Bills,Web,Pune,0,2202,0,0
TXN001181,184.17,23,Entertainment,iOS,Chennai,1,2296,0,0
TXN001182,788.71,6,Travel,Android,Mumbai,0,310,1,1
TXN001183,446.74,20,Food,Android,Delhi,0,2517,0,0
TXN001184,22.54,17,Bills,Android,Delhi,1,2179,0,0
TXN001185,45.26,13,Food,iOS,Hyderabad,0,2548,0,0
TXN001186,458.94,14,Other,Android,Delhi,0,1429,0,0
TXN001187,45.65,9,Entertainment,Android,Pune,0,1658,0,0
TXN001188,113.35,20,Entertainment,iOS,Pune,0,1244,0,0
TXN001189,287.17,11,Shopping,iOS,Pune,1,2511,0,0
TXN001190,46.43,6,Bills,Web,Mumbai,1,2088,0,0
TXN001191,168.42,6,Entertainment,iOS,Delhi,0,1753,0,0
TXN001192,29.94,10,Travel,iOS,Pune,0,1299,0,0
TXN001193,72.12,12,Other,iOS,Delhi,0,2209,1,0
TXN001194,217.84,14,Travel,iOS,Hyderabad,0,2561,0,0
TXN001195,21.94,17,Food,Android,Chennai,0,444,0,0
TXN001196,251.78,6,Other,Android,Pune,0,2899,0,0
TXN001197,144.96,5,Other,Web,Mumbai,0,597,0,0
TXN001198,288.01,22,Travel,iOS,Hyderabad,0,2939,0,0
TXN001199,194.16,10,Entertainment,iOS,Delhi,2,2432,0,0
TXN001200,762.78,7,Travel,Android,Pune,1,1609,0,1
TXN001201,172.48,19,Bills,Android,Mumbai,1,1774,0,0
TXN001202,88.65,0,Food,iOS,Bangalore,0,290,0,0
TXN001203,171.87,7,Other,Android,Pune,1,1760,0,0
TXN001204,284.85,7,Bills,Android,Pune,0,2669,0,0
TXN001205,157.38,18,Entertainment,Android,Delhi,0,1040,0,0
TXN001206,155.82,2,Entertainment,Android,Chennai,1,609,0,0
TXN001207,63.92,4,Travel,iOS,Delhi,0,2418,0,0
TXN001208,66.99,2,Shopping,Web,Chennai,0,999,0,0
TXN001209,27.57,14,Other,iOS,Bangalore,0,1682,0,0
TXN001210,1211.35,13,Other,iOS,Hyderabad,2,124,0,1
TXN001211,33.36,20,Shopping,iOS,Hyderabad,0,2093,0,0
TXN001212,64.62,14,Entertainment,iOS,Pune,0,2052,0,0
TXN001213,62.67,23,Entertainment,Android,Hyderabad,0,1164,0,0
TXN001214,434.38,16,Other,Android,Mumbai,0,355,0,0
TXN001215,104.17,17,Food,iOS,Chennai,0,1275,0,0
TXN001216,663.34,1,Other,Android,Delhi,0,904,0,0
TXN001217,66.14,11,Entertainment,iOS,Mumbai,0,2748,0,0
TXN001218,207.43,15,Entertainment,Android,Mumbai,0,123,0,0
TXN001219,54.47,3,Food,iOS,Delhi,0,1026,0,0
TXN001220,1947.26,1,Bills,Web,Bangalore,0,365,1,1
TXN001221,35.69,13,Bills,Android,Hyderabad,1,2889,1,0
TXN001222,215.25,10,Food,Android,Bangalore,1,1554,0,0
TXN001223,317.52,12,Food,iOS,Bangalore,1,193,0,0
TXN001224,243.85,6,Bills,Android,Hyderabad,0,2971,0,0
TXN001225,118.83,9,Bills,Android,Bangalore,0,1439,0,0
TXN001226,127.0,23,Bills,iOS,Mumbai,1,2489,0,0
TXN001227,156.42,0,Bills,Web,Pune,0,397,0,0
TXN001228,124.41,20,Other,iOS,Delhi,0,348,0,0
TXN001229,471.85,3,Other,Android,Pune,0,1308,0,0
TXN001230,2106.17,17,Travel,Android,Mumbai,0,1884,0,1
TXN001231,76.02,5,Food,Android,Pune,1,1838,0,0
TXN001232,28.68,1,Shopping,Android,Mumbai,0,2566,0,0
TXN001233,133.49,2,Travel,Android,Chennai,0,2627,0,0
TXN001234,3280.17,13,Shopping,Android,Hyderabad,0,2973,0,1
TXN001235,56.58,7,Shopping,Web,Hyderabad,0,1473,0,0
TXN001236,1060.97,15,Entertainment,iOS,Pune,0,1981,0,1
TXN001237,1111.25,18,Food,iOS,Mumbai,0,216,1,1
TXN001238,76.38,17,Other,Web,Hyderabad,1,2102,0,0
TXN001239,293.76,5,Travel,Android,Chennai,0,2219,0,0
TXN001240,1047.41,13,Food,Android,Pune,1,457,0,1
TXN001241,94.16,2,Bills,iOS,Delhi,0,1177,0,0
TXN001242,116.25,15,Food,Web,Bangalore,0,54,0,0
TXN001243,73.85,0,Shopping,iOS,Hyderabad,0,1856,0,0
TXN001244,43.92,11,Other,Android,Mumbai,0,506,0,0
TXN001245,68.09,13,Bills,iOS,Hyderabad,0,1516,0,0
TXN001246,34.17,18,Food,Android,Mumbai,0,2924,0,0
TXN001247,154.61,21,Food,Android,Pune,1,1484,0,0
TXN001248,58.91,18,Other,Android,Pune,2,1285,0,0
TXN001249,196.48,8,Shopping,Web,Bangalore,1,1710,0,0
TXN001250,22.94,6,Bills,Android,Hyderabad,0,1076,0,0
TXN001251,220.76,13,Shopping,iOS,Bangalore,1,2059,0,0
TXN001252,403.52,4,Other,Android,Mumbai,0,151,0,0
TXN001253,13.57,17,Food,Android,Chennai,0,1012,0,0
TXN001254,232.49,8,Travel,Web,Chennai,0,1283,0,0
TXN001255,647.55,20,Travel,Android,Delhi,0,46,0,0
TXN001256,34.76,6,Entertainment,iOS,Mumbai,0,1338,0,0
TXN001257,1104.43,8,Travel,Android,Mumbai,1,31,0,1
TXN001258,245.38,3,Other,iOS,Mumbai,1,296,0,0
TXN001259,63.69,16,Other,Android,Pune,0,1581,0,0
TXN001260,138.81,11,Other,Android,Pune,0,1902,0,0
TXN001261,290.03,5,Bills,iOS,Chennai,2,1586,0,0
TXN001262,162.59,17,Entertainment,Android,Chennai,0,280,0,0
TXN001263,283.3,7,Bills,Android,Chennai,1,306,1,0
TXN001264,49.17,20,Travel,iOS,Hyderabad,0,1059,0,0
TXN001265,181.86,14,Travel,Android,Hyderabad,0,1867,0,0
TXN001266,27.21,2,Food,Android,Chennai,1,1290,0,0
TXN001267,129.87,1,Bills,iOS,Bangalore,0,1879,0,0
TXN001268,50.16,23,Shopping,Web,Hyderabad,0,1750,0,0
TXN001269,61.4,22,Food,Android,Pune,0,2010,0,0
TXN001270,654.13,8,Bills,iOS,Hyderabad,0,2301,0,0
TXN001271,549.81,7,Other,iOS,Hyderabad,1,970,0,0
TXN001272,308.27,3,Entertainment,Android,Hyderabad,0,1084,0,0
TXN001273,40.01,1,Bills,Android,Delhi,0,502,0,0
TXN001274,101.53,13,Entertainment,Android,Hyderabad,1,543,0,0
TXN001275,636.33,1,Entertainment,iOS,Bangalore,0,1395,0,0
TXN001276,175.93,1,Travel,Android,Delhi,2,2242,0,0
TXN001277,2399.93,21,Shopping,iOS,Pune,0,329,0,1
TXN001278,237.93,6,Bills,iOS,Pune,0,2531,0,0
TXN001279,186.88,11,Shopping,Android,Hyderabad,2,2716,0,0
TXN001280,102.42,5,Entertainment,Android,Mumbai,1,2558,0,0
TXN001281,174.21,17,Travel,Web,Delhi,0,2152,0,0
TXN001282,123.6,3,Shopping,Android,Pune,0,2386,1,0
TXN001283,347.14,18,Food,Android,Hyderabad,0,105,0,0
TXN001284,467.8,12,Entertainment,iOS,Bangalore,1,2464,0,0
TXN001285,57.79,19,Food,Android,Chennai,0,2824,0,0
TXN001286,30.04,20,Other,Android,Pune,0,489,0,0
TXN001287,16.39,22,Shopping,Android,Hyderabad,0,1594,0,0
TXN001288,273.03,1,Shopping,Android,Mumbai,0,1869,0,0
TXN001289,39.49,7,Shopping,Android,Bangalore,0,1893,0,0
TXN001290,11.21,18,Other,iOS,Pune,0,1628,0,0
TXN001291,236.58,8,Bills,Web,Delhi,0,690,0,0
TXN001292,2956.02,3,Entertainment,Android,Bangalore,0,2390,1,1
TXN001293,147.34,15,Entertainment,Android,Hyderabad,1,2346,0,0
TXN001294,405.93,18,Entertainment,Android,Pune,0,2232,0,0
TXN001295,163.73,9,Bills,Android,Pune,0,1249,0,0
TXN001296,131.81,5,Shopping,Android,Mumbai,0,2557,0,0
TXN001297,447.15,15,Shopping,Android,Pune,0,1909,0,0
TXN001298,104.76,9,Other,Web,Bangalore,1,1501,0,0
TXN001299,204.56,12,Food,Android,Pune,0,1830,0,0
TXN001300,218.34,8,Bills,Android,Bangalore,0,1127,0,0
TXN001301,66.57,6,Travel,Android,Chennai,0,1128,0,0
TXN001302,488.07,3,Bills,Android,Chennai,0,1150,0,0
TXN001303,120.31,18,Other,iOS,Hyderabad,0,1444,0,0
TXN001304,59.93,3,Food,Android,Delhi,0,57,1,0
TXN001305,282.54,18,Food,Web,Delhi,1,2939,0,0
TXN001306,50.49,18,Food,Android,Mumbai,0,148,0,0
TXN001307,153.52,11,Shopping,iOS,Hyderabad,1,1637,0,0
TXN001308,146.8,12,Travel,Web,Delhi,0,179,0,0
TXN001309,546.25,3,Food,Android,Pune,0,711,0,0
TXN001310,262.34,9,Entertainment,Android,Bangalore,0,1725,0,0
TXN001311,144.02,20,Shopping,iOS,Hyderabad,0,1195,0,0
TXN001312,395.96,6,Travel,Android,Bangalore,0,791,0,0
TXN001313,787.02,4,Entertainment,iOS,Mumbai,0,212,0,1
TXN001314,289.85,16,Travel,Android,Pune,1,1124,0,0
TXN001315,150.27,17,Other,Android,Hyderabad,1,2260,0,0
TXN001316,30.75,10,Travel,Android,Pune,0,202,0,0
TXN001317,41.34,14,Entertainment,Web,Pune,2,2619,0,0
TXN001318,102.9,20,Bills,Android,Pune,0,1887,0,0
TXN001319,71.42,21,Travel,Android,Mumbai,1,384,0,0
TXN001320,118.59,6,Bills,iOS,Chennai,2,2231,0,0
TXN001321,158.85,17,Travel,Android,Mumbai,0,2678,0,0
TXN001322,280.24,5,Other,Android,Pune,1,2462,0,0
TXN001323,136.37,17,Entertainment,Android,Chennai,0,762,0,0
TXN001324,266.08,15,Travel,iOS,Hyderabad,0,949,0,0
TXN001325,160.35,1,Food,iOS,Bangalore,0,1364,1,0
TXN001326,13.87,18,Other,Android,Bangalore,0,1078,0,0
TXN001327,48.08,0,Food,Android,Bangalore,0,1151,0,0
TXN001328,124.85,10,Other,iOS,Mumbai,0,583,0,0
TXN001329,34.76,19,Other,iOS,Hyderabad,0,1353,0,0
TXN001330,304.88,4,Travel,Android,Hyderabad,0,390,0,0
TXN001331,931.6,15,Entertainment,Android,Chennai,0,1961,1,1
TXN001332,640.67,22,Entertainment,Android,Hyderabad,1,2853,0,0
TXN001333,114.88,0,Shopping,iOS,Bangalore,1,903,0,0
TXN001334,887.91,18,Entertainment,Web,Hyderabad,0,1116,0,1
TXN001335,177.4,13,Bills,Android,Chennai,0,747,0,0
TXN001336,99.04,2,Travel,Android,Hyderabad,1,2737,0,0
TXN001337,71.09,1,Food,Android,Hyderabad,0,2572,0,0
TXN001338,103.24,23,Entertainment,Android,Bangalore,0,453,0,0
TXN001339,93.15,4,Food,Android,Hyderabad,0,870,0,0
TXN001340,182.09,16,Shopping,Web,Mumbai,0,284,0,0
TXN001341,179.95,17,Travel,Android,Chennai,0,290,0,0
TXN001342,148.96,0,Entertainment,iOS,Chennai,0,552,0,0
TXN001343,250.72,14,Food,Android,Chennai,0,2067,0,0
TXN001344,619.42,21,Other,iOS,Hyderabad,1,1953,0,0
TXN001345,463.81,8,Entertainment,Android,Mumbai,0,2499,0,0
TXN001346,24.98,22,Shopping,Android,Pune,1,1582,0,0
TXN001347,6.93,4,Other,Web,Pune,0,2657,1,0
TXN001348,455.4,12,Food,Android,Chennai,2,445,0,0
TXN001349,28.78,18,Food,iOS,Delhi,0,947,1,0
TXN001350,113.33,23,Travel,iOS,Pune,0,235,0,0
TXN001351,36.45,9,Travel,Android,Pune,0,2546,1,0
TXN001352,17.08,19,Food,iOS,Bangalore,0,2159,0,0
TXN001353,284.22,20,Other,iOS,Delhi,0,1120,0,0
TXN001354,369.07,13,Travel,Web,Delhi,0,786,1,0
TXN001355,74.31,21,Food,iOS,Chennai,0,296,0,0
TXN001356,6.62,20,Other,Android,Delhi,0,780,0,0
TXN001357,77.05,11,Bills,iOS,Delhi,2,1796,0,0
TXN001358,237.5,10,Entertainment,iOS,Pune,0,1793,0,0
TXN001359,25.16,22,Bills,iOS,Mumbai,0,504,0,0
TXN001360,184.94,6,Bills,iOS,Bangalore,1,1539,0,0
TXN001361,145.71,16,Entertainment,Android,Hyderabad,0,182,0,0
TXN001362,297.42,17,Food,Android,Chennai,0,583,0,0
TXN001363,171.31,6,Food,iOS,Pune,0,516,0,0
TXN001364,46.17,23,Travel,Web,Pune,1,2648,0,0
TXN001365,623.83,19,Shopping,Android,Chennai,0,2706,0,0
TXN001366,122.7,5,Food,Web,Delhi,0,2838,0,0
TXN001367,143.63,10,Entertainment,Web,Hyderabad,1,1428,0,0
TXN001368,48.43,11,Shopping,Web,Pune,1,1801,0,0
TXN001369,87.19,15,Entertainment,Web,Hyderabad,1,2786,0,0
TXN001370,51.33,18,Entertainment,iOS,Hyderabad,0,1086,0,0
TXN001371,120.6,22,Entertainment,iOS,Chennai,3,867,1,0
TXN001372,1157.54,18,Shopping,iOS,Chennai,0,2252,0,1
TXN001373,28.61,10,Bills,Android,Pune,0,2642,0,0
TXN001374,21.41,15,Other,Android,Pune,0,2762,0,0
TXN001375,867.32,22,Entertainment,Android,Pune,0,996,0,1
TXN001376,115.45,11,Travel,Android,Mumbai,0,1551,0,0
TXN001377,66.49,7,Food,Android,Chennai,1,2800,0,0
TXN001378,516.92,2,Other,Web,Chennai,0,1251,0,0
TXN001379,71.76,1,Food,iOS,Mumbai,0,1051,1,0
TXN001380,1327.71,5,Food,Android,Chennai,0,2870,0,1
TXN001381,334.79,15,Shopping,iOS,Delhi,1,1990,0,0
TXN001382,82.64,19,Travel,Android,Delhi,3,276,0,0
TXN001383,1975.88,23,Travel,Android,Mumbai,0,461,0,1
TXN001384,71.75,14,Other,iOS,Pune,0,596,0,0
TXN001385,361.59,13,Travel,Android,Mumbai,0,510,1,0
TXN001386,212.54,1,Travel,iOS,Delhi,0,287,0,0
TXN001387,707.75,19,Travel,Android,Hyderabad,1,564,0,0
TXN001388,966.63,17,Other,Android,Chennai,0,2185,0,1
TXN001389,154.22,13,Bills,iOS,Bangalore,0,205,0,0
TXN001390,60.09,17,Travel,Android,Bangalore,0,498,0,0
TXN001391,257.74,1,Travel,Web,Mumbai,0,2604,0,0
TXN001392,65.81,0,Shopping,Android,Bangalore,0,848,0,0
TXN001393,1662.48,19,Shopping,Android,Hyderabad,0,181,0,1
TXN001394,174.83,1,Travel,Web,Bangalore,1,1329,0,0
TXN001395,95.74,8,Bills,Web,Delhi,0,853,0,0
TXN001396,185.23,8,Travel,Android,Mumbai,0,2358,0,0
TXN001397,29.47,15,Travel,Android,Pune,0,1651,1,0
TXN001398,46.25,10,Travel,iOS,Bangalore,1,2000,0,0
TXN001399,626.72,22,Entertainment,Android,Chennai,0,460,0,0
TXN001400,67.47,5,Bills,Android,Mumbai,1,349,0,0
TXN001401,42.25,11,Food,iOS,Hyderabad,0,2148,0,0
TXN001402,282.59,2,Travel,iOS,Delhi,0,1141,0,0
TXN001403,615.75,11,Food,Android,Bangalore,0,86,0,0
TXN001404,351.69,22,Bills,Android,Delhi,0,2244,0,0
TXN001405,490.42,0,Travel,Web,Hyderabad,0,660,0,0
TXN001406,59.85,8,Food,iOS,Pune,0,826,0,0
TXN001407,26.95,19,Other,iOS,Bangalore,0,2999,0,0
TXN001408,899.29,21,Food,Android,Pune,0,1451,0,1
TXN001409,100.76,5,Bills,Android,Pune,0,2397,0,0
TXN001410,109.84,10,Travel,Android,Mumbai,0,1868,0,0
TXN001411,730.58,2,Entertainment,Android,Pune,0,561,0,0
TXN001412,289.3,3,Bills,Android,Mumbai,0,36,1,0
TXN001413,256.48,9,Entertainment,Android,Pune,0,1775,0,0
TXN001414,1994.21,18,Travel,iOS,Chennai,0,2535,0,1
TXN001415,68.56,5,Food,iOS,Hyderabad,1,267,0,0
TXN001416,451.88,0,Other,Android,Bangalore,0,2528,0,0
TXN001417,158.92,7,Other,iOS,Delhi,1,2973,0,0
TXN001418,204.86,7,Bills,iOS,Delhi,0,1167,0,0
TXN001419,929.05,5,Bills,Android,Bangalore,0,521,0,1
TXN001420,272.98,16,Bills,Android,Hyderabad,0,478,0,0
TXN001421,283.14,18,Shopping,iOS,Hyderabad,0,1034,0,0
TXN001422,537.54,0,Other,Android,Pune,1,1452,1,0
TXN001423,95.78,14,Other,Android,Delhi,1,668,0,0
TXN001424,54.21,12,Travel,Android,Bangalore,0,2280,0,0
TXN001425,42.36,20,Shopping,Android,Pune,1,2659,0,0
TXN001426,14.02,2,Bills,Web,Bangalore,0,2937,0,0
TXN001427,1750.14,1,Bills,iOS,Delhi,0,149,1,1
TXN001428,39.49,2,Entertainment,Android,Bangalore,1,694,0,0
TXN001429,113.81,8,Shopping,Web,Bangalore,0,1588,0,0
TXN001430,106.47,15,Food,iOS,Pune,1,973,0,0
TXN001431,214.62,23,Other,iOS,Mumbai,0,2701,0,0
TXN001432,395.0,12,Travel,Android,Mumbai,0,2990,0,0
TXN001433,416.78,18,Food,iOS,Chennai,0,2257,0,0
TXN001434,73.72,17,Food,Android,Pune,1,660,0,0
TXN001435,121.44,20,Travel,Android,Chennai,1,671,0,0
TXN001436,208.32,11,Bills,Android,Hyderabad,0,2777,0,0
TXN001437,110.12,11,Other,Android,Mumbai,1,982,1,0
TXN001438,1021.28,0,Entertainment,Android,Mumbai,0,1565,0,1
TXN001439,267.51,19,Bills,Android,Mumbai,0,522,0,0
TXN001440,358.47,7,Bills,iOS,Mumbai,0,1646,1,0
TXN001441,328.8,16,Shopping,Android,Hyderabad,1,2474,0,0
TXN001442,606.78,20,Food,iOS,Delhi,2,819,0,0
TXN001443,184.42,19,Food,iOS,Hyderabad,1,1691,0,0
TXN001444,31.31,21,Other,Android,Delhi,0,1721,1,0
TXN001445,239.76,6,Food,Android,Chennai,1,1999,0,0
TXN001446,67.92,8,Entertainment,Web,Mumbai,0,1159,0,0
TXN001447,78.7,16,Entertainment,Android,Pune,0,2411,0,0
TXN001448,299.96,9,Entertainment,iOS,Pune,0,688,0,0
TXN001449,655.85,3,Travel,iOS,Delhi,0,1427,0,0
TXN001450,152.25,21,Other,Android,Hyderabad,0,2078,0,0
TXN001451,214.99,6,Entertainment,Android,Delhi,0,2529,0,0
TXN001452,1144.43,6,Shopping,Android,Bangalore,1,213,0,1
TXN001453,198.13,7,Shopping,iOS,Chennai,0,2781,0,0
TXN001454,3367.82,23,Bills,iOS,Chennai,0,610,0,1
TXN001455,292.54,23,Bills,Web,Mumbai,1,2417,0,0
TXN001456,17.94,7,Other,Android,Mumbai,1,947,1,0
TXN001457,366.5,15,Bills,Android,Hyderabad,0,651,0,0
TXN001458,234.48,11,Bills,Android,Delhi,0,1949,0,0
TXN001459,697.64,14,Shopping,Web,Bangalore,0,1925,0,0
TXN001460,332.89,7,Bills,Android,Chennai,0,201,1,0
TXN001461,125.69,21,Shopping,Android,Delhi,0,2455,0,0
TXN001462,34.15,8,Entertainment,Web,Bangalore,0,2254,0,0
TXN001463,115.49,2,Entertainment,Android,Pune,1,640,0,0
TXN001464,53.48,21,Other,iOS,Delhi,0,2113,0,0
TXN001465,73.95,20,Travel,Android,Mumbai,1,1506,0,0
TXN001466,300.75,15,Bills,Android,Pune,0,254,0,0
TXN001467,1100.9,14,Entertainment,Web,Pune,0,2070,0,1
TXN001468,238.32,23,Entertainment,iOS,Chennai,0,2933,0,0
TXN001469,35.34,3,Other,Android,Bangalore,1,1346,0,0
TXN001470,253.03,19,Food,Android,Mumbai,0,1104,0,0
TXN001471,623.88,15,Food,Android,Pune,1,2230,0,0
TXN001472,71.4,9,Other,iOS,Hyderabad,0,1907,0,0
TXN001473,126.37,10,Shopping,Android,Hyderabad,0,2826,0,0
TXN001474,151.05,4,Travel,iOS,Mumbai,0,1701,0,0
TXN001475,57.87,10,Other,Android,Bangalore,1,2843,0,0
TXN001476,323.09,12,Food,iOS,Bangalore,0,2898,0,0
TXN001477,128.36,14,Travel,Android,Chennai,0,2182,0,0
TXN001478,245.53,5,Entertainment,iOS,Mumbai,0,396,1,0
TXN001479,51.16,15,Other,Android,Hyderabad,0,1336,0,0
TXN001480,87.8,14,Shopping,Android,Mumbai,3,1536,0,0
TXN001481,353.14,10,Travel,Web,Delhi,0,862,0,0
TXN001482,94.88,19,Food,Android,Bangalore,1,1137,0,0
TXN001483,1178.92,1,Entertainment,Android,Pune,0,1764,0,1
TXN001484,91.88,1,Other,Android,Delhi,2,1053,0,0
TXN001485,194.34,11,Bills,Android,Hyderabad,0,1098,0,0
TXN001486,454.46,15,Entertainment,iOS,Bangalore,0,1440,0,0
TXN001487,27.06,18,Food,Android,Hyderabad,1,1242,0,0
TXN001488,17.94,1,Other,iOS,Hyderabad,0,2567,0,0
TXN001489,23.79,16,Food,iOS,Hyderabad,1,2127,0,0
TXN001490,675.26,13,Bills,iOS,Chennai,0,845,0,0
TXN001491,76.54,23,Entertainment,Android,Hyderabad,0,2278,0,0
TXN001492,3196.59,15,Travel,Android,Hyderabad,1,204,0,1
TXN001493,75.41,4,Travel,iOS,Delhi,1,2219,0,0
TXN001494,185.2,9,Entertainment,Android,Delhi,0,2267,0,0
TXN001495,944.38,16,Travel,iOS,Delhi,1,1666,0,1
TXN001496,1647.99,12,Other,Android,Bangalore,0,887,0,1
TXN001497,1761.29,15,Entertainment,Android,Chennai,0,2858,1,1
TXN001498,632.73,8,Entertainment,iOS,Bangalore,0,2946,0,0
TXN001499,507.18,23,Food,iOS,Chennai,0,1598,0,0
TXN001500,302.18,3,Shopping,iOS,Chennai,0,1681,0,0
TXN001501,377.67,23,Food,iOS,Mumbai,1,1094,0,0
TXN001502,76.6,15,Travel,iOS,Pune,1,2406,0,0
TXN001503,55.6,22,Shopping,Android,Mumbai,0,1426,0,0
TXN001504,147.81,10,Entertainment,Web,Mumbai,0,2852,0,0
TXN001505,121.0,6,Travel,iOS,Chennai,2,2172,0,0
TXN001506,86.15,16,Bills,iOS,Chennai,0,2771,0,0
TXN001507,342.29,21,Travel,Android,Bangalore,0,2559,0,0
TXN001508,467.02,12,Shopping,Web,Chennai,1,2088,0,0
TXN001509,165.02,3,Shopping,Android,Hyderabad,1,1607,1,0
TXN001510,873.96,13,Entertainment,Android,Hyderabad,0,1520,0,1
TXN001511,37.71,9,Other,Android,Chennai,1,2850,0,0
TXN001512,117.64,9,Bills,Android,Hyderabad,0,2548,0,0
TXN001513,62.79,9,Entertainment,Android,Chennai,0,460,0,0
TXN001514,15.8,11,Bills,iOS,Mumbai,1,1096,0,0
TXN001515,134.39,1,Bills,iOS,Chennai,0,2081,0,0
TXN001516,128.24,22,Entertainment,Android,Mumbai,0,366,1,0
TXN001517,912.46,8,Travel,iOS,Delhi,0,404,0,1
TXN001518,316.39,4,Food,Android,Hyderabad,0,1148,0,0
TXN001519,43.42,7,Bills,Android,Delhi,1,59,1,0
TXN001520,1373.22,20,Shopping,Android,Hyderabad,0,927,0,1
TXN001521,642.42,13,Entertainment,iOS,Pune,2,871,0,0
TXN001522,298.42,6,Other,Android,Pune,2,2297,0,0
TXN001523,113.09,6,Travel,Android,Pune,2,2205,0,0
TXN001524,46.93,8,Bills,Android,Delhi,1,1917,0,0
TXN001525,94.95,2,Other,iOS,Pune,1,254,0,0
TXN001526,548.12,13,Travel,iOS,Chennai,0,437,0,0
TXN001527,1424.4,16,Entertainment,Android,Pune,1,2754,0,1
TXN001528,945.67,17,Other,Android,Delhi,0,2235,0,1
TXN001529,82.55,11,Shopping,iOS,Hyderabad,1,738,0,0
TXN001530,38.72,21,Bills,iOS,Bangalore,0,2484,0,0
TXN001531,175.75,13,Bills,Android,Hyderabad,0,59,0,0
TXN001532,17.78,12,Other,iOS,Bangalore,0,2273,0,0
TXN001533,218.72,13,Travel,Web,Chennai,0,1222,0,0
TXN001534,124.32,8,Entertainment,Android,Hyderabad,0,2896,0,0
TXN001535,84.84,18,Food,iOS,Delhi,1,2421,1,0
TXN001536,21.9,1,Bills,Android,Chennai,0,2656,0,0
TXN001537,274.88,10,Shopping,iOS,Hyderabad,1,1452,0,0
TXN001538,78.32,16,Bills,Android,Chennai,0,213,0,0
TXN001539,36.46,1,Bills,Android,Bangalore,0,2589,0,0
TXN001540,4.73,18,Food,iOS,Chennai,0,650,0,0
TXN001541,143.59,6,Food,iOS,Delhi,0,2295,0,0
TXN001542,1244.76,17,Entertainment,Android,Hyderabad,1,2004,0,1
TXN001543,1089.54,12,Bills,Android,Bangalore,0,350,0,1
TXN001544,85.75,4,Bills,Android,Chennai,0,2079,0,0
TXN001545,72.05,17,Travel,iOS,Mumbai,0,2072,0,0
TXN001546,260.48,22,Travel,iOS,Bangalore,0,1662,0,0
TXN001547,44.79,23,Other,Android,Bangalore,0,1223,0,0
TXN001548,213.18,23,Other,iOS,Delhi,0,2848,0,0
TXN001549,372.15,15,Shopping,iOS,Delhi,0,1862,0,0
TXN001550,646.98,14,Shopping,Android,Chennai,1,1358,0,0
TXN001551,131.61,7,Travel,iOS,Mumbai,1,2672,0,0
TXN001552,116.23,14,Other,Android,Bangalore,0,111,0,0
TXN001553,51.75,0,Shopping,iOS,Chennai,0,1346,0,0
TXN001554,55.02,16,Bills,Android,Pune,1,252,0,0
TXN001555,113.09,14,Other,Android,Mumbai,0,2852,0,0
TXN001556,230.64,13,Food,Android,Chennai,1,908,0,0
TXN001557,444.21,13,Other,iOS,Bangalore,0,1091,0,0
TXN001558,56.61,9,Bills,Android,Chennai,0,2519,0,0
TXN001559,890.0,1,Travel,Android,Delhi,0,2650,0,1
TXN001560,107.2,5,Entertainment,Web,Delhi,0,624,0,0
TXN001561,144.66,16,Entertainment,Web,Hyderabad,0,964,0,0
TXN001562,60.54,4,Travel,Web,Mumbai,1,2105,0,0
TXN001563,8.09,4,Bills,Android,Pune,0,214,0,0
TXN001564,428.74,14,Shopping,iOS,Bangalore,0,1183,0,0
TXN001565,359.32,14,Other,Android,Mumbai,0,2147,0,0
TXN001566,105.89,19,Other,Android,Delhi,0,2796,0,0
TXN001567,160.84,10,Shopping,Android,Pune,0,697,0,0
TXN001568,275.65,4,Entertainment,Android,Bangalore,0,578,0,0
TXN001569,22.76,0,Travel,Android,Hyderabad,1,246,0,0
TXN001570,78.66,10,Travel,Android,Delhi,0,1941,1,0
TXN001571,384.95,10,Food,iOS,Delhi,0,637,0,0
TXN001572,32.95,5,Entertainment,Android,Pune,1,1302,0,0
TXN001573,211.09,22,Travel,Android,Mumbai,0,724,0,0
TXN001574,29.14,7,Food,Android,Chennai,1,2690,0,0
TXN001575,259.75,1,Shopping,Web,Mumbai,0,2817,1,0
TXN001576,142.2,14,Entertainment,Android,Delhi,1,2058,0,0
TXN001577,21.37,22,Entertainment,Android,Mumbai,0,501,0,0
TXN001578,600.45,21,Travel,Android,Chennai,0,1391,0,0
TXN001579,61.47,8,Travel,iOS,Hyderabad,0,414,0,0
TXN001580,56.13,14,Bills,Android,Bangalore,1,32,0,0
TXN001581,188.8,7,Shopping,Android,Delhi,0,2660,0,0
TXN001582,588.96,15,Shopping,Android,Mumbai,0,126,0,0
TXN001583,43.86,13,Other,iOS,Delhi,0,626,0,0
TXN001584,159.81,14,Food,Android,Bangalore,0,2828,0,0
TXN001585,248.29,19,Food,iOS,Mumbai,0,717,0,0
TXN001586,340.95,12,Bills,Android,Hyderabad,0,672,0,0
TXN001587,183.41,8,Other,Web,Bangalore,1,718,0,0
TXN001588,95.54,0,Shopping,iOS,Chennai,0,642,1,0
TXN001589,54.98,5,Food,iOS,Chennai,2,1493,0,0
TXN001590,164.58,7,Shopping,Android,Delhi,0,1782,0,0
TXN001591,40.99,19,Shopping,Android,Chennai,0,729,0,0
TXN001592,4.46,17,Other,Android,Mumbai,0,382,1,0
TXN001593,250.6,17,Food,iOS,Chennai,0,2258,0,0
TXN001594,439.1,16,Travel,Web,Hyderabad,1,1871,0,0
TXN001595,8.71,20,Travel,Android,Pune,1,2046,0,0
TXN001596,44.18,15,Other,iOS,Mumbai,0,506,0,0
TXN001597,311.99,12,Food,Android,Pune,0,1456,0,0
TXN001598,1752.84,21,Bills,Web,Delhi,0,2743,0,1
TXN001599,152.16,3,Entertainment,Android,Delhi,1,2068,0,0
TXN001600,61.95,3,Other,Android,Chennai,0,2499,0,0
TXN001601,119.17,20,Shopping,Android,Chennai,3,2982,0,0
TXN001602,772.67,13,Other,iOS,Delhi,2,1099,0,1
TXN001603,68.36,4,Entertainment,iOS,Mumbai,0,891,0,0
TXN001604,56.88,15,Other,Android,Bangalore,2,115,0,0
TXN001605,83.16,13,Food,Android,Delhi,0,2824,0,0
TXN001606,47.28,13,Shopping,Android,Hyderabad,0,2970,0,0
TXN001607,171.95,13,Entertainment,Android,Mumbai,0,2671,0,0
TXN001608,1042.75,23,Travel,Android,Bangalore,0,207,0,1
TXN001609,218.7,13,Bills,iOS,Bangalore,0,1891,0,0
TXN001610,109.64,18,Other,iOS,Mumbai,0,1954,0,0
TXN001611,104.57,2,Other,iOS,Delhi,0,1279,0,0
TXN001612,22.74,16,Entertainment,iOS,Bangalore,0,2270,0,0
TXN001613,428.26,13,Bills,Android,Hyderabad,0,1199,0,0
TXN001614,135.18,9,Other,iOS,Pune,0,2872,0,0
TXN001615,119.51,12,Travel,Android,Mumbai,0,2564,0,0
TXN001616,6848.12,21,Entertainment,iOS,Chennai,1,2719,0,1
TXN001617,212.41,3,Food,Android,Pune,0,496,0,0
TXN001618,60.21,10,Shopping,iOS,Delhi,2,2040,0,0
TXN001619,88.98,14,Travel,Android,Mumbai,1,2522,0,0
TXN001620,588.83,14,Bills,Android,Hyderabad,0,915,0,0
TXN001621,170.02,23,Bills,iOS,Pune,0,1459,0,0
TXN001622,26.42,1,Travel,Android,Pune,0,918,0,0
TXN001623,447.23,10,Food,Android,Bangalore,0,2168,0,0
TXN001624,66.57,1,Other,iOS,Delhi,0,92,0,0
TXN001625,1405.23,22,Food,iOS,Delhi,0,44,0,1
TXN001626,542.43,4,Other,Android,Mumbai,0,1807,0,0
TXN001627,86.77,12,Other,Android,Mumbai,0,1475,0,0
TXN001628,690.36,0,Bills,Android,Hyderabad,0,1926,0,0
TXN001629,161.0,6,Other,iOS,Chennai,1,1269,0,0
TXN001630,412.95,6,Travel,Android,Mumbai,0,1827,0,0
TXN001631,265.52,9,Other,iOS,Pune,0,2810,0,0
TXN001632,53.75,5,Travel,Android,Mumbai,0,2371,1,0
TXN001633,68.56,19,Shopping,Android,Mumbai,2,845,0,0
TXN001634,510.79,11,Bills,Android,Hyderabad,2,1580,0,0
TXN001635,99.31,12,Food,Android,Bangalore,1,2335,0,0
TXN001636,91.43,23,Entertainment,iOS,Chennai,1,1896,0,0
TXN001637,47.17,10,Food,Android,Hyderabad,0,2790,1,0
TXN001638,246.74,17,Food,Web,Mumbai,1,1965,0,0
TXN001639,1763.45,1,Entertainment,Android,Bangalore,1,2239,1,1
TXN001640,41.22,15,Bills,Android,Mumbai,1,456,0,0
TXN001641,152.79,1,Other,Android,Hyderabad,1,53,1,0
TXN001642,808.08,18,Shopping,iOS,Delhi,0,1294,0,1
TXN001643,134.89,5,Food,iOS,Mumbai,0,1027,0,0
TXN001644,255.4,0,Other,Android,Bangalore,1,1155,0,0
TXN001645,41.48,10,Food,Web,Chennai,0,1334,0,0
TXN001646,248.13,17,Bills,Android,Delhi,0,2706,0,0
TXN001647,118.56,9,Bills,iOS,Mumbai,0,2622,0,0
TXN001648,484.38,17,Travel,iOS,Mumbai,1,328,0,0
TXN001649,617.0,0,Bills,iOS,Bangalore,1,1070,0,0
TXN001650,3319.19,18,Bills,Web,Delhi,0,577,0,1
TXN001651,297.54,15,Food,iOS,Delhi,0,2054,0,0
TXN001652,219.41,6,Shopping,Web,Delhi,1,1456,0,0
TXN001653,187.4,14,Food,Android,Mumbai,0,2348,0,0
TXN001654,97.14,0,Other,Android,Delhi,0,2147,0,0
TXN001655,222.78,22,Bills,iOS,Mumbai,1,2305,0,0
TXN001656,104.12,20,Travel,iOS,Mumbai,1,2314,0,0
TXN001657,181.66,8,Shopping,Android,Pune,0,226,0,0
TXN001658,721.34,1,Travel,Android,Delhi,0,1567,0,0
TXN001659,44.35,16,Entertainment,iOS,Hyderabad,0,1160,0,0
TXN001660,582.81,23,Travel,Web,Chennai,1,1292,0,0
TXN001661,720.93,9,Travel,Android,Chennai,0,398,0,0
TXN001662,128.81,5,Other,Android,Hyderabad,0,846,0,0
TXN001663,11.63,4,Bills,Android,Delhi,0,1521,0,0
TXN001664,71.57,7,Other,Android,Mumbai,2,2961,0,0
TXN001665,703.73,7,Bills,iOS,Bangalore,0,749,0,0
TXN001666,144.4,4,Other,Web,Hyderabad,0,2792,0,0
TXN001667,44.74,11,Bills,Android,Chennai,3,668,0,0
TXN001668,80.99,6,Bills,iOS,Chennai,0,825,0,0
TXN001669,406.97,12,Bills,iOS,Mumbai,0,2419,0,0
TXN001670,286.03,12,Travel,Android,Chennai,0,2232,0,0
TXN001671,111.42,16,Entertainment,iOS,Chennai,0,2533,0,0
TXN001672,95.57,3,Bills,iOS,Mumbai,0,1716,0,0
TXN001673,92.75,17,Entertainment,iOS,Delhi,0,2109,0,0
TXN001674,49.06,9,Entertainment,Android,Pune,0,1033,0,0
TXN001675,1031.17,2,Food,iOS,Chennai,0,1068,0,1
TXN001676,100.81,11,Food,Android,Pune,0,1912,0,0
TXN001677,639.44,0,Shopping,Android,Pune,1,2205,0,0
TXN001678,921.11,10,Other,Android,Delhi,1,1432,0,1
TXN001679,491.75,17,Food,Android,Bangalore,1,2017,0,0
TXN001680,88.42,12,Bills,Android,Delhi,0,2501,0,0
TXN001681,240.92,16,Entertainment,Android,Mumbai,1,125,0,0
TXN001682,144.17,7,Other,iOS,Mumbai,0,844,0,0
TXN001683,50.18,19,Shopping,iOS,Mumbai,0,2690,0,0
TXN001684,219.03,18,Food,Android,Chennai,1,1171,1,0
TXN001685,36.06,16,Travel,Android,Hyderabad,0,2599,0,0
TXN001686,617.21,1,Other,iOS,Chennai,2,2005,0,0
TXN001687,84.98,2,Shopping,Android,Delhi,1,253,0,0
TXN001688,188.93,2,Bills,Android,Bangalore,0,1277,0,0
TXN001689,208.5,5,Other,iOS,Bangalore,1,2325,0,0
TXN001690,108.78,9,Entertainment,Android,Bangalore,0,1004,0,0
TXN001691,300.08,23,Bills,Android,Pune,1,1891,0,0
TXN001692,83.94,21,Bills,Android,Bangalore,0,678,0,0
TXN001693,422.23,17,Other,Android,Pune,0,771,0,0
TXN001694,29.51,17,Travel,Web,Hyderabad,0,2939,0,0
TXN001695,172.72,13,Travel,Android,Bangalore,1,1606,1,0
TXN001696,1520.38,15,Other,Android,Pune,2,2629,0,1
TXN001697,44.68,6,Other,iOS,Chennai,0,813,0,0
TXN001698,65.81,0,Other,Android,Bangalore,0,1817,0,0
TXN001699,274.98,16,Entertainment,Android,Mumbai,0,167,0,0
TXN001700,184.1,22,Food,iOS,Delhi,0,2086,0,0
TXN001701,226.05,4,Bills,iOS,Chennai,0,1861,0,0
TXN001702,266.94,0,Other,Android,Hyderabad,0,598,0,0
TXN001703,317.88,20,Food,Android,Chennai,0,2379,0,0
TXN001704,562.08,16,Entertainment,iOS,Mumbai,1,660,0,0
TXN001705,242.69,9,Bills,Android,Bangalore,0,1828,1,0
TXN001706,111.11,11,Food,Android,Bangalore,0,200,1,0
TXN001707,332.65,19,Bills,Android,Hyderabad,0,913,0,0
TXN001708,1450.78,1,Travel,Android,Delhi,0,541,1,1
TXN001709,126.58,22,Other,Android,Bangalore,0,1949,0,0
TXN001710,46.09,15,Travel,Android,Pune,0,2446,1,0
TXN001711,560.31,14,Shopping,iOS,Hyderabad,2,404,0,0
TXN001712,128.45,12,Entertainment,Android,Bangalore,0,1925,0,0
TXN001713,10.94,17,Other,Android,Pune,0,233,0,0
TXN001714,410.31,19,Food,Android,Chennai,0,86,0,0
TXN001715,78.07,21,Bills,iOS,Hyderabad,0,686,0,0
TXN001716,133.13,13,Shopping,Android,Hyderabad,0,1078,0,0
TXN001717,221.05,17,Entertainment,Android,Hyderabad,0,2224,0,0
TXN001718,186.53,1,Entertainment,Android,Bangalore,0,2999,0,0
TXN001719,347.7,1,Entertainment,Android,Hyderabad,0,101,0,0
TXN001720,88.01,2,Food,Web,Chennai,0,1587,0,0
TXN001721,274.71,4,Other,iOS,Delhi,2,779,0,0
TXN001722,108.69,15,Travel,Android,Delhi,0,982,0,0
TXN001723,360.17,21,Shopping,iOS,Mumbai,0,2213,0,0
TXN001724,310.58,14,Food,Android,Chennai,0,1099,0,0
TXN001725,48.3,11,Bills,Android,Chennai,0,546,0,0
TXN001726,546.31,8,Food,Android,Hyderabad,0,1065,0,0
TXN001727,78.01,13,Bills,iOS,Mumbai,0,56,0,0
TXN001728,391.38,20,Bills,Android,Pune,0,113,1,0
TXN001729,230.61,15,Entertainment,Android,Pune,1,1960,0,0
TXN001730,1347.25,10,Food,Android,Chennai,0,2625,1,1
TXN001731,113.5,5,Travel,Android,Chennai,1,1105,0,0
TXN001732,97.59,9,Bills,iOS,Chennai,1,1695,0,0
TXN001733,144.99,7,Entertainment,iOS,Bangalore,1,103,1,0
TXN001734,103.15,15,Travel,iOS,Chennai,0,519,0,0
TXN001735,387.58,2,Food,iOS,Pune,0,2089,1,0
TXN001736,21.34,1,Travel,Web,Bangalore,2,1389,0,0
TXN001737,41.91,15,Food,Android,Pune,1,1307,0,0
TXN001738,41.21,18,Bills,Android,Chennai,0,2748,0,0
TXN001739,464.22,8,Shopping,Android,Pune,0,632,1,0
TXN001740,1156.02,15,Shopping,Android,Delhi,0,2749,0,1
TXN001741,130.93,21,Other,Android,Bangalore,1,1031,0,0
TXN001742,121.2,3,Other,Android,Bangalore,3,861,1,0
TXN001743,161.43,9,Bills,Android,Hyderabad,1,1157,0,0
TXN001744,598.4,18,Travel,Android,Chennai,1,632,1,0
TXN001745,48.77,12,Food,Web,Mumbai,0,2392,0,0
TXN001746,197.56,17,Shopping,Android,Mumbai,1,822,0,0
TXN001747,478.3,14,Food,Android,Mumbai,1,1925,0,0
TXN001748,270.78,3,Bills,iOS,Mumbai,0,97,0,0
TXN001749,186.33,8,Travel,Android,Delhi,0,1554,0,0
TXN001750,493.37,3,Food,Android,Mumbai,0,1225,1,0
TXN001751,5.79,15,Travel,Android,Pune,0,1736,0,0
TXN001752,334.77,20,Shopping,iOS,Hyderabad,0,1196,0,0
TXN001753,67.7,14,Food,iOS,Mumbai,2,1962,0,0
TXN001754,16.5,23,Entertainment,iOS,Hyderabad,0,1790,0,0
TXN001755,274.09,1,Shopping,Android,Bangalore,0,226,0,0
TXN001756,771.54,13,Travel,Android,Pune,0,1763,0,1
TXN001757,125.85,2,Bills,Android,Chennai,1,694,1,0
TXN001758,465.66,21,Entertainment,Web,Mumbai,0,2599,0,0
TXN001759,1027.35,22,Other,iOS,Hyderabad,0,2267,0,1
TXN001760,719.03,3,Food,Android,Pune,3,41,1,0
TXN001761,1062.05,0,Other,iOS,Hyderabad,0,992,0,1
TXN001762,361.61,22,Shopping,Android,Chennai,0,1082,0,0
TXN001763,162.47,8,Food,Web,Bangalore,0,1018,0,0
TXN001764,21.71,16,Food,iOS,Mumbai,0,2632,1,0
TXN001765,110.47,13,Entertainment,Android,Hyderabad,1,117,1,0
TXN001766,53.95,16,Entertainment,iOS,Mumbai,0,885,0,0
TXN001767,2008.48,0,Entertainment,Android,Pune,1,502,1,1
TXN001768,120.17,9,Entertainment,Android,Delhi,0,140,0,0
TXN001769,172.06,22,Bills,iOS,Hyderabad,0,1934,0,0
TXN001770,287.66,15,Travel,Android,Bangalore,1,2498,0,0
TXN001771,156.39,18,Entertainment,Android,Pune,0,2146,0,0
TXN001772,1134.63,23,Shopping,iOS,Chennai,1,2196,0,1
TXN001773,70.3,2,Food,iOS,Hyderabad,1,808,0,0
TXN001774,187.45,11,Other,Android,Delhi,0,276,0,0
TXN001775,60.89,2,Entertainment,Android,Chennai,0,2908,0,0
TXN001776,30.45,14,Shopping,iOS,Bangalore,0,2099,0,0
TXN001777,71.23,16,Bills,Android,Mumbai,0,2065,0,0
TXN001778,141.96,17,Shopping,iOS,Mumbai,0,428,0,0
TXN001779,88.66,6,Other,Android,Hyderabad,0,1551,0,0
TXN001780,64.66,18,Other,Android,Chennai,0,355,0,0
TXN001781,27.45,6,Shopping,Android,Delhi,0,1245,0,0
TXN001782,134.33,4,Bills,Android,Delhi,1,631,0,0
TXN001783,24.39,7,Other,iOS,Bangalore,0,675,0,0
TXN001784,369.47,20,Bills,Android,Pune,0,381,0,0
TXN001785,163.85,15,Food,Android,Chennai,0,840,0,0
TXN001786,25.81,15,Entertainment,iOS,Chennai,2,433,0,0
TXN001787,102.41,18,Other,Android,Mumbai,0,2714,0,0
TXN001788,60.18,14,Shopping,Android,Bangalore,0,1920,0,0
TXN001789,217.68,6,Travel,Android,Bangalore,0,1480,0,0
TXN001790,741.4,4,Travel,Android,Pune,0,2779,0,1
TXN001791,15.64,22,Food,Android,Bangalore,2,2400,1,0
TXN001792,170.38,10,Travel,Android,Chennai,0,623,0,0
TXN001793,122.47,9,Food,Android,Mumbai,0,2304,0,0
TXN001794,332.16,20,Entertainment,iOS,Bangalore,1,2257,0,0
TXN001795,191.68,22,Food,Android,Mumbai,0,1531,0,0
TXN001796,60.2,8,Bills,iOS,Pune,2,1468,0,0
TXN001797,101.2,0,Bills,iOS,Bangalore,0,980,0,0
TXN001798,57.1,19,Bills,Android,Chennai,1,2913,0,0
TXN001799,539.81,0,Other,Android,Mumbai,1,693,0,0
TXN001800,152.26,7,Bills,Android,Hyderabad,2,2014,0,0
TXN001801,1453.06,2,Bills,Android,Pune,0,183,1,1
TXN001802,137.99,1,Bills,Web,Bangalore,0,762,0,0
TXN001803,63.43,3,Bills,iOS,Chennai,0,835,0,0
TXN001804,24.13,18,Other,iOS,Mumbai,1,151,0,0
TXN001805,17.05,10,Bills,iOS,Delhi,0,211,0,0
TXN001806,22.18,4,Bills,Android,Chennai,0,1479,0,0
TXN001807,204.5,23,Entertainment,Android,Chennai,2,2613,0,0
TXN001808,273.27,9,Other,Android,Delhi,0,1733,0,0
TXN001809,22.26,23,Bills,iOS,Delhi,1,367,0,0
TXN001810,434.43,22,Food,iOS,Hyderabad,1,2180,0,0
TXN001811,83.12,7,Entertainment,Android,Hyderabad,0,260,0,0
TXN001812,177.0,12,Other,Android,Hyderabad,0,1235,0,0
TXN001813,1027.27,4,Travel,Android,Chennai,0,2704,1,1
TXN001814,435.37,11,Shopping,iOS,Chennai,0,808,0,0
TXN001815,107.53,12,Other,Web,Chennai,0,2952,0,0
TXN001816,50.94,21,Entertainment,Android,Hyderabad,0,757,0,0
TXN001817,11.22,7,Bills,Android,Mumbai,0,892,0,0
TXN001818,62.62,14,Entertainment,Android,Chennai,0,2967,0,0
TXN001819,115.2,12,Shopping,Android,Chennai,3,1564,0,0
TXN001820,45.39,0,Shopping,iOS,Chennai,1,2043,0,0
TXN001821,126.78,21,Other,Android,Hyderabad,0,1863,1,0
TXN001822,162.75,5,Bills,iOS,Bangalore,0,32,0,0
TXN001823,113.32,10,Bills,Android,Hyderabad,0,1529,0,0
TXN001824,68.03,12,Food,Android,Bangalore,0,1374,0,0
TXN001825,181.71,20,Shopping,Android,Hyderabad,1,937,0,0
TXN001826,252.23,19,Bills,iOS,Mumbai,0,1601,1,0
TXN001827,40.11,0,Shopping,iOS,Mumbai,0,1237,0,0
TXN001828,806.83,10,Food,Android,Chennai,0,2257,0,1
TXN001829,131.85,10,Travel,Android,Hyderabad,1,1941,0,0
TXN001830,151.81,7,Shopping,Android,Bangalore,0,154,1,0
TXN001831,347.18,21,Food,Android,Bangalore,0,1725,0,0
TXN001832,196.34,2,Food,iOS,Mumbai,0,1493,0,0
TXN001833,465.8,18,Food,Android,Chennai,2,2462,1,0
TXN001834,209.46,11,Entertainment,Android,Bangalore,0,2074,0,0
TXN001835,71.17,5,Other,iOS,Hyderabad,0,2723,0,0
TXN001836,229.02,22,Bills,Android,Chennai,0,2040,0,0
TXN001837,37.62,7,Shopping,Android,Pune,0,2279,0,0
TXN001838,169.06,4,Other,Android,Hyderabad,0,693,0,0
TXN001839,142.61,9,Entertainment,iOS,Hyderabad,1,357,1,0
TXN001840,115.61,21,Shopping,iOS,Mumbai,1,878,0,0
TXN001841,127.2,15,Other,Android,Hyderabad,0,2485,0,0
TXN001842,15.51,11,Entertainment,iOS,Delhi,1,618,0,0
TXN001843,76.83,16,Bills,Android,Chennai,0,294,0,0
TXN001844,165.9,5,Food,iOS,Delhi,1,1496,0,0
TXN001845,179.8,8,Other,Web,Hyderabad,0,283,0,0
TXN001846,43.24,9,Other,iOS,Hyderabad,1,1123,0,0
TXN001847,677.8,19,Shopping,iOS,Mumbai,0,1588,1,0
TXN001848,52.49,13,Food,Android,Mumbai,1,1266,0,0
TXN001849,475.02,13,Bills,iOS,Pune,0,1838,0,0
TXN001850,247.8,16,Shopping,iOS,Mumbai,0,639,0,0
TXN001851,68.34,15,Travel,Android,Pune,0,2039,0,0
TXN001852,1249.34,3,Travel,iOS,Mumbai,0,2063,0,1
TXN001853,35.43,1,Travel,iOS,Pune,1,2614,0,0
TXN001854,447.19,15,Bills,Android,Bangalore,0,2957,0,0
TXN001855,493.09,0,Travel,Android,Mumbai,0,579,0,0
TXN001856,66.37,2,Other,iOS,Hyderabad,1,1248,0,0
TXN001857,789.15,22,Shopping,iOS,Pune,0,2347,0,1
TXN001858,109.94,10,Other,iOS,Hyderabad,1,1543,0,0
TXN001859,209.86,15,Travel,iOS,Pune,0,807,0,0
TXN001860,202.83,17,Shopping,iOS,Chennai,1,228,0,0
TXN001861,126.32,14,Other,iOS,Pune,1,2219,0,0
TXN001862,392.67,8,Bills,Android,Delhi,1,1294,0,0
TXN001863,384.59,11,Food,iOS,Pune,1,1262,0,0
TXN001864,18.21,17,Other,Android,Pune,0,1319,0,0
TXN001865,709.96,4,Entertainment,Android,Bangalore,0,384,0,0
TXN001866,20.19,23,Travel,Android,Bangalore,1,2894,0,0
TXN001867,512.37,7,Entertainment,Android,Chennai,0,2058,0,0
TXN001868,573.67,2,Food,Android,Chennai,1,2253,1,0
TXN001869,40.08,1,Bills,Android,Mumbai,0,416,0,0
TXN001870,90.65,18,Other,Android,Chennai,1,2649,0,0
TXN001871,39.38,7,Bills,Android,Bangalore,1,2870,0,0
TXN001872,114.67,1,Food,Android,Delhi,0,1898,0,0
TXN001873,102.55,18,Entertainment,iOS,Pune,0,662,0,0
TXN001874,378.26,0,Other,iOS,Delhi,1,196,0,0
TXN001875,715.06,21,Travel,iOS,Bangalore,0,2635,0,0
TXN001876,792.21,12,Shopping,Android,Mumbai,0,1352,0,1
TXN001877,75.6,22,Bills,iOS,Delhi,0,826,0,0
TXN001878,115.46,19,Food,Android,Pune,1,1156,0,0
TXN001879,19.69,16,Other,Android,Pune,0,115,0,0
TXN001880,56.43,2,Entertainment,iOS,Delhi,2,1920,0,0
TXN001881,472.4,8,Travel,iOS,Mumbai,1,2744,0,0
TXN001882,1031.43,4,Entertainment,iOS,Delhi,1,1903,0,1
TXN001883,33.74,5,Travel,iOS,Hyderabad,0,1421,0,0
TXN001884,72.9,3,Other,Android,Bangalore,1,2080,0,0
TXN001885,143.78,16,Shopping,iOS,Delhi,0,2901,0,0
TXN001886,207.72,20,Shopping,iOS,Delhi,0,2956,0,0
TXN001887,56.18,20,Food,iOS,Mumbai,0,2866,0,0
TXN001888,246.87,20,Food,iOS,Delhi,0,1077,0,0
TXN001889,84.05,15,Travel,Android,Mumbai,1,1527,0,0
TXN001890,145.86,15,Travel,Android,Bangalore,0,1873,0,0
TXN001891,285.87,21,Travel,Android,Hyderabad,0,2602,0,0
TXN001892,149.56,10,Travel,Android,Chennai,0,1271,0,0
TXN001893,87.91,1,Other,Android,Bangalore,0,525,0,0
TXN001894,130.12,16,Other,Android,Delhi,1,2760,0,0
TXN001895,133.48,14,Shopping,Web,Hyderabad,0,2939,0,0
TXN001896,95.2,17,Food,iOS,Chennai,1,619,0,0
TXN001897,108.79,9,Food,iOS,Chennai,1,1804,0,0
TXN001898,1010.68,5,Bills,Android,Pune,1,1810,0,1
TXN001899,290.94,20,Food,Android,Pune,1,2070,0,0
TXN001900,104.11,15,Food,iOS,Delhi,0,59,1,0
TXN001901,342.53,4,Entertainment,Android,Pune,0,2544,0,0
TXN001902,99.43,11,Entertainment,iOS,Chennai,0,2280,0,0
TXN001903,606.53,5,Bills,Web,Chennai,1,753,0,0
TXN001904,231.27,13,Travel,Android,Bangalore,0,182,0,0
TXN001905,130.48,22,Bills,iOS,Pune,0,707,0,0
TXN001906,253.98,15,Bills,Android,Pune,1,2120,0,0
TXN001907,22.53,6,Shopping,iOS,Bangalore,0,2491,0,0
TXN001908,38.39,1,Other,Android,Chennai,0,1605,0,0
TXN001909,35.42,5,Food,Android,Mumbai,1,2520,0,0
TXN001910,176.18,8,Shopping,iOS,Delhi,0,2228,0,0
TXN001911,1186.8,6,Other,iOS,Mumbai,0,1646,0,1
TXN001912,2159.34,1,Food,iOS,Mumbai,0,1310,1,1
TXN001913,319.15,18,Bills,Android,Chennai,0,1156,1,0
TXN001914,270.7,7,Food,iOS,Delhi,0,1606,0,0
TXN001915,17.09,10,Travel,iOS,Mumbai,1,2907,0,0
TXN001916,77.38,3,Travel,Web,Bangalore,1,1753,0,0
TXN001917,57.67,15,Bills,iOS,Bangalore,1,1447,0,0
TXN001918,70.46,17,Entertainment,iOS,Delhi,0,137,0,0
TXN001919,121.3,12,Travel,iOS,Mumbai,0,2406,0,0
TXN001920,84.22,4,Bills,iOS,Hyderabad,0,1561,0,0
TXN001921,13.8,1,Shopping,Android,Pune,0,2783,1,0
TXN001922,364.12,10,Entertainment,Android,Hyderabad,0,662,1,0
TXN001923,40.96,0,Travel,iOS,Delhi,0,1863,0,0
TXN001924,197.77,12,Bills,iOS,Pune,0,626,1,0
TXN001925,1788.08,4,Bills,iOS,Delhi,0,455,1,1
TXN001926,49.24,17,Shopping,Android,Hyderabad,5,936,0,0
TXN001927,7.13,13,Shopping,Android,Mumbai,1,2310,0,0
TXN001928,105.3,12,Entertainment,Android,Mumbai,1,2528,0,0
TXN001929,556.21,6,Other,Android,Chennai,1,784,0,0
TXN001930,1556.22,7,Travel,Android,Pune,0,1320,0,1
TXN001931,33.94,17,Bills,Web,Delhi,0,2593,0,0
TXN001932,269.36,6,Entertainment,Android,Mumbai,0,2668,0,0
TXN001933,84.91,19,Entertainment,Android,Hyderabad,1,1801,0,0
TXN001934,130.69,16,Shopping,Android,Pune,0,2561,0,0
TXN001935,3544.71,15,Bills,Web,Hyderabad,0,108,0,1
TXN001936,24.45,10,Food,iOS,Bangalore,2,2766,0,0
TXN001937,201.24,18,Other,Android,Mumbai,1,1295,0,0
TXN001938,260.14,0,Other,Web,Chennai,0,2483,0,0
TXN001939,546.18,20,Shopping,Android,Chennai,2,935,0,0
TXN001940,166.93,7,Bills,Android,Pune,0,305,0,0
TXN001941,214.79,0,Entertainment,iOS,Delhi,0,2071,0,0
TXN001942,92.76,8,Other,Android,Bangalore,2,207,0,0
TXN001943,204.99,18,Entertainment,iOS,Pune,0,700,1,0
TXN001944,98.31,20,Travel,Web,Hyderabad,0,841,0,0
TXN001945,312.9,8,Food,iOS,Hyderabad,1,1596,0,0
TXN001946,95.25,20,Shopping,Android,Delhi,0,360,0,0
TXN001947,233.35,9,Other,Android,Chennai,1,2630,0,0
TXN001948,143.29,23,Travel,Android,Chennai,0,1935,0,0
TXN001949,573.21,22,Travel,Android,Hyderabad,0,203,0,0
TXN001950,139.54,10,Food,Android,Delhi,0,1875,0,0
TXN001951,17.68,0,Shopping,Android,Pune,1,2554,0,0
TXN001952,674.73,19,Shopping,iOS,Mumbai,0,121,0,0
TXN001953,50.05,7,Entertainment,iOS,Pune,0,2587,0,0
TXN001954,67.73,19,Shopping,Android,Bangalore,0,2973,1,0
TXN001955,72.62,11,Travel,Android,Chennai,0,2678,0,0
TXN001956,772.26,0,Entertainment,Android,Pune,0,628,0,1
TXN001957,11.44,9,Shopping,Android,Chennai,2,1598,0,0
TXN001958,6407.97,3,Food,Android,Chennai,1,443,1,1
TXN001959,527.04,14,Travel,Android,Mumbai,1,2214,0,0
TXN001960,194.01,18,Bills,iOS,Mumbai,0,2755,0,0
TXN001961,138.95,5,Food,iOS,Pune,0,118,0,0
TXN001962,209.07,4,Food,Android,Bangalore,0,1647,0,0
TXN001963,277.37,4,Shopping,iOS,Chennai,1,1096,0,0
TXN001964,321.91,17,Entertainment,Android,Hyderabad,0,1700,0,0
TXN001965,289.09,2,Entertainment,iOS,Chennai,0,373,0,0
TXN001966,165.26,21,Travel,Android,Bangalore,0,2373,0,0
TXN001967,117.12,1,Shopping,Android,Pune,1,370,0,0
TXN001968,123.78,3,Entertainment,Android,Bangalore,1,2708,0,0
TXN001969,117.46,17,Other,Android,Hyderabad,1,1371,0,0
TXN001970,578.55,8,Bills,iOS,Mumbai,1,64,0,0
TXN001971,302.56,18,Other,Web,Hyderabad,0,200,0,0
TXN001972,4.36,9,Shopping,iOS,Bangalore,0,415,0,0
TXN001973,326.06,21,Shopping,Android,Hyderabad,0,364,0,0
TXN001974,187.48,14,Entertainment,iOS,Chennai,0,108,0,0
TXN001975,145.12,0,Food,iOS,Bangalore,0,2449,0,0
TXN001976,93.11,10,Shopping,iOS,Pune,0,1221,0,0
TXN001977,571.88,13,Food,iOS,Mumbai,0,2029,1,0
TXN001978,462.68,9,Travel,iOS,Mumbai,0,2313,0,0
TXN001979,58.71,18,Travel,iOS,Hyderabad,0,1867,0,0
TXN001980,241.89,23,Entertainment,iOS,Hyderabad,1,1586,0,0
TXN001981,46.25,20,Travel,Android,Hyderabad,0,522,0,0
TXN001982,28.35,15,Other,Android,Pune,1,2726,0,0
TXN001983,69.96,7,Other,iOS,Chennai,0,1380,0,0
TXN001984,417.75,1,Other,iOS,Mumbai,0,184,0,0
TXN001985,465.8,22,Entertainment,Android,Bangalore,2,2143,0,0
TXN001986,274.71,6,Entertainment,Web,Bangalore,0,1797,0,0
TXN001987,354.29,18,Other,Android,Mumbai,0,1591,1,0
TXN001988,275.73,6,Food,Android,Pune,0,1418,0,0
TXN001989,68.73,14,Other,Android,Hyderabad,0,229,0,0
TXN001990,249.21,7,Food,Web,Delhi,1,541,0,0
TXN001991,387.8,13,Travel,Android,Hyderabad,0,2589,0,0
TXN001992,366.92,0,Food,Android,Pune,0,2575,0,0
TXN001993,618.13,12,Shopping,Android,Mumbai,1,2762,0,0
TXN001994,347.22,2,Bills,Android,Chennai,1,2772,0,0
TXN001995,226.27,20,Shopping,iOS,Hyderabad,0,1093,0,0
TXN001996,536.02,5,Shopping,Android,Bangalore,0,2349,0,0
TXN001997,143.76,18,Entertainment,iOS,Chennai,0,2801,0,0
TXN001998,51.51,14,Bills,Web,Mumbai,1,2237,0,0
TXN001999,122.04,3,Entertainment,Android,Delhi,0,2112,0,0
TXN002000,60.71,20,Food,iOS,Hyderabad,0,2909,0,0
TXN002001,66.01,2,Other,Android,Chennai,0,2013,1,0
TXN002002,124.78,3,Food,Android,Chennai,0,2503,1,0
TXN002003,57.35,4,Bills,iOS,Bangalore,1,2198,0,0
TXN002004,102.56,17,Travel,iOS,Hyderabad,0,1487,0,0
TXN002005,15.3,9,Food,Android,Delhi,0,2493,0,0
TXN002006,191.7,7,Shopping,Android,Chennai,1,315,0,0
TXN002007,148.63,11,Bills,Web,Bangalore,0,1008,0,0
TXN002008,55.67,21,Bills,iOS,Hyderabad,0,434,0,0
TXN002009,327.37,2,Food,Android,Hyderabad,0,517,0,0
TXN002010,457.18,17,Food,Android,Delhi,1,1284,0,0
TXN002011,21.56,22,Entertainment,Android,Bangalore,0,1153,0,0
TXN002012,59.43,7,Entertainment,Android,Delhi,0,2007,0,0
TXN002013,58.97,0,Shopping,Android,Chennai,1,2822,0,0
TXN002014,48.04,13,Bills,Android,Pune,1,1055,0,0
TXN002015,401.57,21,Travel,Android,Mumbai,0,1562,0,0
TXN002016,117.61,22,Travel,iOS,Mumbai,0,557,0,0
TXN002017,108.05,12,Bills,Android,Delhi,1,2810,0,0
TXN002018,13.4,11,Shopping,iOS,Delhi,0,2772,0,0
TXN002019,318.14,2,Entertainment,Android,Pune,1,2476,0,0
TXN002020,33.55,17,Entertainment,Android,Pune,0,276,0,0
TXN002021,159.48,20,Entertainment,Android,Pune,0,2018,0,0
TXN002022,207.03,12,Travel,iOS,Pune,0,657,0,0
TXN002023,759.6,14,Travel,Android,Mumbai,0,2146,0,1
TXN002024,30.86,9,Shopping,Android,Chennai,1,1975,0,0
TXN002025,3.96,0,Travel,Android,Pune,0,2641,0,0
TXN002026,185.05,5,Food,Android,Pune,0,426,0,0
TXN002027,1287.7,8,Travel,Android,Delhi,0,637,0,1
TXN002028,656.38,9,Entertainment,iOS,Pune,1,2362,0,0
TXN002029,190.87,14,Shopping,Android,Chennai,2,2223,0,0
TXN002030,82.27,8,Bills,iOS,Chennai,0,2463,0,0
TXN002031,390.94,22,Bills,Web,Bangalore,0,1336,0,0
TXN002032,46.14,13,Shopping,Android,Chennai,0,327,0,0
TXN002033,262.86,10,Food,iOS,Pune,0,1760,0,0
TXN002034,272.21,6,Bills,iOS,Hyderabad,0,1574,0,0
TXN002035,529.67,23,Entertainment,Web,Pune,0,2592,0,0
TXN002036,4070.79,1,Bills,Android,Mumbai,1,1091,1,1
TXN002037,237.67,13,Bills,iOS,Mumbai,0,1512,0,0
TXN002038,80.58,5,Entertainment,Web,Delhi,1,1123,0,0
TXN002039,143.93,4,Travel,Android,Delhi,0,2658,0,0
TXN002040,17.76,4,Food,Android,Bangalore,0,699,0,0
TXN002041,64.48,18,Entertainment,Web,Pune,0,811,0,0
TXN002042,90.82,18,Entertainment,iOS,Bangalore,0,2079,0,0
TXN002043,79.13,5,Other,Android,Hyderabad,0,2919,0,0
TXN002044,178.19,9,Shopping,iOS,Delhi,0,112,0,0
TXN002045,55.32,22,Food,Android,Mumbai,0,384,0,0
TXN002046,569.77,13,Travel,Android,Hyderabad,0,1839,0,0
TXN002047,148.45,16,Other,Android,Delhi,0,2020,0,0
TXN002048,146.77,2,Entertainment,iOS,Hyderabad,0,170,0,0
TXN002049,100.14,0,Other,iOS,Pune,0,1861,0,0
TXN002050,178.79,9,Travel,Android,Chennai,1,2677,0,0
TXN002051,399.46,2,Other,iOS,Chennai,0,2031,0,0
TXN002052,52.43,4,Other,Android,Hyderabad,1,1987,0,0
TXN002053,67.37,18,Other,iOS,Delhi,0,1449,0,0
TXN002054,103.08,9,Entertainment,Android,Chennai,1,864,0,0
TXN002055,29.52,15,Entertainment,Android,Chennai,1,2870,0,0
TXN002056,55.53,0,Shopping,iOS,Hyderabad,0,960,0,0
TXN002057,83.81,5,Bills,Android,Chennai,0,941,0,0
TXN002058,423.8,8,Food,iOS,Pune,0,2318,0,0
TXN002059,203.38,4,Shopping,Android,Mumbai,0,2701,0,0
TXN002060,187.22,13,Travel,Android,Chennai,1,1354,0,0
TXN002061,412.02,9,Other,Android,Pune,1,1046,0,0
TXN002062,125.86,1,Entertainment,iOS,Hyderabad,1,1205,0,0
TXN002063,237.12,4,Other,Android,Chennai,0,1050,1,0
TXN002064,131.12,0,Entertainment,iOS,Chennai,0,1015,0,0
TXN002065,204.06,9,Food,iOS,Bangalore,0,1931,0,0
TXN002066,73.75,21,Shopping,Android,Hyderabad,0,2983,0,0
TXN002067,7.95,8,Shopping,Android,Hyderabad,0,816,0,0
TXN002068,126.33,2,Travel,Android,Pune,0,2291,0,0
TXN002069,818.36,14,Shopping,Web,Bangalore,0,2869,0,1
TXN002070,451.0,3,Shopping,Android,Bangalore,0,1242,0,0
TXN002071,472.71,12,Bills,Android,Pune,1,2210,0,0
TXN002072,654.16,5,Food,Android,Mumbai,0,2157,0,0
TXN002073,165.07,19,Other,iOS,Chennai,1,130,0,0
TXN002074,188.06,16,Shopping,iOS,Delhi,2,1411,0,0
TXN002075,70.73,22,Travel,Web,Delhi,1,2041,0,0
TXN002076,101.57,4,Other,iOS,Bangalore,1,1577,0,0
TXN002077,310.73,14,Entertainment,Android,Hyderabad,0,664,0,0
TXN002078,629.33,7,Shopping,Android,Hyderabad,1,1418,0,0
TXN002079,125.55,4,Shopping,iOS,Pune,0,216,0,0
TXN002080,86.47,23,Other,Web,Mumbai,0,1405,0,0
TXN002081,148.51,12,Entertainment,Android,Delhi,0,2283,0,0
TXN002082,305.35,0,Bills,Android,Pune,1,2960,0,0
TXN002083,26.24,0,Food,iOS,Pune,1,76,1,0
TXN002084,9.44,6,Bills,Android,Hyderabad,0,2898,0,0
TXN002085,76.66,21,Travel,Android,Mumbai,0,2176,0,0
TXN002086,34.3,4,Other,Web,Mumbai,2,2582,0,0
TXN002087,80.66,13,Shopping,iOS,Bangalore,3,1786,0,0
TXN002088,124.3,14,Bills,Android,Delhi,1,452,0,0
TXN002089,86.15,20,Food,Android,Mumbai,0,1643,0,0
TXN002090,848.07,16,Travel,Android,Mumbai,2,1006,0,1
TXN002091,219.66,23,Bills,Web,Mumbai,1,2294,0,0
TXN002092,212.85,17,Shopping,Web,Delhi,0,2251,0,0
TXN002093,313.14,6,Food,iOS,Bangalore,0,2518,0,0
TXN002094,37.84,21,Shopping,Android,Chennai,1,2183,0,0
TXN002095,516.43,17,Shopping,Android,Hyderabad,0,1730,0,0
TXN002096,135.52,18,Travel,iOS,Pune,0,2488,0,0
TXN002097,331.81,19,Food,Android,Pune,1,1466,0,0
TXN002098,41.01,6,Entertainment,iOS,Delhi,1,142,0,0
TXN002099,23.0,7,Shopping,iOS,Delhi,0,175,0,0
TXN002100,396.02,12,Food,Android,Pune,0,2721,0,0
TXN002101,233.15,17,Shopping,Web,Delhi,1,2613,0,0
TXN002102,50.28,23,Bills,Android,Chennai,0,2375,0,0
TXN002103,52.27,10,Bills,iOS,Hyderabad,1,2265,0,0
TXN002104,572.79,8,Food,Android,Hyderabad,0,2188,0,0
TXN002105,35.61,22,Travel,iOS,Mumbai,0,85,0,0
TXN002106,1065.51,0,Entertainment,iOS,Pune,0,610,0,1
TXN002107,50.36,21,Bills,Android,Pune,0,559,0,0
TXN002108,319.28,7,Travel,Android,Pune,0,478,0,0
TXN002109,100.05,20,Entertainment,Android,Mumbai,0,1966,0,0
TXN002110,306.07,11,Bills,Android,Pune,0,1216,0,0
TXN002111,77.25,1,Entertainment,iOS,Bangalore,0,1697,0,0
TXN002112,122.08,14,Other,Android,Delhi,0,248,0,0
TXN002113,155.88,20,Shopping,Android,Bangalore,0,921,1,0
TXN002114,44.58,23,Food,Android,Delhi,1,360,0,0
TXN002115,361.04,17,Bills,iOS,Hyderabad,1,1192,0,0
TXN002116,80.17,16,Bills,iOS,Pune,0,2581,0,0
TXN002117,112.81,14,Shopping,Android,Bangalore,0,1409,0,0
TXN002118,45.01,19,Bills,iOS,Hyderabad,0,2358,0,0
TXN002119,6.86,19,Bills,iOS,Mumbai,0,873,0,0
TXN002120,118.01,8,Other,Android,Pune,0,41,0,0
TXN002121,2684.2,2,Bills,iOS,Hyderabad,1,1998,1,1
TXN002122,380.51,19,Bills,Android,Chennai,0,2642,0,0
TXN002123,145.02,18,Bills,Android,Bangalore,1,1149,1,0
TXN002124,108.26,17,Travel,Android,Pune,0,261,0,0
TXN002125,152.47,19,Bills,Android,Pune,0,1831,0,0
TXN002126,286.16,7,Shopping,iOS,Delhi,1,1165,0,0
TXN002127,35.98,0,Other,Android,Hyderabad,0,1968,0,0
TXN002128,565.2,23,Bills,Android,Pune,0,1100,0,0
TXN002129,350.18,23,Entertainment,Android,Pune,0,2331,0,0
TXN002130,351.36,14,Other,iOS,Bangalore,0,1572,0,0
TXN002131,251.18,18,Other,iOS,Delhi,0,1909,0,0
TXN002132,151.95,9,Entertainment,Android,Pune,0,1476,0,0
TXN002133,332.76,11,Shopping,iOS,Pune,2,2365,0,0
TXN002134,301.92,5,Travel,Web,Bangalore,0,1359,0,0
TXN002135,97.04,12,Shopping,Android,Bangalore,0,1968,0,0
TXN002136,74.57,3,Travel,iOS,Chennai,0,2451,0,0
TXN002137,167.71,12,Food,Android,Hyderabad,0,224,0,0
TXN002138,952.25,16,Entertainment,Android,Chennai,0,1974,0,1
TXN002139,33.55,0,Other,Android,Mumbai,0,1059,0,0
TXN002140,25.51,4,Other,Android,Pune,0,1534,0,0
TXN002141,180.86,23,Other,Web,Bangalore,0,894,0,0
TXN002142,157.76,16,Entertainment,Android,Hyderabad,0,2220,0,0
TXN002143,182.73,17,Entertainment,iOS,Mumbai,0,2780,0,0
TXN002144,198.89,6,Travel,Android,Pune,1,1713,0,0
TXN002145,113.54,15,Other,iOS,Mumbai,2,2248,0,0
TXN002146,886.99,7,Shopping,Android,Chennai,1,519,0,1
TXN002147,21.73,11,Travel,iOS,Mumbai,0,2173,0,0
TXN002148,54.92,13,Other,Android,Delhi,1,1248,0,0
TXN002149,131.12,18,Entertainment,iOS,Delhi,0,2337,0,0
TXN002150,20.66,10,Entertainment,iOS,Delhi,0,1289,0,0
TXN002151,120.18,11,Entertainment,iOS,Pune,0,2072,0,0
TXN002152,1089.82,12,Other,Android,Mumbai,1,1571,0,1
TXN002153,152.18,7,Entertainment,Android,Pune,0,1814,0,0
TXN002154,195.75,0,Food,iOS,Pune,1,81,1,0
TXN002155,32.71,8,Entertainment,Android,Bangalore,3,816,0,0
TXN002156,70.84,1,Other,Android,Hyderabad,1,151,1,0
TXN002157,94.61,13,Travel,Android,Delhi,0,1591,0,0
TXN002158,101.37,12,Entertainment,Android,Delhi,0,1869,0,0
TXN002159,690.88,15,Bills,Android,Delhi,0,2772,0,0
TXN002160,289.81,1,Food,iOS,Chennai,1,2166,0,0
TXN002161,39.11,3,Other,Android,Chennai,0,1496,1,0
TXN002162,199.5,11,Entertainment,Android,Delhi,0,67,0,0
TXN002163,269.85,15,Bills,Android,Delhi,1,113,0,0
TXN002164,583.0,9,Other,Android,Pune,0,1954,1,0
TXN002165,988.95,2,Travel,iOS,Chennai,0,1991,0,1
TXN002166,43.9,3,Food,Android,Hyderabad,0,1039,0,0
TXN002167,56.09,5,Entertainment,iOS,Bangalore,0,2786,0,0
TXN002168,32.82,22,Travel,Android,Hyderabad,0,768,0,0
TXN002169,112.08,4,Other,Android,Pune,1,1056,0,0
TXN002170,259.73,17,Bills,Android,Bangalore,0,1862,1,0
TXN002171,485.32,2,Other,Android,Mumbai,1,701,0,0
TXN002172,135.48,9,Other,iOS,Mumbai,0,59,0,0
TXN002173,101.11,10,Food,Android,Hyderabad,1,657,0,0
TXN002174,178.06,18,Entertainment,iOS,Chennai,1,1220,0,0
TXN002175,54.48,13,Travel,Web,Delhi,0,122,0,0
TXN002176,1821.56,20,Food,iOS,Mumbai,0,2295,0,1
TXN002177,21.56,10,Bills,Android,Pune,0,1241,0,0
TXN002178,185.25,20,Entertainment,Android,Chennai,0,1001,1,0
TXN002179,1682.99,3,Food,Web,Chennai,0,1775,1,1
TXN002180,149.63,23,Bills,iOS,Bangalore,0,915,0,0
TXN002181,118.15,21,Bills,iOS,Mumbai,2,727,0,0
TXN002182,96.65,5,Travel,Android,Hyderabad,0,2359,0,0
TXN002183,119.53,16,Other,iOS,Pune,1,1004,0,0
TXN002184,770.79,21,Bills,iOS,Chennai,0,418,0,1
TXN002185,10.44,18,Bills,Android,Hyderabad,0,958,0,0
TXN002186,934.6,12,Other,iOS,Hyderabad,0,2950,0,1
TXN002187,26.88,21,Shopping,Android,Pune,0,2214,0,0
TXN002188,107.77,9,Bills,Android,Mumbai,1,317,0,0
TXN002189,88.67,10,Entertainment,iOS,Pune,0,1386,0,0
TXN002190,300.75,5,Food,Android,Hyderabad,0,648,0,0
TXN002191,21.81,1,Other,Android,Hyderabad,1,441,0,0
TXN002192,258.43,0,Other,Android,Delhi,0,436,0,0
TXN002193,1684.41,10,Other,Android,Pune,1,629,0,1
TXN002194,28.91,15,Entertainment,Android,Hyderabad,0,2054,0,0
TXN002195,186.35,2,Other,Web,Delhi,0,1178,0,0
TXN002196,67.06,4,Entertainment,Android,Mumbai,1,2044,0,0
TXN002197,247.41,14,Travel,Android,Hyderabad,0,2699,0,0
TXN002198,151.86,14,Shopping,iOS,Chennai,0,1883,0,0
TXN002199,68.73,3,Other,Android,Pune,0,1375,0,0
TXN002200,266.52,22,Shopping,Android,Hyderabad,0,1787,0,0
TXN002201,1293.64,3,Other,Android,Delhi,1,1550,0,1
TXN002202,118.03,7,Entertainment,Android,Chennai,1,2146,0,0
TXN002203,352.03,6,Food,Android,Mumbai,1,2773,0,0
TXN002204,31.44,16,Shopping,Android,Pune,1,2572,0,0
TXN002205,47.1,14,Shopping,Android,Bangalore,1,913,0,0
TXN002206,261.62,4,Entertainment,iOS,Bangalore,0,1729,0,0
TXN002207,880.9,12,Shopping,Android,Delhi,0,2369,0,1
TXN002208,227.41,3,Travel,Web,Mumbai,1,1572,1,0
TXN002209,101.93,21,Entertainment,iOS,Mumbai,0,2810,0,0
TXN002210,148.29,16,Shopping,Android,Hyderabad,0,445,0,0
TXN002211,33.1,21,Shopping,Web,Bangalore,2,1272,1,0
TXN002212,306.56,16,Shopping,Android,Hyderabad,0,926,0,0
TXN002213,427.86,13,Entertainment,Android,Mumbai,0,447,0,0
TXN002214,86.27,13,Food,Android,Delhi,0,592,1,0
TXN002215,84.43,16,Bills,iOS,Delhi,0,1473,1,0
TXN002216,204.19,7,Other,Android,Chennai,0,1975,0,0
TXN002217,87.88,1,Shopping,Android,Delhi,0,2804,0,0
TXN002218,137.09,12,Bills,Android,Bangalore,1,1214,0,0
TXN002219,1843.95,21,Bills,iOS,Chennai,0,2078,1,1
TXN002220,110.34,15,Shopping,Android,Bangalore,1,1120,1,0
TXN002221,96.54,15,Shopping,Android,Hyderabad,0,192,1,0
TXN002222,68.23,5,Other,Android,Hyderabad,0,344,0,0
TXN002223,362.5,21,Bills,iOS,Delhi,0,362,0,0
TXN002224,119.41,23,Food,Android,Chennai,1,554,0,0
TXN002225,68.08,3,Bills,Android,Bangalore,1,2133,0,0
TXN002226,724.56,2,Food,iOS,Bangalore,0,2466,0,0
TXN002227,815.27,5,Travel,Android,Mumbai,0,622,0,1
TXN002228,72.2,3,Food,iOS,Delhi,0,1767,0,0
TXN002229,15.8,17,Other,Web,Pune,0,760,0,0
TXN002230,497.21,5,Entertainment,iOS,Hyderabad,0,556,0,0
TXN002231,65.26,4,Shopping,Android,Pune,0,153,0,0
TXN002232,383.27,8,Travel,Android,Mumbai,0,1750,0,0
TXN002233,13.96,10,Bills,Android,Hyderabad,1,2471,0,0
TXN002234,433.16,5,Food,Web,Hyderabad,0,733,0,0
TXN002235,34.69,15,Travel,Web,Bangalore,1,938,0,0
TXN002236,356.71,18,Entertainment,Android,Hyderabad,0,2989,0,0
TXN002237,150.98,10,Food,iOS,Chennai,1,1023,1,0
TXN002238,47.24,20,Other,iOS,Hyderabad,0,357,0,0
TXN002239,91.06,14,Bills,Android,Chennai,0,1596,0,0
TXN002240,338.18,23,Bills,Android,Hyderabad,0,2644,0,0
TXN002241,168.52,8,Food,Android,Mumbai,0,1017,0,0
TXN002242,299.25,23,Entertainment,Android,Bangalore,0,484,1,0
TXN002243,1590.38,18,Shopping,iOS,Mumbai,0,2751,0,1
TXN002244,22.71,18,Shopping,Web,Bangalore,0,766,0,0
TXN002245,1033.45,23,Bills,Android,Mumbai,1,1185,0,1
TXN002246,168.21,8,Entertainment,Android,Delhi,0,2004,0,0
TXN002247,50.47,22,Bills,Android,Hyderabad,1,131,0,0
TXN002248,30.07,3,Shopping,iOS,Hyderabad,0,1911,0,0
TXN002249,118.28,9,Bills,iOS,Delhi,0,1284,0,0
TXN002250,448.53,8,Food,Android,Delhi,3,1927,0,0
TXN002251,127.35,18,Other,iOS,Chennai,0,2648,0,0
TXN002252,909.95,14,Food,Android,Mumbai,0,838,0,1
TXN002253,26.01,18,Other,Android,Hyderabad,1,1271,0,0
TXN002254,146.28,1,Entertainment,Web,Chennai,0,2445,0,0
TXN002255,33.02,9,Shopping,Android,Pune,0,120,0,0
TXN002256,229.6,18,Entertainment,Android,Hyderabad,0,1791,0,0
TXN002257,430.21,16,Entertainment,Android,Delhi,0,1422,0,0
TXN002258,89.58,19,Shopping,Android,Chennai,0,2216,1,0
TXN002259,6.52,23,Travel,iOS,Pune,0,2191,0,0
TXN002260,188.43,20,Travel,iOS,Chennai,0,2099,0,0
TXN002261,250.66,1,Bills,iOS,Chennai,0,1076,0,0
TXN002262,241.09,18,Travel,Android,Mumbai,0,1118,0,0
TXN002263,653.89,16,Food,Android,Pune,0,489,0,0
TXN002264,41.05,17,Other,Android,Chennai,0,1763,0,0
TXN002265,335.71,16,Entertainment,iOS,Hyderabad,1,143,0,0
TXN002266,620.8,1,Bills,Android,Mumbai,0,1934,0,0
TXN002267,17.56,18,Entertainment,iOS,Hyderabad,0,1550,0,0
TXN002268,217.8,0,Shopping,Android,Pune,0,1535,0,0
TXN002269,81.04,10,Travel,Android,Chennai,0,2617,0,0
TXN002270,134.58,9,Shopping,Android,Chennai,1,950,0,0
TXN002271,225.25,4,Bills,Web,Pune,2,2334,0,0
TXN002272,82.71,15,Other,Android,Hyderabad,0,1338,0,0
TXN002273,65.97,23,Food,Android,Bangalore,0,1099,0,0
TXN002274,154.62,4,Travel,Android,Chennai,0,1898,0,0
TXN002275,40.26,23,Shopping,Android,Chennai,1,681,0,0
TXN002276,40.33,22,Other,Android,Mumbai,0,485,0,0
TXN002277,335.37,11,Travel,Android,Hyderabad,0,2756,0,0
TXN002278,37.39,3,Entertainment,Android,Chennai,0,421,0,0
TXN002279,330.16,22,Food,Android,Hyderabad,0,2543,0,0
TXN002280,258.56,5,Other,Android,Mumbai,0,441,0,0
TXN002281,18.71,18,Travel,Android,Hyderabad,1,1212,0,0
TXN002282,65.82,8,Food,iOS,Hyderabad,0,940,0,0
TXN002283,621.99,11,Other,Android,Mumbai,0,2009,0,0
TXN002284,45.72,14,Entertainment,Android,Chennai,2,580,0,0
TXN002285,85.01,15,Entertainment,Android,Hyderabad,0,1667,0,0
TXN002286,258.39,12,Shopping,Android,Bangalore,0,1901,0,0
TXN002287,379.96,20,Bills,iOS,Chennai,0,2549,0,0
TXN002288,109.74,23,Shopping,iOS,Mumbai,0,1970,0,0
TXN002289,72.46,6,Food,iOS,Delhi,1,805,0,0
TXN002290,817.98,22,Shopping,Android,Pune,0,2887,0,1
TXN002291,1195.93,19,Other,Android,Bangalore,1,472,0,1
TXN002292,480.41,3,Travel,Android,Chennai,0,2542,0,0
TXN002293,164.41,10,Other,Android,Pune,0,1388,0,0
TXN002294,56.27,7,Shopping,Android,Mumbai,0,2923,0,0
TXN002295,54.79,5,Bills,Android,Bangalore,1,945,0,0
TXN002296,277.83,9,Other,iOS,Chennai,0,2685,0,0
TXN002297,245.2,6,Other,Android,Pune,0,2819,1,0
TXN002298,797.85,6,Other,Web,Delhi,0,573,0,1
TXN002299,323.93,3,Bills,Android,Chennai,0,929,1,0
TXN002300,24.44,2,Other,iOS,Delhi,0,674,0,0
TXN002301,524.44,23,Food,Android,Delhi,1,1288,1,0
TXN002302,44.81,6,Entertainment,iOS,Hyderabad,0,2921,0,0
TXN002303,93.62,3,Bills,Android,Mumbai,0,1800,0,0
TXN002304,200.38,12,Food,Android,Hyderabad,0,52,0,0
TXN002305,1627.5,19,Bills,Android,Delhi,0,2814,0,1
TXN002306,6197.51,16,Bills,Web,Mumbai,0,173,0,1
TXN002307,307.37,6,Entertainment,Web,Mumbai,0,2383,0,0
TXN002308,119.12,16,Travel,Android,Mumbai,0,2569,0,0
TXN002309,281.86,3,Food,iOS,Bangalore,0,1448,0,0
TXN002310,430.6,10,Bills,Android,Chennai,1,613,0,0
TXN002311,101.01,2,Bills,Android,Delhi,0,1101,0,0
TXN002312,1279.54,10,Shopping,Android,Mumbai,0,2623,0,1
TXN002313,195.6,2,Other,Web,Pune,0,2482,0,0
TXN002314,269.7,11,Travel,Android,Bangalore,0,2843,0,0
TXN002315,330.01,0,Entertainment,Android,Bangalore,1,1628,0,0
TXN002316,246.14,3,Food,Android,Pune,0,1155,0,0
TXN002317,406.15,13,Bills,Android,Delhi,0,1582,0,0
TXN002318,70.76,0,Other,Android,Hyderabad,0,270,0,0
TXN002319,75.95,13,Food,Android,Bangalore,0,1309,0,0
TXN002320,39.64,12,Entertainment,Android,Delhi,0,2000,0,0
TXN002321,251.49,12,Travel,Android,Bangalore,1,2438,0,0
TXN002322,377.94,23,Shopping,Android,Delhi,0,2144,0,0
TXN002323,257.06,14,Travel,Android,Mumbai,0,2357,0,0
TXN002324,1106.98,16,Shopping,iOS,Hyderabad,0,1459,0,1
TXN002325,147.42,11,Food,Android,Pune,0,807,0,0
TXN002326,331.12,21,Travel,iOS,Bangalore,1,1058,0,0
TXN002327,40.04,22,Travel,Android,Pune,0,2620,0,0
TXN002328,93.27,13,Travel,Android,Bangalore,3,1320,0,0
TXN002329,341.94,11,Entertainment,Android,Bangalore,2,2640,0,0
TXN002330,411.14,17,Food,iOS,Chennai,2,1812,0,0
TXN002331,104.3,3,Shopping,iOS,Chennai,0,2125,0,0
TXN002332,136.19,13,Travel,Android,Pune,1,2411,0,0
TXN002333,24.01,18,Food,Android,Mumbai,0,2059,0,0
TXN002334,96.7,12,Other,iOS,Bangalore,1,1697,0,0
TXN002335,432.01,22,Entertainment,Android,Hyderabad,0,165,0,0
TXN002336,295.97,17,Entertainment,iOS,Chennai,0,548,0,0
TXN002337,270.64,10,Other,Android,Delhi,0,2196,0,0
TXN002338,157.55,5,Food,iOS,Delhi,2,371,1,0
TXN002339,149.68,8,Shopping,Android,Delhi,0,1032,0,0
TXN002340,67.2,11,Food,Android,Mumbai,0,2704,0,0
TXN002341,343.3,18,Food,iOS,Bangalore,0,2241,0,0
TXN002342,245.96,13,Bills,Android,Bangalore,1,314,0,0
TXN002343,267.85,14,Entertainment,Android,Pune,0,993,0,0
TXN002344,78.95,10,Shopping,Android,Chennai,2,1651,0,0
TXN002345,11.2,5,Bills,Android,Delhi,0,1754,0,0
TXN002346,553.68,13,Other,Android,Mumbai,0,406,0,0
TXN002347,83.55,2,Food,Web,Pune,0,82,1,0
TXN002348,52.7,18,Other,iOS,Hyderabad,2,357,0,0
TXN002349,341.1,19,Entertainment,Android,Bangalore,1,2418,0,0
TXN002350,92.72,10,Bills,iOS,Bangalore,0,2604,0,0
TXN002351,529.49,23,Bills,Android,Mumbai,0,668,0,0
TXN002352,311.19,16,Shopping,iOS,Pune,2,1633,0,0
TXN002353,337.07,16,Food,Android,Pune,0,535,0,0
TXN002354,28.81,22,Shopping,iOS,Chennai,0,897,0,0
TXN002355,635.45,2,Bills,iOS,Mumbai,1,733,0,0
TXN002356,203.06,13,Bills,iOS,Pune,0,2255,0,0
TXN002357,95.28,6,Shopping,Android,Chennai,1,997,0,0
TXN002358,176.28,18,Bills,Android,Pune,0,588,0,0
TXN002359,17.61,2,Travel,Android,Bangalore,1,938,0,0
TXN002360,242.35,1,Entertainment,Android,Chennai,0,2731,0,0
TXN002361,43.15,16,Food,Android,Pune,0,38,0,0
TXN002362,29.28,8,Entertainment,iOS,Chennai,0,1465,0,0
TXN002363,23.88,21,Food,iOS,Chennai,0,963,0,0
TXN002364,564.1,5,Bills,Android,Pune,0,2601,0,0
TXN002365,69.75,23,Shopping,Android,Chennai,0,1657,0,0
TXN002366,934.93,20,Shopping,iOS,Delhi,0,306,0,1
TXN002367,78.03,8,Bills,iOS,Delhi,0,2516,0,0
TXN002368,19.13,4,Food,Android,Pune,0,1091,0,0
TXN002369,38.87,1,Bills,Android,Delhi,0,2897,0,0
TXN002370,653.91,21,Food,iOS,Delhi,0,1847,0,0
TXN002371,123.09,14,Bills,iOS,Mumbai,0,1843,0,0
TXN002372,76.87,8,Bills,Android,Hyderabad,0,464,0,0
TXN002373,179.83,18,Bills,iOS,Pune,0,1297,0,0
TXN002374,271.01,9,Shopping,iOS,Chennai,0,869,0,0
TXN002375,567.29,3,Food,Android,Mumbai,1,2821,0,0
TXN002376,844.04,9,Other,iOS,Pune,0,1226,0,1
TXN002377,96.38,7,Bills,Android,Delhi,0,2328,0,0
TXN002378,30.23,21,Entertainment,iOS,Chennai,0,661,0,0
TXN002379,90.36,12,Entertainment,Android,Hyderabad,0,1395,0,0
TXN002380,202.82,6,Shopping,Android,Pune,0,2922,0,0
TXN002381,46.69,6,Travel,iOS,Chennai,1,1986,0,0
TXN002382,47.06,3,Other,iOS,Bangalore,0,43,1,0
TXN002383,224.2,14,Shopping,Web,Bangalore,0,2351,0,0
TXN002384,140.0,11,Travel,Android,Pune,0,2430,0,0
TXN002385,154.37,15,Shopping,Android,Mumbai,1,1188,0,0
TXN002386,59.73,5,Entertainment,Web,Hyderabad,0,1753,0,0
TXN002387,112.56,8,Bills,iOS,Mumbai,0,2519,0,0
TXN002388,48.96,2,Food,Web,Chennai,1,1432,0,0
TXN002389,431.92,7,Bills,Android,Hyderabad,0,596,0,0
TXN002390,514.04,6,Entertainment,Android,Pune,0,831,0,0
TXN002391,16.19,3,Food,Android,Mumbai,0,156,0,0
TXN002392,48.65,12,Travel,iOS,Chennai,0,1824,0,0
TXN002393,24.63,18,Travel,iOS,Delhi,0,1048,0,0
TXN002394,68.03,6,Entertainment,Android,Chennai,1,1989,0,0
TXN002395,134.27,9,Food,Android,Mumbai,0,1897,0,0
TXN002396,26.06,11,Bills,Android,Pune,2,2898,0,0
TXN002397,49.1,2,Entertainment,iOS,Pune,0,1588,0,0
TXN002398,44.49,23,Travel,Android,Hyderabad,1,1253,0,0
TXN002399,190.32,11,Entertainment,iOS,Hyderabad,0,724,0,0
TXN002400,161.29,18,Bills,Android,Delhi,0,768,0,0
TXN002401,62.42,14,Shopping,Android,Mumbai,0,2700,0,0
TXN002402,183.49,7,Other,Android,Pune,1,108,0,0
TXN002403,77.01,11,Other,iOS,Pune,0,1810,0,0
TXN002404,107.13,19,Other,Android,Delhi,0,2217,1,0
TXN002405,1105.6,5,Shopping,Web,Bangalore,1,1054,0,1
TXN002406,741.41,9,Bills,iOS,Pune,0,296,0,1
TXN002407,31.2,1,Food,Android,Chennai,0,258,0,0
TXN002408,401.69,23,Entertainment,Android,Bangalore,0,1422,0,0
TXN002409,392.95,12,Bills,Web,Bangalore,0,2527,0,0
TXN002410,37.42,6,Shopping,Android,Delhi,0,2634,0,0
TXN002411,396.44,7,Travel,Android,Delhi,1,1152,0,0
TXN002412,939.66,22,Other,Web,Chennai,0,626,0,1
TXN002413,38.59,15,Other,iOS,Delhi,0,1234,1,0
TXN002414,49.35,10,Bills,Android,Delhi,0,864,0,0
TXN002415,503.3,3,Other,Android,Delhi,0,758,0,0
TXN002416,205.57,16,Other,iOS,Pune,0,2233,0,0
TXN002417,287.66,15,Bills,Android,Delhi,0,2937,0,0
TXN002418,223.34,18,Bills,Android,Delhi,2,1951,0,0
TXN002419,237.18,22,Shopping,Android,Bangalore,0,869,0,0
TXN002420,30.21,10,Shopping,Android,Bangalore,0,2654,0,0
TXN002421,521.54,6,Other,Web,Chennai,2,946,0,0
TXN002422,603.96,12,Bills,iOS,Hyderabad,1,684,0,0
TXN002423,112.7,18,Bills,iOS,Chennai,0,2004,0,0
TXN002424,140.87,16,Other,Web,Pune,0,421,0,0
TXN002425,23.63,21,Food,Android,Pune,1,1413,0,0
TXN002426,275.09,12,Travel,Android,Pune,1,362,0,0
TXN002427,294.85,11,Entertainment,iOS,Mumbai,1,2269,0,0
TXN002428,137.74,6,Entertainment,Android,Chennai,0,1399,1,0
TXN002429,572.05,0,Other,Android,Chennai,0,324,0,0
TXN002430,99.4,0,Entertainment,Android,Delhi,1,2212,0,0
TXN002431,292.23,19,Shopping,Android,Delhi,0,2280,0,0
TXN002432,43.66,22,Shopping,Android,Delhi,0,1768,0,0
TXN002433,144.28,13,Food,Android,Hyderabad,1,2165,0,0
TXN002434,120.39,14,Other,Android,Pune,2,2422,0,0
TXN002435,194.49,10,Shopping,Android,Delhi,0,2640,0,0
TXN002436,95.26,23,Other,Android,Mumbai,0,1749,0,0
TXN002437,126.75,8,Other,Android,Bangalore,0,279,0,0
TXN002438,399.92,16,Bills,Web,Mumbai,0,2396,0,0
TXN002439,87.87,3,Travel,Web,Hyderabad,0,2366,0,0
TXN002440,21.59,19,Travel,iOS,Delhi,1,330,0,0
TXN002441,1211.36,18,Other,Web,Chennai,0,1059,0,1
TXN002442,778.79,6,Travel,Web,Bangalore,0,578,0,1
TXN002443,31.48,0,Travel,Android,Pune,0,2335,1,0
TXN002444,339.56,8,Entertainment,Android,Hyderabad,1,647,0,0
TXN002445,81.16,12,Entertainment,Web,Mumbai,0,251,0,0
TXN002446,203.61,23,Bills,iOS,Delhi,0,2390,1,0
TXN002447,211.26,1,Food,Android,Hyderabad,0,377,0,0
TXN002448,112.02,1,Shopping,iOS,Hyderabad,0,2941,0,0
TXN002449,57.94,23,Shopping,Android,Chennai,0,2706,0,0
TXN002450,64.8,14,Entertainment,Android,Pune,0,720,0,0
TXN002451,49.43,16,Other,Android,Chennai,0,2168,0,0
TXN002452,54.7,12,Travel,Android,Chennai,1,1224,0,0
TXN002453,136.92,6,Bills,Android,Pune,0,323,0,0
TXN002454,62.87,8,Food,iOS,Mumbai,2,2269,0,0
TXN002455,336.45,11,Entertainment,Android,Chennai,0,2883,0,0
TXN002456,884.21,2,Other,Android,Pune,1,60,1,1
TXN002457,73.99,22,Bills,Android,Hyderabad,1,635,0,0
TXN002458,197.81,21,Other,iOS,Hyderabad,1,811,0,0
TXN002459,270.32,14,Bills,Web,Pune,0,1557,0,0
TXN002460,261.49,6,Entertainment,Android,Hyderabad,1,1151,0,0
TXN002461,162.58,22,Bills,Android,Bangalore,0,81,0,0
TXN002462,361.85,0,Travel,Android,Bangalore,0,2552,0,0
TXN002463,264.73,13,Bills,iOS,Pune,0,2016,0,0
TXN002464,33.61,18,Food,Android,Pune,0,2887,0,0
TXN002465,421.15,15,Bills,Android,Mumbai,0,379,0,0
TXN002466,430.41,9,Shopping,Android,Pune,0,1030,0,0
TXN002467,59.39,0,Bills,Android,Chennai,0,787,0,0
TXN002468,155.33,4,Other,Web,Hyderabad,1,1071,0,0
TXN002469,336.97,2,Entertainment,Android,Chennai,0,2307,0,0
TXN002470,115.45,16,Shopping,Android,Pune,2,743,0,0
TXN002471,537.85,17,Entertainment,iOS,Hyderabad,0,639,0,0
TXN002472,2531.7,20,Other,iOS,Bangalore,1,1534,0,1
TXN002473,57.79,18,Food,Android,Hyderabad,1,2652,0,0
TXN002474,28.3,21,Travel,Web,Mumbai,2,892,0,0
TXN002475,213.7,21,Food,iOS,Delhi,0,1465,0,0
TXN002476,352.79,17,Shopping,Android,Hyderabad,0,2465,0,0
TXN002477,112.5,15,Other,Android,Pune,0,684,0,0
TXN002478,848.88,1,Other,Android,Mumbai,0,2079,0,1
TXN002479,29.78,14,Travel,Android,Bangalore,0,2969,0,0
TXN002480,340.87,12,Bills,Android,Bangalore,0,180,0,0
TXN002481,71.73,12,Shopping,iOS,Delhi,0,2008,0,0
TXN002482,1168.24,15,Travel,iOS,Pune,0,1400,0,1
TXN002483,1621.36,7,Entertainment,Android,Chennai,0,1847,0,1
TXN002484,59.15,10,Travel,Android,Chennai,0,782,0,0
TXN002485,76.75,7,Entertainment,Android,Hyderabad,4,1706,0,0
TXN002486,416.34,21,Entertainment,iOS,Bangalore,0,1221,0,0
TXN002487,93.26,9,Other,iOS,Mumbai,0,657,0,0
TXN002488,140.54,22,Travel,Android,Delhi,0,2756,0,0
TXN002489,153.0,0,Other,iOS,Chennai,0,929,0,0
TXN002490,14.83,11,Other,Android,Hyderabad,1,1920,0,0
TXN002491,145.97,8,Food,iOS,Hyderabad,0,140,0,0
TXN002492,64.87,4,Food,Android,Bangalore,0,2257,0,0
TXN002493,82.13,8,Other,Android,Mumbai,1,1006,0,0
TXN002494,839.12,15,Other,Android,Mumbai,1,1464,0,1
TXN002495,32.86,17,Entertainment,iOS,Chennai,0,210,0,0
TXN002496,393.8,7,Other,iOS,Hyderabad,0,396,0,0
TXN002497,106.19,22,Shopping,Web,Bangalore,0,1578,0,0
TXN002498,106.09,10,Travel,Android,Mumbai,1,2251,0,0
TXN002499,383.16,19,Shopping,Android,Hyderabad,0,2163,0,0
TXN002500,223.2,18,Food,Android,Mumbai,0,2625,0,0
TXN002501,294.34,3,Shopping,iOS,Delhi,2,1736,0,0
TXN002502,474.29,19,Bills,iOS,Mumbai,0,1659,0,0
TXN002503,99.73,9,Bills,iOS,Mumbai,0,1984,0,0
TXN002504,71.19,23,Food,iOS,Hyderabad,0,976,0,0
TXN002505,40.36,12,Shopping,iOS,Mumbai,0,460,0,0
TXN002506,55.12,19,Travel,Web,Mumbai,0,1699,0,0
TXN002507,5109.79,13,Food,Android,Delhi,1,687,0,1
TXN002508,660.91,20,Bills,iOS,Mumbai,0,1427,0,0
TXN002509,29.33,1,Food,Web,Mumbai,0,293,0,0
TXN002510,30.36,3,Shopping,Android,Hyderabad,0,198,0,0
TXN002511,264.61,6,Shopping,iOS,Bangalore,0,346,0,0
TXN002512,286.21,18,Shopping,Android,Delhi,0,2481,0,0
TXN002513,286.76,16,Entertainment,Android,Mumbai,0,242,0,0
TXN002514,109.3,15,Shopping,iOS,Bangalore,0,1621,0,0
TXN002515,127.67,12,Other,Android,Hyderabad,0,663,0,0
TXN002516,219.96,23,Bills,Android,Delhi,0,1951,1,0
TXN002517,164.53,23,Bills,iOS,Pune,1,1414,0,0
TXN002518,10.35,21,Entertainment,Android,Hyderabad,0,701,0,0
TXN002519,112.64,22,Bills,Android,Bangalore,0,2200,0,0
TXN002520,53.43,17,Bills,iOS,Delhi,1,1075,0,0
TXN002521,183.14,20,Food,Android,Mumbai,2,2630,0,0
TXN002522,5336.42,11,Shopping,Android,Bangalore,0,906,0,1
TXN002523,230.67,22,Other,Android,Hyderabad,0,423,0,0
TXN002524,101.88,0,Other,Android,Delhi,0,1988,0,0
TXN002525,448.61,14,Food,Android,Bangalore,0,2634,0,0
TXN002526,264.87,2,Other,iOS,Pune,1,2338,0,0
TXN002527,245.7,5,Food,Android,Bangalore,0,2601,0,0
TXN002528,307.42,13,Other,Android,Hyderabad,0,1798,0,0
TXN002529,1750.84,22,Bills,Web,Hyderabad,0,262,0,1
TXN002530,38.2,5,Travel,iOS,Mumbai,0,317,0,0
TXN002531,262.0,0,Shopping,Android,Mumbai,1,2453,1,0
TXN002532,48.83,19,Travel,Android,Bangalore,0,1839,0,0
TXN002533,289.05,5,Bills,iOS,Hyderabad,0,743,0,0
TXN002534,49.28,7,Entertainment,iOS,Bangalore,2,861,0,0
TXN002535,89.94,14,Food,iOS,Chennai,0,116,0,0
TXN002536,104.16,13,Other,Android,Pune,0,2974,1,0
TXN002537,478.65,15,Other,Android,Hyderabad,1,1938,0,0
TXN002538,446.82,19,Bills,Android,Chennai,0,2770,0,0
TXN002539,33.29,22,Other,iOS,Chennai,0,2247,1,0
TXN002540,158.53,15,Bills,iOS,Hyderabad,0,1282,0,0
TXN002541,63.34,18,Travel,Android,Mumbai,0,1264,0,0
TXN002542,32.78,23,Entertainment,Android,Bangalore,0,522,0,0
TXN002543,114.39,0,Food,Web,Delhi,0,1966,0,0
TXN002544,102.5,3,Other,Android,Delhi,0,2011,0,0
TXN002545,2730.01,23,Entertainment,Android,Pune,0,1593,0,1
TXN002546,249.52,9,Entertainment,iOS,Hyderabad,0,51,0,0
TXN002547,28.41,19,Entertainment,Android,Mumbai,1,61,1,0
TXN002548,75.36,17,Shopping,Android,Mumbai,0,374,0,0
TXN002549,505.56,1,Entertainment,Android,Mumbai,2,1933,0,0
TXN002550,1819.16,3,Bills,iOS,Delhi,0,1190,1,1
TXN002551,22.13,14,Shopping,Android,Chennai,1,513,0,0
TXN002552,15.55,3,Shopping,Web,Pune,2,1858,0,0
TXN002553,1401.3,15,Entertainment,Android,Delhi,0,2654,0,1
TXN002554,236.88,14,Other,iOS,Mumbai,0,1914,0,0
TXN002555,52.36,17,Other,Android,Delhi,2,1644,0,0
TXN002556,281.9,6,Other,Android,Delhi,0,345,0,0
TXN002557,6.28,14,Other,iOS,Pune,0,796,0,0
TXN002558,149.02,21,Bills,Android,Bangalore,2,954,0,0
TXN002559,219.95,10,Other,iOS,Hyderabad,0,1906,1,0
TXN002560,449.94,18,Food,Android,Chennai,0,1116,0,0
TXN002561,43.96,7,Entertainment,Android,Bangalore,1,2665,0,0
TXN002562,164.49,23,Shopping,Android,Hyderabad,1,2359,0,0
TXN002563,48.89,0,Food,iOS,Mumbai,0,64,1,0
TXN002564,201.64,2,Other,Android,Pune,1,1643,0,0
TXN002565,50.68,4,Food,Web,Pune,0,404,0,0
TXN002566,90.95,17,Shopping,Android,Bangalore,0,1316,0,0
TXN002567,44.93,11,Other,Android,Hyderabad,0,2016,0,0
TXN002568,324.2,11,Food,Android,Pune,1,2130,0,0
TXN002569,415.77,20,Bills,Android,Bangalore,0,838,0,0
TXN002570,112.0,18,Bills,Android,Pune,0,545,1,0
TXN002571,155.38,8,Entertainment,iOS,Delhi,2,543,0,0
TXN002572,26.09,10,Entertainment,Android,Delhi,1,2368,0,0
TXN002573,103.58,16,Food,Android,Bangalore,0,958,0,0
TXN002574,139.74,15,Shopping,Web,Bangalore,1,514,0,0
TXN002575,3445.94,3,Bills,Android,Chennai,1,1926,1,1
TXN002576,39.08,9,Travel,Android,Mumbai,0,2730,0,0
TXN002577,860.07,21,Entertainment,Android,Delhi,0,1168,0,1
TXN002578,490.9,14,Bills,Android,Pune,0,2852,0,0
TXN002579,207.84,18,Other,Android,Bangalore,0,153,0,0
TXN002580,1224.57,2,Food,Android,Hyderabad,0,1932,0,1
TXN002581,231.95,20,Bills,Android,Pune,0,1656,0,0
TXN002582,236.75,22,Bills,iOS,Mumbai,1,1614,1,0
TXN002583,139.25,4,Food,iOS,Hyderabad,1,302,0,0
TXN002584,644.38,10,Entertainment,iOS,Pune,0,694,0,0
TXN002585,553.22,23,Entertainment,Android,Mumbai,0,1435,0,0
TXN002586,70.05,4,Travel,Android,Hyderabad,0,2068,0,0
TXN002587,30.47,6,Travel,Android,Delhi,2,1274,1,0
TXN002588,116.33,5,Entertainment,Android,Bangalore,0,1826,1,0
TXN002589,56.82,12,Entertainment,Android,Pune,0,228,0,0
TXN002590,137.52,1,Entertainment,Android,Bangalore,2,2160,0,0
TXN002591,655.19,18,Entertainment,Android,Chennai,0,1556,0,0
TXN002592,85.73,10,Bills,iOS,Pune,0,1360,0,0
TXN002593,140.98,19,Travel,Android,Bangalore,1,407,0,0
TXN002594,159.12,4,Food,Web,Pune,1,1691,0,0
TXN002595,410.8,8,Shopping,iOS,Delhi,1,1012,0,0
TXN002596,10.01,5,Food,Android,Mumbai,0,376,0,0
TXN002597,71.66,16,Other,Android,Mumbai,0,2108,0,0
TXN002598,191.24,18,Shopping,iOS,Bangalore,1,1413,0,0
TXN002599,626.47,22,Bills,iOS,Hyderabad,0,2629,0,0
TXN002600,82.25,7,Other,Android,Bangalore,1,1374,0,0
TXN002601,15.61,6,Travel,Android,Pune,0,2353,1,0
TXN002602,312.2,4,Shopping,Android,Mumbai,1,774,0,0
TXN002603,69.24,14,Entertainment,Android,Pune,0,2495,0,0
TXN002604,35.6,9,Other,Web,Chennai,0,862,0,0
TXN002605,70.16,23,Bills,Android,Mumbai,2,1853,0,0
TXN002606,118.93,15,Shopping,Android,Hyderabad,0,1203,0,0
TXN002607,71.83,8,Entertainment,Android,Hyderabad,1,762,0,0
TXN002608,10.52,6,Other,iOS,Chennai,0,458,0,0
TXN002609,435.49,10,Bills,iOS,Pune,0,2328,0,0
TXN002610,685.3,8,Other,iOS,Pune,1,2088,0,0
TXN002611,324.35,16,Shopping,iOS,Pune,0,2494,0,0
TXN002612,37.89,8,Entertainment,iOS,Hyderabad,0,2627,1,0
TXN002613,116.54,2,Travel,iOS,Bangalore,0,606,0,0
TXN002614,147.26,21,Bills,Android,Bangalore,0,579,0,0
TXN002615,304.46,7,Shopping,Android,Mumbai,0,796,0,0
TXN002616,330.96,18,Entertainment,iOS,Delhi,0,486,0,0
TXN002617,61.5,19,Travel,Android,Bangalore,1,1322,0,0
TXN002618,163.76,15,Other,iOS,Bangalore,0,973,0,0
TXN002619,256.91,6,Entertainment,Android,Pune,0,2321,0,0
TXN002620,851.49,6,Travel,iOS,Pune,0,309,1,1
TXN002621,345.64,19,Shopping,Android,Chennai,0,833,0,0
TXN002622,382.55,12,Entertainment,Android,Bangalore,1,1162,0,0
TXN002623,164.12,2,Entertainment,iOS,Mumbai,0,2526,0,0
TXN002624,806.38,11,Food,Android,Pune,1,128,0,1
TXN002625,242.67,23,Bills,iOS,Chennai,0,1608,0,0
TXN002626,52.81,7,Entertainment,Android,Bangalore,2,881,0,0
TXN002627,799.55,12,Travel,Web,Mumbai,0,1157,0,1
TXN002628,342.92,19,Bills,iOS,Chennai,2,656,0,0
TXN002629,87.21,15,Shopping,Android,Delhi,0,75,0,0
TXN002630,83.48,6,Bills,iOS,Pune,0,603,0,0
TXN002631,211.85,3,Food,Android,Mumbai,0,655,0,0
TXN002632,258.74,11,Shopping,Android,Bangalore,0,1251,0,0
TXN002633,188.06,16,Entertainment,iOS,Chennai,0,2841,0,0
TXN002634,215.63,0,Other,iOS,Delhi,0,2182,0,0
TXN002635,1141.33,16,Shopping,Android,Mumbai,0,58,0,1
TXN002636,536.92,1,Shopping,Android,Delhi,0,198,0,0
TXN002637,186.56,5,Food,iOS,Mumbai,0,1580,0,0
TXN002638,459.24,11,Travel,Android,Bangalore,0,663,0,0
TXN002639,42.99,10,Shopping,iOS,Mumbai,1,898,0,0
TXN002640,239.25,20,Travel,iOS,Bangalore,0,917,0,0
TXN002641,1301.36,10,Bills,Android,Mumbai,0,2534,0,1
TXN002642,114.24,17,Other,Android,Chennai,1,2520,0,0
TXN002643,53.67,7,Food,Android,Mumbai,1,1390,0,0
TXN002644,67.86,6,Entertainment,iOS,Mumbai,0,825,0,0
TXN002645,40.14,13,Shopping,iOS,Hyderabad,0,2476,0,0
TXN002646,57.88,15,Other,iOS,Hyderabad,0,2263,0,0
TXN002647,95.14,11,Other,Android,Mumbai,0,2375,0,0
TXN002648,27.48,8,Travel,iOS,Hyderabad,1,2918,0,0
TXN002649,151.22,19,Shopping,Android,Bangalore,0,2608,0,0
TXN002650,438.23,22,Other,iOS,Hyderabad,1,1508,0,0
TXN002651,49.93,20,Food,Android,Mumbai,0,2043,0,0
TXN002652,918.87,15,Entertainment,iOS,Pune,0,2719,0,1
TXN002653,273.95,20,Bills,iOS,Delhi,0,687,0,0
TXN002654,511.17,18,Bills,Android,Pune,0,274,0,0
TXN002655,67.4,15,Travel,iOS,Pune,0,1047,1,0
TXN002656,413.82,8,Other,Android,Pune,0,165,0,0
TXN002657,40.03,12,Bills,Android,Pune,2,1777,0,0
TXN002658,431.94,4,Travel,Android,Delhi,0,1190,0,0
TXN002659,182.4,21,Entertainment,iOS,Mumbai,0,234,0,0
TXN002660,288.27,18,Shopping,iOS,Mumbai,0,913,0,0
TXN002661,36.21,9,Food,iOS,Delhi,1,1913,0,0
TXN002662,50.7,6,Entertainment,iOS,Chennai,1,585,0,0
TXN002663,303.89,8,Entertainment,Android,Hyderabad,0,2137,1,0
TXN002664,47.56,13,Bills,Android,Chennai,0,2326,0,0
TXN002665,258.75,14,Bills,Android,Bangalore,2,1468,0,0
TXN002666,28.77,12,Food,iOS,Pune,0,914,1,0
TXN002667,410.68,9,Shopping,Web,Pune,1,2715,0,0
TXN002668,33.82,13,Entertainment,Android,Delhi,0,1012,0,0
TXN002669,287.94,20,Other,iOS,Delhi,0,2474,1,0
TXN002670,314.43,22,Bills,iOS,Chennai,0,2122,0,0
TXN002671,64.32,11,Entertainment,Android,Bangalore,0,2079,1,0
TXN002672,298.4,18,Shopping,Android,Chennai,0,1215,0,0
TXN002673,202.86,5,Travel,iOS,Bangalore,0,1250,0,0
TXN002674,77.74,11,Shopping,Android,Mumbai,0,735,0,0
TXN002675,44.24,23,Entertainment,iOS,Pune,0,2636,0,0
TXN002676,14.08,12,Entertainment,Android,Mumbai,0,2303,0,0
TXN002677,225.78,7,Food,Android,Delhi,2,1055,0,0
TXN002678,22.7,15,Entertainment,Android,Mumbai,0,2021,0,0
TXN002679,166.4,1,Bills,iOS,Chennai,0,1346,0,0
TXN002680,108.19,21,Other,Android,Bangalore,0,148,0,0
TXN002681,335.28,6,Food,iOS,Delhi,1,627,0,0
TXN002682,103.29,11,Entertainment,Android,Mumbai,0,1884,0,0
TXN002683,99.95,6,Shopping,Android,Delhi,0,2645,0,0
TXN002684,357.18,18,Entertainment,iOS,Delhi,0,2652,0,0
TXN002685,221.87,13,Shopping,Android,Bangalore,0,37,0,0
TXN002686,216.89,8,Shopping,iOS,Chennai,2,1938,0,0
TXN002687,260.64,17,Entertainment,Android,Pune,0,2312,0,0
TXN002688,23.51,10,Shopping,iOS,Chennai,0,456,0,0
TXN002689,368.02,15,Other,iOS,Hyderabad,0,2679,0,0
TXN002690,309.5,18,Travel,iOS,Chennai,0,1669,0,0
TXN002691,43.82,10,Food,Android,Mumbai,1,2356,0,0
TXN002692,110.73,17,Entertainment,iOS,Hyderabad,0,2989,0,0
TXN002693,141.58,10,Travel,Android,Hyderabad,0,2930,0,0
TXN002694,126.29,3,Shopping,Android,Hyderabad,0,1815,0,0
TXN002695,221.55,17,Shopping,Android,Hyderabad,1,669,0,0
TXN002696,826.86,18,Food,Android,Chennai,1,2437,0,1
TXN002697,543.55,12,Travel,iOS,Hyderabad,0,1233,0,0
TXN002698,30.73,3,Travel,iOS,Mumbai,0,634,0,0
TXN002699,313.09,9,Entertainment,Android,Mumbai,0,2289,0,0
TXN002700,731.22,21,Shopping,iOS,Delhi,0,2793,0,1
TXN002701,236.08,4,Bills,Android,Mumbai,0,2626,0,0
TXN002702,549.59,2,Entertainment,iOS,Pune,0,2295,0,0
TXN002703,1660.25,15,Entertainment,iOS,Delhi,0,175,0,1
TXN002704,506.97,7,Entertainment,iOS,Mumbai,0,2718,1,0
TXN002705,200.17,23,Food,Android,Hyderabad,2,1706,0,0
TXN002706,520.14,6,Food,iOS,Bangalore,2,1086,0,0
TXN002707,176.6,18,Entertainment,Android,Hyderabad,0,2488,0,0
TXN002708,152.73,13,Other,iOS,Chennai,0,1487,0,0
TXN002709,97.35,14,Bills,Android,Delhi,0,1424,0,0
TXN002710,968.84,16,Travel,iOS,Bangalore,0,1637,0,1
TXN002711,55.58,20,Travel,Android,Mumbai,0,1753,0,0
TXN002712,933.41,0,Shopping,iOS,Hyderabad,0,1103,1,1
TXN002713,270.38,5,Travel,iOS,Delhi,1,2399,0,0
TXN002714,27.68,22,Travel,iOS,Delhi,1,1552,0,0
TXN002715,230.71,14,Bills,iOS,Mumbai,1,565,0,0
TXN002716,11.94,11,Travel,Web,Delhi,0,2146,0,0
TXN002717,314.38,20,Bills,iOS,Mumbai,0,2993,0,0
TXN002718,429.35,19,Food,Android,Mumbai,2,790,0,0
TXN002719,72.91,1,Bills,iOS,Hyderabad,0,1152,0,0
TXN002720,172.13,4,Food,Android,Delhi,1,2787,0,0
TXN002721,1548.42,8,Bills,iOS,Chennai,1,2904,0,1
TXN002722,80.89,19,Entertainment,iOS,Chennai,0,237,0,0
TXN002723,41.65,13,Other,Android,Hyderabad,0,844,0,0
TXN002724,878.31,17,Food,iOS,Hyderabad,1,927,0,1
TXN002725,1564.16,21,Food,iOS,Mumbai,0,2027,0,1
TXN002726,149.07,7,Travel,Android,Chennai,0,1425,0,0
TXN002727,499.57,1,Food,Android,Delhi,1,55,1,0
TXN002728,742.31,8,Bills,Android,Chennai,0,536,0,1
TXN002729,60.89,6,Entertainment,Web,Hyderabad,1,2225,0,0
TXN002730,82.9,17,Entertainment,Android,Hyderabad,0,890,0,0
TXN002731,650.05,15,Travel,iOS,Mumbai,1,407,0,0
TXN002732,1121.05,20,Bills,Android,Delhi,2,94,0,1
TXN002733,291.62,4,Bills,Android,Hyderabad,1,2806,0,0
TXN002734,51.64,22,Shopping,iOS,Pune,1,2880,0,0
TXN002735,1610.78,14,Food,Android,Delhi,0,2706,0,1
TXN002736,78.48,4,Travel,Web,Chennai,2,626,0,0
TXN002737,99.27,10,Entertainment,Android,Mumbai,0,2049,0,0
TXN002738,223.81,21,Other,Android,Chennai,0,2356,0,0
TXN002739,958.14,13,Shopping,Android,Pune,1,395,1,1
TXN002740,413.55,18,Bills,Web,Hyderabad,0,1841,0,0
TXN002741,244.16,2,Food,Android,Hyderabad,2,1911,0,0
TXN002742,258.77,23,Entertainment,Android,Delhi,1,528,0,0
TXN002743,156.37,9,Shopping,Android,Hyderabad,0,198,0,0
TXN002744,289.97,5,Bills,Android,Pune,1,2539,0,0
TXN002745,7.13,2,Entertainment,iOS,Delhi,0,2497,0,0
TXN002746,103.97,1,Entertainment,iOS,Pune,0,1953,0,0
TXN002747,198.26,12,Bills,Android,Bangalore,1,905,0,0
TXN002748,37.29,17,Bills,Android,Hyderabad,0,69,0,0
TXN002749,235.94,1,Travel,iOS,Chennai,0,2440,0,0
TXN002750,116.12,14,Entertainment,Android,Chennai,0,2161,0,0
TXN002751,1219.96,4,Bills,Android,Delhi,0,2421,1,1
TXN002752,980.07,14,Other,Android,Pune,0,538,0,1
TXN002753,84.86,20,Other,Android,Pune,0,2918,0,0
TXN002754,123.84,16,Shopping,Android,Pune,0,2415,0,0
TXN002755,135.81,1,Food,Android,Pune,0,1051,0,0
TXN002756,86.32,17,Other,Android,Bangalore,1,903,0,0
TXN002757,187.55,14,Travel,Android,Hyderabad,0,2059,0,0
TXN002758,59.74,19,Bills,iOS,Pune,2,2939,0,0
TXN002759,38.22,22,Food,Web,Mumbai,0,1757,0,0
TXN002760,313.33,2,Travel,Web,Mumbai,0,1850,0,0
TXN002761,315.9,4,Entertainment,iOS,Chennai,1,211,0,0
TXN002762,56.53,10,Food,Android,Hyderabad,1,36,0,0
TXN002763,434.6,8,Other,Android,Mumbai,1,694,0,0
TXN002764,69.55,4,Travel,iOS,Delhi,0,437,0,0
TXN002765,201.1,0,Bills,Android,Hyderabad,1,1352,0,0
TXN002766,397.19,13,Bills,Android,Chennai,0,2339,0,0
TXN002767,142.55,4,Travel,Android,Bangalore,0,1452,0,0
TXN002768,256.13,7,Entertainment,Android,Delhi,0,1644,1,0
TXN002769,79.86,20,Other,iOS,Delhi,0,1605,0,0
TXN002770,117.24,13,Travel,iOS,Pune,0,2552,0,0
TXN002771,115.93,15,Shopping,iOS,Hyderabad,2,2354,0,0
TXN002772,60.59,5,Travel,iOS,Bangalore,0,855,0,0
TXN002773,120.05,7,Travel,Android,Delhi,2,1674,0,0
TXN002774,23.14,1,Other,iOS,Bangalore,0,125,0,0
TXN002775,82.32,18,Bills,Android,Chennai,1,2825,0,0
TXN002776,105.44,8,Entertainment,iOS,Delhi,0,2470,0,0
TXN002777,109.13,4,Travel,Android,Mumbai,1,2062,0,0
TXN002778,111.07,4,Food,iOS,Chennai,0,428,0,0
TXN002779,137.81,18,Bills,Web,Chennai,1,1291,0,0
TXN002780,263.84,3,Bills,Android,Pune,1,1957,0,0
TXN002781,423.87,15,Travel,Android,Delhi,0,758,0,0
TXN002782,68.05,15,Other,Android,Mumbai,0,1024,0,0
TXN002783,35.03,15,Food,Android,Bangalore,1,1686,0,0
TXN002784,42.5,6,Travel,Android,Mumbai,0,837,0,0
TXN002785,82.71,17,Food,iOS,Chennai,0,1403,0,0
TXN002786,97.29,23,Bills,Android,Delhi,0,1404,0,0
TXN002787,58.91,20,Food,Android,Mumbai,1,796,0,0
TXN002788,31.33,0,Travel,iOS,Mumbai,1,1064,0,0
TXN002789,85.85,2,Shopping,Android,Chennai,0,1117,0,0
TXN002790,184.51,20,Shopping,Android,Bangalore,1,1175,0,0
TXN002791,303.09,7,Food,iOS,Mumbai,1,2264,0,0
TXN002792,76.03,0,Other,iOS,Pune,0,2469,0,0
TXN002793,90.41,6,Travel,Android,Mumbai,0,2277,0,0
TXN002794,48.81,6,Entertainment,Android,Hyderabad,0,2132,0,0
TXN002795,142.92,7,Shopping,Android,Chennai,1,411,1,0
TXN002796,53.62,18,Bills,Android,Hyderabad,0,324,0,0
TXN002797,295.23,16,Travel,Android,Chennai,1,2000,0,0
TXN002798,17.41,10,Travel,iOS,Chennai,0,84,0,0
TXN002799,96.39,14,Shopping,iOS,Hyderabad,0,1897,0,0
TXN002800,213.01,8,Entertainment,Android,Bangalore,2,672,0,0
TXN002801,185.05,16,Bills,iOS,Bangalore,0,1480,0,0
TXN002802,3757.99,10,Entertainment,Android,Chennai,0,109,0,1
TXN002803,225.82,5,Bills,Android,Hyderabad,0,669,0,0
TXN002804,44.48,8,Shopping,iOS,Mumbai,0,1542,0,0
TXN002805,132.35,17,Travel,iOS,Chennai,0,1304,1,0
TXN002806,17.61,19,Bills,Android,Pune,1,2373,1,0
TXN002807,134.73,1,Travel,Android,Chennai,1,768,0,0
TXN002808,54.62,3,Food,iOS,Delhi,0,202,0,0
TXN002809,445.18,17,Food,Android,Bangalore,0,928,0,0
TXN002810,76.75,0,Shopping,Android,Hyderabad,1,565,0,0
TXN002811,129.01,10,Shopping,Android,Mumbai,0,1542,0,0
TXN002812,69.22,2,Other,iOS,Pune,0,1850,0,0
TXN002813,1195.86,7,Shopping,Android,Mumbai,1,2845,0,1
TXN002814,100.94,4,Food,Web,Pune,1,2516,0,0
TXN002815,1338.18,19,Bills,Android,Chennai,1,1342,0,1
TXN002816,394.25,20,Entertainment,Android,Mumbai,0,2051,0,0
TXN002817,264.67,21,Shopping,iOS,Mumbai,0,1133,0,0
TXN002818,231.01,21,Entertainment,Android,Chennai,0,126,0,0
TXN002819,238.07,4,Entertainment,Android,Bangalore,0,743,0,0
TXN002820,14.68,10,Food,Android,Delhi,0,59,0,0
TXN002821,106.2,11,Other,Android,Bangalore,0,1023,0,0
TXN002822,409.19,21,Bills,iOS,Bangalore,2,1626,0,0
TXN002823,139.96,8,Food,Android,Delhi,0,1497,0,0
TXN002824,27.49,20,Shopping,Web,Chennai,0,1728,0,0
TXN002825,139.37,12,Food,iOS,Bangalore,0,1316,0,0
TXN002826,1147.02,21,Food,Android,Hyderabad,0,1443,1,1
TXN002827,662.67,19,Food,Android,Hyderabad,0,2732,0,0
TXN002828,137.77,2,Shopping,Android,Delhi,0,893,0,0
TXN002829,464.86,12,Shopping,Android,Hyderabad,2,1119,0,0
TXN002830,95.6,21,Food,iOS,Chennai,0,2813,0,0
TXN002831,19.21,10,Food,Android,Mumbai,1,882,0,0
TXN002832,48.94,10,Entertainment,Web,Chennai,0,1838,0,0
TXN002833,968.23,20,Bills,Android,Delhi,1,2608,0,1
TXN002834,106.83,19,Entertainment,Android,Mumbai,1,1087,0,0
TXN002835,110.82,20,Other,Android,Hyderabad,2,2317,0,0
TXN002836,103.56,6,Bills,Android,Bangalore,0,625,0,0
TXN002837,1458.21,16,Other,iOS,Hyderabad,0,1970,0,1
TXN002838,1044.35,15,Bills,iOS,Chennai,0,2765,0,1
TXN002839,2127.15,13,Food,Android,Chennai,0,2391,0,1
TXN002840,122.63,0,Entertainment,iOS,Delhi,0,2923,0,0
TXN002841,211.61,10,Bills,iOS,Bangalore,2,1848,0,0
TXN002842,24.05,12,Other,iOS,Bangalore,0,1508,0,0
TXN002843,873.34,0,Bills,iOS,Mumbai,0,1031,1,1
TXN002844,36.55,1,Shopping,iOS,Mumbai,0,186,0,0
TXN002845,192.51,8,Bills,Android,Chennai,0,2982,0,0
TXN002846,39.77,12,Food,Android,Delhi,0,1260,0,0
TXN002847,73.21,4,Travel,Android,Chennai,3,2249,1,0
TXN002848,54.34,8,Shopping,iOS,Pune,1,1219,0,0
TXN002849,71.56,12,Travel,iOS,Bangalore,0,1836,0,0
TXN002850,77.72,4,Food,iOS,Bangalore,1,1979,1,0
TXN002851,76.87,14,Travel,Web,Chennai,0,534,0,0
TXN002852,403.43,6,Bills,Android,Bangalore,0,573,0,0
TXN002853,39.42,13,Travel,iOS,Mumbai,0,1605,0,0
TXN002854,193.38,15,Entertainment,iOS,Bangalore,0,1129,0,0
TXN002855,640.05,5,Food,iOS,Mumbai,0,1265,0,0
TXN002856,80.17,1,Entertainment,iOS,Hyderabad,0,2680,0,0
TXN002857,62.71,15,Travel,Android,Delhi,3,1823,0,0
TXN002858,112.55,18,Entertainment,Android,Delhi,0,1798,0,0
TXN002859,611.35,4,Shopping,Web,Bangalore,0,1075,0,0
TXN002860,187.34,3,Travel,Android,Delhi,1,2231,1,0
TXN002861,78.46,13,Other,Android,Pune,0,2501,0,0
TXN002862,265.24,5,Entertainment,Android,Hyderabad,0,677,0,0
TXN002863,39.54,7,Bills,Android,Bangalore,0,321,0,0
TXN002864,336.17,23,Travel,iOS,Mumbai,0,1463,0,0
TXN002865,242.34,2,Other,iOS,Hyderabad,1,642,0,0
TXN002866,102.58,3,Shopping,Web,Pune,0,2670,0,0
TXN002867,54.26,0,Bills,Android,Hyderabad,0,2724,0,0
TXN002868,51.21,1,Travel,iOS,Delhi,0,1565,0,0
TXN002869,281.96,12,Bills,iOS,Pune,0,2462,0,0
TXN002870,648.57,8,Travel,Web,Mumbai,1,760,0,0
TXN002871,69.08,11,Travel,Web,Chennai,0,2311,0,0
TXN002872,257.25,9,Food,iOS,Hyderabad,0,247,0,0
TXN002873,12.13,9,Entertainment,Android,Delhi,0,1469,1,0
TXN002874,73.59,17,Travel,Android,Hyderabad,2,1515,0,0
TXN002875,142.98,11,Shopping,iOS,Mumbai,0,1800,0,0
TXN002876,49.82,21,Other,iOS,Mumbai,0,1624,0,0
TXN002877,48.24,15,Entertainment,iOS,Bangalore,1,1630,0,0
TXN002878,66.6,22,Food,Android,Chennai,2,275,0,0
TXN002879,210.74,5,Entertainment,iOS,Chennai,0,2226,0,0
TXN002880,118.53,23,Entertainment,Android,Delhi,1,923,0,0
TXN002881,10.12,23,Travel,Android,Chennai,0,433,0,0
TXN002882,11.65,20,Shopping,Android,Mumbai,0,532,0,0
TXN002883,71.65,23,Travel,Web,Chennai,0,2046,0,0
TXN002884,257.04,9,Shopping,Android,Delhi,0,413,0,0
TXN002885,5.49,14,Shopping,iOS,Hyderabad,0,2110,0,0
TXN002886,81.48,8,Bills,Android,Chennai,1,431,0,0
TXN002887,78.93,23,Travel,iOS,Chennai,0,1478,0,0
TXN002888,785.25,1,Food,iOS,Mumbai,1,2734,0,1
TXN002889,93.5,17,Other,Web,Mumbai,0,298,0,0
TXN002890,235.0,11,Entertainment,Android,Hyderabad,1,1806,0,0
TXN002891,175.83,2,Bills,Android,Pune,0,2376,0,0
TXN002892,11.51,6,Food,iOS,Pune,0,142,0,0
TXN002893,373.1,8,Other,Android,Bangalore,1,1557,0,0
TXN002894,192.19,7,Other,Android,Chennai,1,1035,0,0
TXN002895,273.12,5,Travel,Android,Mumbai,1,1374,0,0
TXN002896,16506.1,0,Shopping,iOS,Bangalore,0,2996,1,1
TXN002897,12.17,13,Travel,Android,Chennai,0,2751,1,0
TXN002898,1175.72,15,Other,Android,Chennai,0,394,0,1
TXN002899,105.12,15,Travel,iOS,Bangalore,0,235,0,0
TXN002900,209.51,3,Bills,Android,Mumbai,0,1939,0,0
TXN002901,140.52,5,Food,Android,Hyderabad,0,1010,0,0
TXN002902,89.2,14,Other,Android,Pune,2,1288,0,0
TXN002903,74.9,21,Bills,iOS,Chennai,1,136,0,0
TXN002904,220.39,7,Food,Android,Delhi,0,2674,1,0
TXN002905,24.03,0,Bills,iOS,Delhi,2,1789,0,0
TXN002906,365.29,12,Entertainment,iOS,Delhi,0,69,0,0
TXN002907,90.07,17,Shopping,Android,Hyderabad,0,2473,0,0
TXN002908,38.24,17,Shopping,Web,Pune,0,2383,0,0
TXN002909,86.49,12,Shopping,Android,Chennai,0,1799,0,0
TXN002910,670.87,21,Entertainment,Android,Mumbai,1,2120,0,0
TXN002911,78.07,13,Other,iOS,Mumbai,0,2932,0,0
TXN002912,228.18,10,Other,iOS,Pune,0,1037,0,0
TXN002913,61.74,6,Entertainment,Android,Hyderabad,1,2654,0,0
TXN002914,368.52,17,Shopping,Android,Pune,0,1647,0,0
TXN002915,337.85,20,Shopping,Android,Chennai,0,178,1,0
TXN002916,1364.21,21,Food,Android,Bangalore,0,2148,0,1
TXN002917,120.22,3,Food,iOS,Bangalore,0,2398,0,0
TXN002918,331.09,16,Travel,iOS,Chennai,1,1656,0,0
TXN002919,166.95,18,Bills,Android,Chennai,0,2521,0,0
TXN002920,702.78,13,Food,Android,Mumbai,0,1951,1,0
TXN002921,62.64,9,Food,Android,Hyderabad,0,2844,0,0
TXN002922,362.86,5,Food,Android,Hyderabad,1,1215,0,0
TXN002923,117.49,17,Food,Android,Pune,0,1837,0,0
TXN002924,137.41,3,Entertainment,Android,Mumbai,1,1413,1,0
TXN002925,165.69,10,Travel,Android,Delhi,1,487,0,0
TXN002926,200.88,12,Food,Android,Bangalore,1,1905,0,0
TXN002927,129.09,7,Other,iOS,Chennai,0,717,0,0
TXN002928,192.03,9,Bills,Android,Pune,1,2050,0,0
TXN002929,986.08,22,Food,Web,Bangalore,0,822,0,1
TXN002930,484.22,10,Entertainment,iOS,Bangalore,1,1249,0,0
TXN002931,421.15,2,Other,Web,Pune,1,2890,0,0
TXN002932,85.91,14,Shopping,iOS,Hyderabad,0,121,0,0
TXN002933,51.06,7,Shopping,iOS,Mumbai,0,2730,0,0
TXN002934,467.01,19,Travel,iOS,Delhi,2,2338,0,0
TXN002935,424.65,17,Shopping,Android,Delhi,0,2222,0,0
TXN002936,868.88,20,Food,iOS,Pune,0,2316,0,1
TXN002937,71.9,0,Entertainment,iOS,Pune,0,1124,0,0
TXN002938,112.68,23,Travel,Android,Mumbai,0,935,0,0
TXN002939,20.75,7,Other,iOS,Bangalore,0,2996,0,0
TXN002940,92.67,2,Food,Android,Mumbai,1,685,0,0
TXN002941,490.73,0,Shopping,Android,Mumbai,0,337,0,0
TXN002942,84.79,19,Bills,Android,Chennai,1,2744,0,0
TXN002943,320.08,15,Food,iOS,Chennai,0,803,0,0
TXN002944,118.08,8,Bills,iOS,Bangalore,1,1156,0,0
TXN002945,218.96,16,Other,iOS,Hyderabad,0,309,0,0
TXN002946,37.44,15,Bills,iOS,Delhi,0,2832,0,0
TXN002947,164.39,22,Other,Android,Chennai,1,2676,0,0
TXN002948,4.1,5,Travel,Web,Bangalore,0,2210,0,0
TXN002949,118.6,22,Entertainment,Android,Pune,1,2788,0,0
TXN002950,20.98,6,Shopping,iOS,Mumbai,1,2163,0,0
TXN002951,630.93,23,Shopping,Android,Chennai,0,634,0,0
TXN002952,377.24,15,Food,Android,Mumbai,1,1234,0,0
TXN002953,259.82,7,Shopping,iOS,Mumbai,2,1724,0,0
TXN002954,920.77,9,Travel,iOS,Chennai,0,2112,0,1
TXN002955,47.53,13,Shopping,Android,Bangalore,0,1559,0,0
TXN002956,1208.14,10,Food,iOS,Pune,0,639,0,1
TXN002957,454.24,1,Shopping,Android,Delhi,0,2111,0,0
TXN002958,111.74,11,Entertainment,Android,Bangalore,0,507,0,0
TXN002959,579.84,19,Other,iOS,Hyderabad,0,1776,0,0
TXN002960,39.35,19,Bills,Android,Hyderabad,1,495,0,0
TXN002961,55.18,12,Bills,iOS,Delhi,0,2462,0,0
TXN002962,71.5,14,Other,Android,Pune,0,1362,0,0
TXN002963,78.67,11,Bills,Android,Hyderabad,0,1179,0,0
TXN002964,41.77,12,Entertainment,Android,Mumbai,1,1989,1,0
TXN002965,644.0,7,Travel,Android,Hyderabad,3,1115,0,0
TXN002966,108.79,15,Food,Android,Chennai,0,1401,0,0
TXN002967,226.56,2,Entertainment,iOS,Mumbai,1,2451,0,0
TXN002968,74.86,12,Food,Web,Bangalore,0,269,0,0
TXN002969,16.7,11,Travel,iOS,Pune,0,849,0,0
TXN002970,205.22,18,Entertainment,iOS,Delhi,0,2615,0,0
TXN002971,14.96,1,Shopping,Android,Chennai,1,1895,0,0
TXN002972,136.68,0,Travel,Android,Chennai,1,884,1,0
TXN002973,28.73,7,Bills,Android,Delhi,0,77,0,0
TXN002974,1611.19,8,Entertainment,Android,Hyderabad,3,842,1,1
TXN002975,443.03,7,Travel,iOS,Delhi,0,516,0,0
TXN002976,168.49,20,Travel,Android,Delhi,0,2878,0,0
TXN002977,676.17,16,Entertainment,Android,Hyderabad,0,1643,0,0
TXN002978,53.75,8,Bills,Android,Bangalore,0,1574,0,0
TXN002979,284.91,5,Other,Android,Pune,0,2817,0,0
TXN002980,188.63,14,Bills,Android,Delhi,0,1300,0,0
TXN002981,203.74,22,Travel,iOS,Hyderabad,0,1158,1,0
TXN002982,683.22,23,Food,Android,Chennai,0,1567,0,0
TXN002983,357.45,12,Other,iOS,Delhi,0,917,0,0
TXN002984,209.87,20,Other,Android,Pune,0,1512,1,0
TXN002985,20.37,21,Travel,iOS,Delhi,1,1425,0,0
TXN002986,46.9,11,Entertainment,iOS,Bangalore,1,1835,0,0
TXN002987,128.09,12,Entertainment,iOS,Bangalore,0,64,0,0
TXN002988,166.01,6,Entertainment,Android,Chennai,1,1629,1,0
TXN002989,38.24,22,Bills,Android,Bangalore,0,1671,0,0
TXN002990,2681.18,17,Shopping,Web,Pune,0,1297,0,1
TXN002991,915.69,13,Entertainment,Android,Chennai,1,2942,0,1
TXN002992,305.68,10,Entertainment,Android,Delhi,0,1574,0,0
TXN002993,161.81,13,Other,Android,Hyderabad,2,2282,0,0
TXN002994,115.05,16,Food,iOS,Bangalore,2,1608,0,0
TXN002995,47.36,23,Food,Android,Chennai,0,1831,0,0
TXN002996,162.87,20,Travel,iOS,Bangalore,1,574,0,0
TXN002997,202.21,1,Travel,iOS,Bangalore,0,1546,0,0
TXN002998,33.44,18,Travel,Android,Mumbai,0,934,0,0
TXN002999,221.63,15,Entertainment,Android,Delhi,0,1619,0,0
TXN003000,123.19,21,Food,Android,Bangalore,0,2821,0,0
TXN003001,15.04,9,Travel,Android,Hyderabad,2,181,0,0
TXN003002,52.85,21,Food,Android,Pune,1,2245,0,0
TXN003003,90.35,7,Entertainment,Android,Mumbai,0,2904,1,0
TXN003004,1429.71,20,Other,iOS,Chennai,0,1365,0,1
TXN003005,289.42,4,Entertainment,iOS,Chennai,0,1629,0,0
TXN003006,29.89,6,Travel,Android,Hyderabad,1,89,0,0
TXN003007,265.93,12,Entertainment,iOS,Hyderabad,0,2356,0,0
TXN003008,23.18,15,Entertainment,iOS,Pune,0,346,0,0
TXN003009,544.15,4,Food,Android,Delhi,2,2120,0,0
TXN003010,84.32,15,Shopping,Android,Hyderabad,1,2999,1,0
TXN003011,132.64,14,Bills,iOS,Chennai,1,2037,0,0
TXN003012,728.48,8,Travel,iOS,Delhi,0,1914,0,0
TXN003013,31.67,21,Shopping,iOS,Hyderabad,1,1165,0,0
TXN003014,27.76,22,Other,Android,Hyderabad,0,2013,0,0
TXN003015,73.68,11,Travel,iOS,Chennai,0,2997,0,0
TXN003016,515.97,7,Shopping,iOS,Delhi,0,1940,0,0
TXN003017,23.97,12,Entertainment,Android,Mumbai,1,2584,0,0
TXN003018,4.96,4,Travel,iOS,Mumbai,1,1895,0,0
TXN003019,86.37,13,Shopping,Android,Pune,0,1760,0,0
TXN003020,287.75,15,Bills,Android,Delhi,1,2550,0,0
TXN003021,626.6,10,Entertainment,Android,Hyderabad,0,1746,1,0
TXN003022,85.13,19,Travel,iOS,Hyderabad,1,2437,0,0
TXN003023,90.58,11,Other,iOS,Delhi,0,1464,0,0
TXN003024,592.7,14,Other,iOS,Mumbai,1,1310,0,0
TXN003025,15.74,23,Travel,Web,Pune,0,2637,0,0
TXN003026,93.11,11,Shopping,Android,Bangalore,0,1517,0,0
TXN003027,186.51,8,Travel,iOS,Chennai,0,768,0,0
TXN003028,254.44,0,Entertainment,iOS,Delhi,0,748,0,0
TXN003029,80.5,2,Food,Web,Pune,0,255,0,0
TXN003030,154.68,11,Other,Android,Bangalore,0,2770,0,0
TXN003031,7.49,19,Shopping,Web,Chennai,1,1576,0,0
TXN003032,67.36,12,Bills,Android,Bangalore,0,2470,0,0
TXN003033,255.75,22,Travel,iOS,Bangalore,0,858,0,0
TXN003034,45.66,5,Entertainment,iOS,Chennai,0,117,0,0
TXN003035,159.3,9,Travel,iOS,Bangalore,0,1154,0,0
TXN003036,253.72,9,Bills,Android,Mumbai,0,2176,0,0
TXN003037,98.39,15,Entertainment,Android,Pune,0,1669,0,0
TXN003038,182.1,0,Bills,Android,Delhi,0,2563,0,0
TXN003039,46.75,15,Entertainment,iOS,Pune,0,2505,0,0
TXN003040,115.82,3,Food,iOS,Mumbai,1,345,0,0
TXN003041,308.67,5,Other,Web,Mumbai,1,506,0,0
TXN003042,179.18,18,Entertainment,Android,Chennai,1,2644,0,0
TXN003043,73.42,1,Bills,Android,Chennai,0,2204,0,0
TXN003044,194.23,17,Shopping,Android,Chennai,1,580,0,0
TXN003045,349.86,9,Other,Android,Bangalore,0,2502,0,0
TXN003046,12.68,3,Food,iOS,Bangalore,0,2974,0,0
TXN003047,596.39,0,Travel,iOS,Delhi,1,416,0,0
TXN003048,99.14,14,Food,Web,Bangalore,0,994,0,0
TXN003049,247.3,9,Food,Android,Delhi,0,2216,0,0
TXN003050,624.34,17,Travel,Android,Mumbai,0,161,0,0
TXN003051,28.62,15,Entertainment,Android,Delhi,0,2238,0,0
TXN003052,63.35,12,Food,iOS,Delhi,0,446,0,0
TXN003053,104.98,14,Other,Web,Chennai,0,586,0,0
TXN003054,57.95,1,Food,Android,Bangalore,0,2242,0,0
TXN003055,1190.26,19,Shopping,Android,Hyderabad,0,2929,0,1
TXN003056,53.08,3,Other,iOS,Hyderabad,0,2303,1,0
TXN003057,76.2,0,Shopping,iOS,Chennai,0,1367,0,0
TXN003058,189.67,6,Other,Android,Pune,1,1360,1,0
TXN003059,35.07,22,Bills,iOS,Pune,1,2813,0,0
TXN003060,92.31,10,Travel,Android,Pune,1,1473,0,0
TXN003061,217.23,9,Other,Web,Mumbai,0,207,0,0
TXN003062,99.54,0,Other,Android,Mumbai,1,2408,1,0
TXN003063,132.68,10,Entertainment,Android,Mumbai,0,2765,0,0
TXN003064,78.63,23,Entertainment,Android,Delhi,0,980,0,0
TXN003065,24.11,9,Bills,Android,Bangalore,0,2965,0,0
TXN003066,218.31,13,Entertainment,Android,Mumbai,0,2528,0,0
TXN003067,1219.16,13,Entertainment,iOS,Hyderabad,0,1971,0,1
TXN003068,151.73,6,Shopping,Android,Delhi,0,1789,0,0
TXN003069,194.48,22,Entertainment,iOS,Mumbai,1,649,0,0
TXN003070,340.79,10,Entertainment,Android,Mumbai,0,1137,0,0
TXN003071,32.36,21,Bills,Android,Pune,0,921,0,0
TXN003072,1144.84,3,Bills,Web,Pune,2,1311,0,1
TXN003073,189.2,23,Food,iOS,Bangalore,0,1701,0,0
TXN003074,1051.77,1,Entertainment,Android,Bangalore,1,2191,0,1
TXN003075,61.58,6,Entertainment,Android,Delhi,0,2886,0,0
TXN003076,1315.11,18,Other,iOS,Hyderabad,0,2717,0,1
TXN003077,376.22,13,Entertainment,Android,Chennai,0,2728,0,0
TXN003078,288.2,18,Shopping,iOS,Pune,0,951,0,0
TXN003079,196.53,6,Other,Android,Hyderabad,1,576,0,0
TXN003080,110.14,11,Entertainment,Android,Pune,1,1964,0,0
TXN003081,626.81,2,Shopping,Android,Bangalore,0,647,1,0
TXN003082,175.64,14,Food,iOS,Bangalore,1,2859,0,0
TXN003083,14.01,4,Other,Android,Chennai,0,2498,0,0
TXN003084,38.84,7,Travel,Android,Hyderabad,1,1839,0,0
TXN003085,118.75,13,Entertainment,iOS,Hyderabad,0,1001,0,0
TXN003086,215.29,3,Other,iOS,Chennai,1,2016,0,0
TXN003087,138.67,6,Bills,Android,Bangalore,0,1669,0,0
TXN003088,640.83,6,Other,iOS,Delhi,1,203,0,0
TXN003089,14.28,17,Bills,iOS,Hyderabad,2,609,0,0
TXN003090,176.32,13,Entertainment,Android,Mumbai,0,1622,0,0
TXN003091,16.75,7,Shopping,Android,Hyderabad,0,2629,0,0
TXN003092,369.32,11,Bills,iOS,Hyderabad,0,503,0,0
TXN003093,132.51,9,Other,Android,Hyderabad,0,1266,0,0
TXN003094,245.56,13,Other,Android,Bangalore,0,2250,0,0
TXN003095,52.63,8,Bills,iOS,Mumbai,1,1453,0,0
TXN003096,689.08,5,Food,Android,Hyderabad,1,2701,0,0
TXN003097,518.05,4,Food,iOS,Delhi,0,2356,0,0
TXN003098,298.94,0,Food,Android,Pune,2,245,0,0
TXN003099,127.05,0,Bills,Android,Pune,0,2073,0,0
TXN003100,297.62,19,Bills,Android,Mumbai,0,539,1,0
TXN003101,63.54,16,Other,Android,Chennai,0,624,0,0
TXN003102,414.33,10,Entertainment,iOS,Delhi,1,2181,0,0
TXN003103,1074.25,11,Entertainment,iOS,Chennai,0,798,0,1
TXN003104,536.32,2,Shopping,Android,Hyderabad,0,1130,0,0
TXN003105,61.84,5,Bills,Web,Bangalore,0,458,0,0
TXN003106,229.0,10,Entertainment,Android,Hyderabad,1,2388,0,0
TXN003107,31.44,12,Entertainment,Android,Hyderabad,2,1142,0,0
TXN003108,294.97,10,Food,Android,Chennai,1,2727,0,0
TXN003109,254.86,7,Food,Android,Hyderabad,0,791,0,0
TXN003110,15.74,9,Food,iOS,Delhi,0,2440,0,0
TXN003111,36.81,1,Travel,Android,Bangalore,1,2107,1,0
TXN003112,105.66,23,Entertainment,Android,Chennai,1,1789,0,0
TXN003113,103.44,13,Food,Android,Mumbai,0,1211,0,0
TXN003114,34.77,15,Food,iOS,Pune,2,546,0,0
TXN003115,236.7,16,Bills,iOS,Hyderabad,0,2570,0,0
TXN003116,200.69,10,Other,iOS,Pune,0,2348,0,0
TXN003117,117.55,1,Food,Android,Chennai,0,77,1,0
TXN003118,59.92,23,Bills,iOS,Pune,1,1406,0,0
TXN003119,522.41,22,Shopping,Android,Hyderabad,1,1769,0,0
TXN003120,1081.92,4,Food,Android,Hyderabad,0,2358,0,1
TXN003121,83.07,15,Other,iOS,Chennai,0,1553,0,0
TXN003122,71.19,15,Bills,Android,Delhi,0,304,0,0
TXN003123,267.59,1,Other,Android,Mumbai,0,1112,1,0
TXN003124,96.58,15,Food,Android,Hyderabad,1,2258,0,0
TXN003125,125.55,4,Shopping,Android,Delhi,1,500,0,0
TXN003126,360.53,7,Food,Android,Hyderabad,0,708,0,0
TXN003127,15.01,19,Bills,Android,Hyderabad,0,924,0,0
TXN003128,721.95,13,Shopping,Android,Delhi,1,1477,0,0
TXN003129,161.94,9,Shopping,Web,Hyderabad,0,2007,0,0
TXN003130,90.58,22,Shopping,iOS,Mumbai,0,129,0,0
TXN003131,133.34,1,Travel,iOS,Pune,0,2539,0,0
TXN003132,141.87,2,Bills,iOS,Chennai,0,2096,0,0
TXN003133,18.59,17,Travel,iOS,Pune,0,565,0,0
TXN003134,892.41,20,Other,Android,Delhi,1,2167,0,1
TXN003135,155.96,1,Shopping,Android,Pune,0,2567,0,0
TXN003136,252.55,20,Travel,iOS,Bangalore,0,1712,1,0
TXN003137,464.92,8,Food,Android,Hyderabad,0,1368,0,0
TXN003138,43.58,1,Travel,Android,Chennai,0,1370,0,0
TXN003139,261.95,6,Entertainment,Android,Mumbai,1,61,0,0
TXN003140,107.64,6,Other,iOS,Mumbai,1,2951,0,0
TXN003141,409.99,13,Shopping,Web,Bangalore,0,1610,0,0
TXN003142,11.56,4,Shopping,Android,Pune,2,2496,0,0
TXN003143,131.77,7,Other,Android,Mumbai,0,773,0,0
TXN003144,72.0,22,Other,iOS,Pune,0,1031,0,0
TXN003145,249.31,21,Bills,Android,Chennai,0,766,0,0
TXN003146,260.88,17,Food,Android,Bangalore,1,1866,0,0
TXN003147,63.49,5,Other,Android,Pune,0,702,0,0
TXN003148,63.14,13,Other,iOS,Delhi,0,1046,0,0
TXN003149,129.96,17,Bills,Android,Pune,0,1985,0,0
TXN003150,50.6,16,Other,Android,Pune,0,610,0,0
TXN003151,407.64,8,Travel,Android,Bangalore,0,237,0,0
TXN003152,95.29,12,Entertainment,iOS,Delhi,0,1252,0,0
TXN003153,4.53,15,Entertainment,Web,Mumbai,0,1614,0,0
TXN003154,94.65,20,Entertainment,Android,Chennai,0,55,1,0
TXN003155,42.68,9,Other,Web,Pune,1,1544,0,0
TXN003156,20.96,9,Entertainment,Android,Hyderabad,0,540,0,0
TXN003157,33.62,3,Food,Android,Bangalore,2,2246,0,0
TXN003158,169.24,11,Travel,Web,Mumbai,0,1392,0,0
TXN003159,730.97,7,Entertainment,Android,Pune,0,2050,0,1
TXN003160,216.12,14,Shopping,Android,Chennai,0,2467,0,0
TXN003161,71.68,20,Other,Android,Hyderabad,0,240,0,0
TXN003162,256.49,22,Travel,iOS,Bangalore,0,884,0,0
TXN003163,85.55,18,Food,iOS,Chennai,0,863,0,0
TXN003164,64.49,14,Entertainment,iOS,Mumbai,1,346,0,0
TXN003165,37.14,7,Food,iOS,Pune,2,2912,0,0
TXN003166,18.13,7,Other,iOS,Pune,0,351,0,0
TXN003167,92.95,18,Entertainment,Android,Pune,1,253,0,0
TXN003168,179.41,8,Shopping,iOS,Bangalore,0,2696,0,0
TXN003169,132.17,23,Travel,iOS,Pune,0,1115,0,0
TXN003170,90.09,16,Shopping,Android,Bangalore,1,1066,0,0
TXN003171,47.71,7,Entertainment,Android,Pune,1,894,0,0
TXN003172,307.94,11,Bills,Android,Delhi,0,618,0,0
TXN003173,30.55,14,Travel,iOS,Pune,0,2172,0,0
TXN003174,376.62,3,Food,Android,Delhi,0,707,1,0
TXN003175,44.58,5,Entertainment,Android,Bangalore,0,1879,0,0
TXN003176,60.16,15,Shopping,Android,Chennai,0,699,0,0
TXN003177,25.53,4,Other,Android,Mumbai,0,2608,1,0
TXN003178,81.31,22,Bills,iOS,Hyderabad,0,1339,1,0
TXN003179,478.37,12,Other,Android,Delhi,1,1620,0,0
TXN003180,275.55,14,Entertainment,Android,Mumbai,1,195,0,0
TXN003181,480.15,16,Food,iOS,Pune,1,2971,0,0
TXN003182,277.71,21,Shopping,iOS,Bangalore,1,2520,0,0
TXN003183,39.47,19,Travel,Android,Mumbai,0,2626,0,0
TXN003184,99.79,21,Bills,Android,Mumbai,0,1876,0,0
TXN003185,58.19,4,Entertainment,Web,Pune,0,1425,0,0
TXN003186,732.67,18,Entertainment,Android,Mumbai,0,2527,0,1
TXN003187,35.3,6,Entertainment,Web,Bangalore,1,866,0,0
TXN003188,433.74,2,Entertainment,Android,Delhi,1,1095,1,0
TXN003189,433.35,12,Shopping,Android,Hyderabad,1,1308,0,0
TXN003190,1333.48,13,Travel,Android,Chennai,0,94,0,1
TXN003191,90.77,15,Food,Android,Delhi,0,2550,0,0
TXN003192,348.9,12,Bills,iOS,Hyderabad,0,365,0,0
TXN003193,2293.84,1,Entertainment,Web,Bangalore,0,635,1,1
TXN003194,70.73,13,Other,Web,Hyderabad,0,1063,0,0
TXN003195,23.52,19,Entertainment,iOS,Bangalore,0,1989,0,0
TXN003196,15.55,6,Travel,iOS,Hyderabad,0,1745,0,0
TXN003197,349.06,4,Travel,iOS,Delhi,0,821,0,0
TXN003198,15.49,13,Shopping,iOS,Pune,0,50,0,0
TXN003199,94.94,8,Shopping,Android,Pune,0,2257,0,0
TXN003200,250.83,9,Other,Android,Pune,0,2436,0,0
TXN003201,185.34,6,Other,iOS,Bangalore,0,162,0,0
TXN003202,247.28,13,Shopping,iOS,Mumbai,2,705,0,0
TXN003203,193.78,13,Bills,iOS,Pune,0,656,0,0
TXN003204,688.59,1,Other,iOS,Bangalore,0,1031,0,0
TXN003205,47.33,16,Shopping,Android,Bangalore,2,819,0,0
TXN003206,65.86,19,Entertainment,iOS,Hyderabad,1,1445,1,0
TXN003207,58.72,3,Shopping,Web,Bangalore,1,1020,0,0
TXN003208,401.91,12,Bills,Android,Hyderabad,0,2641,0,0
TXN003209,437.24,17,Shopping,Web,Delhi,0,2161,1,0
TXN003210,255.05,2,Shopping,Android,Bangalore,0,825,0,0
TXN003211,614.12,18,Entertainment,iOS,Mumbai,0,1340,0,0
TXN003212,36.1,4,Other,iOS,Mumbai,0,181,0,0
TXN003213,1097.37,0,Entertainment,Android,Delhi,0,2378,0,1
TXN003214,923.24,8,Entertainment,Android,Pune,0,2468,0,1
TXN003215,358.79,23,Shopping,Android,Mumbai,0,2207,1,0
TXN003216,1259.11,7,Entertainment,Android,Hyderabad,0,1510,0,1
TXN003217,20.33,2,Travel,Android,Bangalore,1,1628,0,0
TXN003218,79.1,1,Food,Android,Chennai,0,2630,0,0
TXN003219,61.41,0,Food,Web,Bangalore,0,2062,0,0
TXN003220,352.76,11,Entertainment,Android,Bangalore,0,1743,0,0
TXN003221,42.09,21,Other,Android,Chennai,0,359,0,0
TXN003222,368.34,12,Bills,Web,Pune,0,1726,0,0
TXN003223,768.66,9,Entertainment,Web,Mumbai,0,2120,0,1
TXN003224,341.81,16,Other,iOS,Mumbai,0,1520,0,0
TXN003225,208.62,10,Entertainment,iOS,Bangalore,0,1104,0,0
TXN003226,45.36,4,Shopping,Android,Mumbai,0,706,0,0
TXN003227,53.72,8,Other,Android,Hyderabad,1,1628,0,0
TXN003228,664.84,12,Bills,Android,Hyderabad,3,1302,0,0
TXN003229,378.12,19,Entertainment,iOS,Chennai,0,1380,0,0
TXN003230,141.62,22,Travel,Android,Bangalore,0,1160,1,0
TXN003231,89.88,10,Other,iOS,Pune,1,206,0,0
TXN003232,13.05,22,Food,Android,Hyderabad,0,158,0,0
TXN003233,41.06,3,Other,Android,Delhi,0,1147,0,0
TXN003234,1471.01,20,Travel,iOS,Mumbai,1,1487,0,1
TXN003235,31.93,10,Travel,iOS,Pune,0,125,0,0
TXN003236,186.3,8,Travel,Android,Bangalore,1,718,0,0
TXN003237,497.17,6,Bills,Android,Hyderabad,0,1008,0,0
TXN003238,32.92,15,Bills,Android,Chennai,0,1612,0,0
TXN003239,185.24,22,Other,Android,Hyderabad,0,1831,0,0
TXN003240,457.37,22,Bills,iOS,Delhi,0,1353,0,0
TXN003241,150.66,4,Food,Android,Hyderabad,0,1805,0,0
TXN003242,4638.21,5,Shopping,Android,Bangalore,1,841,0,1
TXN003243,20.04,18,Other,iOS,Chennai,0,394,0,0
TXN003244,528.73,0,Entertainment,Android,Chennai,1,545,0,0
TXN003245,120.62,15,Entertainment,Android,Delhi,0,605,0,0
TXN003246,374.77,17,Other,Android,Bangalore,1,851,0,0
TXN003247,252.04,23,Shopping,Android,Delhi,1,2842,0,0
TXN003248,61.57,12,Entertainment,Android,Delhi,0,710,0,0
TXN003249,195.35,0,Other,iOS,Delhi,0,2067,0,0
TXN003250,15.97,9,Other,iOS,Hyderabad,0,571,0,0
TXN003251,306.1,6,Travel,Android,Mumbai,0,966,0,0
TXN003252,212.26,4,Food,iOS,Hyderabad,0,2072,0,0
TXN003253,319.38,12,Entertainment,Android,Bangalore,0,1403,0,0
TXN003254,528.34,21,Food,Android,Pune,1,2162,0,0
TXN003255,230.71,15,Other,iOS,Delhi,0,2575,0,0
TXN003256,177.28,23,Shopping,Android,Delhi,0,2442,0,0
TXN003257,51.56,19,Other,Android,Mumbai,0,2404,0,0
TXN003258,63.14,21,Entertainment,iOS,Chennai,1,2569,0,0
TXN003259,616.51,13,Food,Android,Delhi,0,2786,0,0
TXN003260,831.81,10,Travel,Android,Hyderabad,1,1213,0,1
TXN003261,111.53,18,Travel,iOS,Delhi,0,1605,0,0
TXN003262,156.84,22,Other,iOS,Bangalore,0,2267,0,0
TXN003263,50.12,1,Shopping,iOS,Mumbai,1,1783,1,0
TXN003264,606.26,7,Bills,Android,Pune,1,1720,0,0
TXN003265,329.8,12,Entertainment,Android,Chennai,1,2579,0,0
TXN003266,1524.56,6,Other,Android,Pune,0,1988,0,1
TXN003267,51.73,11,Travel,Android,Bangalore,1,1176,0,0
TXN003268,94.29,7,Travel,Android,Hyderabad,0,761,0,0
TXN003269,195.93,15,Shopping,iOS,Pune,1,1854,0,0
TXN003270,322.4,17,Travel,Android,Bangalore,1,863,0,0
TXN003271,114.57,18,Entertainment,Android,Pune,1,2182,0,0
TXN003272,52.06,3,Shopping,Android,Delhi,1,620,0,0
TXN003273,427.39,11,Food,Web,Mumbai,0,2052,0,0
TXN003274,352.61,15,Shopping,iOS,Delhi,0,1252,0,0
TXN003275,49.43,20,Entertainment,Web,Mumbai,0,1265,0,0
TXN003276,754.86,21,Entertainment,Android,Hyderabad,0,2602,0,1
TXN003277,604.4,16,Food,Android,Bangalore,0,893,0,0
TXN003278,174.37,3,Other,Android,Pune,0,314,0,0
TXN003279,163.29,19,Shopping,iOS,Mumbai,0,167,0,0
TXN003280,288.55,23,Entertainment,Android,Bangalore,1,2433,0,0
TXN003281,52.77,23,Entertainment,Android,Pune,0,105,0,0
TXN003282,153.86,21,Food,Android,Mumbai,0,2775,0,0
TXN003283,11.21,23,Bills,Android,Delhi,1,1779,0,0
TXN003284,424.85,8,Shopping,Android,Mumbai,1,925,0,0
TXN003285,22.79,4,Entertainment,Android,Mumbai,0,2488,0,0
TXN003286,901.54,16,Travel,Android,Chennai,0,1408,0,1
TXN003287,99.87,16,Food,Android,Pune,2,727,0,0
TXN003288,115.12,1,Bills,Android,Pune,1,2949,0,0
TXN003289,69.88,1,Bills,iOS,Hyderabad,1,1774,0,0
TXN003290,105.04,20,Food,Android,Pune,1,2634,0,0
TXN003291,814.23,22,Bills,iOS,Delhi,0,717,0,1
TXN003292,7.5,6,Entertainment,Android,Delhi,0,968,0,0
TXN003293,687.02,3,Bills,Android,Bangalore,0,2942,0,0
TXN003294,222.66,12,Shopping,iOS,Mumbai,0,1737,0,0
TXN003295,34.87,19,Travel,Web,Mumbai,1,273,0,0
TXN003296,40.84,10,Entertainment,iOS,Pune,0,185,0,0
TXN003297,1109.51,2,Food,Android,Mumbai,0,1242,0,1
TXN003298,47.72,1,Travel,Android,Delhi,0,963,0,0
TXN003299,37.19,15,Other,Android,Chennai,1,1252,0,0
TXN003300,581.02,2,Entertainment,Android,Bangalore,1,1128,0,0
TXN003301,222.8,23,Travel,Android,Mumbai,1,947,0,0
TXN003302,48.16,14,Bills,Android,Chennai,0,2986,0,0
TXN003303,192.47,16,Other,Android,Pune,1,2170,0,0
TXN003304,43.34,15,Food,iOS,Hyderabad,2,675,0,0
TXN003305,556.12,19,Food,iOS,Delhi,0,2269,0,0
TXN003306,530.41,6,Shopping,Android,Hyderabad,0,1159,0,0
TXN003307,281.01,15,Bills,iOS,Delhi,1,1491,0,0
TXN003308,229.06,4,Shopping,iOS,Bangalore,0,2308,0,0
TXN003309,1228.35,1,Shopping,Android,Pune,1,2376,0,1
TXN003310,148.36,0,Bills,Android,Hyderabad,0,1081,0,0
TXN003311,35.94,21,Entertainment,iOS,Bangalore,0,2391,0,0
TXN003312,254.52,12,Other,Android,Bangalore,0,556,0,0
TXN003313,1813.94,15,Shopping,Web,Bangalore,0,2741,0,1
TXN003314,43.92,4,Travel,Android,Hyderabad,0,392,1,0
TXN003315,96.18,2,Other,Android,Hyderabad,0,2447,1,0
TXN003316,244.63,14,Entertainment,Web,Hyderabad,1,2167,0,0
TXN003317,139.12,15,Bills,Web,Mumbai,0,1755,0,0
TXN003318,45.66,10,Food,Android,Bangalore,0,1758,0,0
TXN003319,570.34,18,Entertainment,iOS,Pune,1,2615,0,0
TXN003320,2401.98,17,Shopping,Android,Mumbai,1,2699,0,1
TXN003321,187.8,20,Travel,iOS,Delhi,0,2428,0,0
TXN003322,50.15,8,Other,iOS,Hyderabad,0,474,0,0
TXN003323,23.13,7,Bills,Android,Pune,0,158,0,0
TXN003324,202.26,21,Food,Android,Chennai,0,238,0,0
TXN003325,558.16,18,Other,Android,Delhi,1,75,0,0
TXN003326,262.49,21,Travel,Android,Bangalore,1,2569,0,0
TXN003327,147.99,4,Food,Android,Bangalore,0,30,1,0
TXN003328,73.18,16,Bills,iOS,Pune,0,866,0,0
TXN003329,40.02,4,Other,Android,Mumbai,1,1949,0,0
TXN003330,404.12,13,Entertainment,Android,Hyderabad,0,2911,0,0
TXN003331,444.31,6,Shopping,iOS,Pune,0,2536,0,0
TXN003332,23.22,8,Bills,Android,Hyderabad,0,1664,0,0
TXN003333,1000.05,16,Travel,Android,Delhi,0,827,0,1
TXN003334,295.56,2,Entertainment,Android,Pune,0,933,0,0
TXN003335,795.93,7,Other,iOS,Delhi,1,287,0,1
TXN003336,29.65,21,Food,Android,Delhi,0,1924,0,0
TXN003337,28.82,12,Entertainment,iOS,Chennai,0,1590,0,0
TXN003338,124.12,15,Entertainment,Android,Chennai,0,1200,0,0
TXN003339,271.33,20,Travel,iOS,Bangalore,0,784,1,0
TXN003340,1281.3,9,Shopping,iOS,Bangalore,1,2091,0,1
TXN003341,346.3,17,Entertainment,iOS,Bangalore,1,459,0,0
TXN003342,110.92,2,Entertainment,Android,Pune,0,2878,0,0
TXN003343,43.31,11,Shopping,Android,Hyderabad,1,904,0,0
TXN003344,649.37,15,Shopping,iOS,Bangalore,0,2875,0,0
TXN003345,46.64,17,Food,Android,Mumbai,0,2033,0,0
TXN003346,1047.5,16,Other,Android,Delhi,0,1771,0,1
TXN003347,105.5,6,Food,iOS,Pune,0,952,0,0
TXN003348,1000.94,18,Shopping,iOS,Hyderabad,3,917,0,1
TXN003349,335.2,22,Bills,Android,Chennai,2,298,1,0
TXN003350,125.91,22,Shopping,iOS,Delhi,0,1489,0,0
TXN003351,79.58,7,Food,iOS,Bangalore,0,2052,0,0
TXN003352,98.58,16,Travel,Android,Chennai,1,614,0,0
TXN003353,248.14,20,Travel,iOS,Chennai,0,116,0,0
TXN003354,162.81,6,Other,iOS,Chennai,1,380,0,0
TXN003355,72.78,0,Entertainment,Web,Pune,0,1731,0,0
TXN003356,121.66,7,Travel,Android,Delhi,1,1862,0,0
TXN003357,163.09,18,Food,iOS,Hyderabad,2,1284,0,0
TXN003358,11.54,19,Travel,Android,Delhi,0,1757,0,0
TXN003359,257.19,19,Bills,Android,Mumbai,0,597,1,0
TXN003360,45.8,9,Shopping,iOS,Bangalore,0,244,0,0
TXN003361,37.19,11,Shopping,Android,Pune,1,846,0,0
TXN003362,19.59,23,Food,Android,Hyderabad,1,786,0,0
TXN003363,17.24,0,Entertainment,Android,Pune,0,708,0,0
TXN003364,29.18,23,Shopping,Android,Hyderabad,2,852,1,0
TXN003365,63.38,20,Travel,Android,Bangalore,0,1000,1,0
TXN003366,1546.75,3,Bills,Android,Mumbai,1,2525,1,1
TXN003367,78.96,3,Entertainment,iOS,Chennai,1,1824,0,0
TXN003368,183.7,8,Entertainment,Android,Bangalore,0,2213,0,0
TXN003369,239.99,14,Entertainment,iOS,Chennai,0,1772,0,0
TXN003370,173.69,23,Shopping,iOS,Bangalore,0,790,0,0
TXN003371,135.24,14,Other,Android,Delhi,0,2331,0,0
TXN003372,35.36,6,Entertainment,Android,Pune,0,358,0,0
TXN003373,846.5,11,Food,iOS,Mumbai,1,2605,0,1
TXN003374,1298.07,2,Travel,iOS,Pune,0,1847,0,1
TXN003375,19.7,19,Other,Android,Mumbai,1,2927,0,0
TXN003376,43.43,8,Bills,iOS,Bangalore,1,2341,0,0
TXN003377,106.08,13,Travel,Android,Mumbai,0,1041,0,0
TXN003378,46.64,12,Food,Android,Chennai,0,402,0,0
TXN003379,272.37,23,Food,Android,Mumbai,3,1113,0,0
TXN003380,61.93,11,Other,Android,Mumbai,2,2045,0,0
TXN003381,1994.34,0,Travel,Android,Pune,2,2535,1,1
TXN003382,619.34,18,Shopping,iOS,Mumbai,0,809,0,0
TXN003383,191.54,15,Food,iOS,Hyderabad,1,728,0,0
TXN003384,508.97,11,Entertainment,Android,Bangalore,1,216,0,0
TXN003385,559.52,9,Bills,Web,Delhi,0,999,1,0
TXN003386,75.43,1,Bills,iOS,Delhi,0,73,1,0
TXN003387,55.73,17,Food,Android,Hyderabad,1,195,0,0
TXN003388,163.0,12,Entertainment,Android,Pune,0,1205,0,0
TXN003389,417.37,23,Travel,iOS,Hyderabad,0,2174,0,0
TXN003390,175.37,5,Bills,iOS,Delhi,0,730,0,0
TXN003391,22.37,11,Entertainment,Android,Chennai,1,2417,0,0
TXN003392,56.63,21,Entertainment,iOS,Delhi,1,238,0,0
TXN003393,135.81,3,Shopping,Android,Delhi,0,2129,0,0
TXN003394,135.53,0,Food,Android,Bangalore,0,1601,1,0
TXN003395,1582.96,10,Entertainment,Android,Delhi,1,945,0,1
TXN003396,28.13,22,Travel,iOS,Delhi,0,2039,0,0
TXN003397,272.25,7,Bills,Android,Mumbai,2,553,0,0
TXN003398,886.19,1,Shopping,Android,Hyderabad,0,932,0,1
TXN003399,2265.93,1,Travel,Android,Delhi,2,1531,1,1
TXN003400,91.35,15,Bills,iOS,Delhi,1,243,0,0
TXN003401,267.66,0,Food,iOS,Chennai,0,1402,0,0
TXN003402,294.04,3,Travel,Android,Delhi,2,2931,0,0
TXN003403,187.65,5,Bills,Web,Bangalore,0,1525,1,0
TXN003404,131.81,20,Shopping,Android,Pune,1,1120,0,0
TXN003405,250.43,19,Bills,Android,Chennai,0,198,0,0
TXN003406,7.11,13,Entertainment,Android,Delhi,0,2229,1,0
TXN003407,336.46,19,Shopping,Android,Pune,0,503,0,0
TXN003408,172.68,14,Travel,Android,Bangalore,1,2274,0,0
TXN003409,113.64,6,Other,iOS,Hyderabad,0,42,0,0
TXN003410,1730.62,6,Food,iOS,Delhi,2,770,0,1
TXN003411,66.03,17,Shopping,iOS,Hyderabad,0,2963,0,0
TXN003412,91.5,22,Shopping,iOS,Delhi,0,191,0,0
TXN003413,1619.49,1,Shopping,iOS,Chennai,0,2692,1,1
TXN003414,54.68,19,Bills,Android,Chennai,0,2720,0,0
TXN003415,76.7,14,Entertainment,iOS,Pune,0,637,0,0
TXN003416,124.41,0,Other,iOS,Bangalore,3,757,1,0
TXN003417,407.03,20,Food,Web,Mumbai,1,672,0,0
TXN003418,190.44,16,Food,Android,Pune,0,2035,0,0
TXN003419,31.46,19,Entertainment,Android,Pune,0,2997,0,0
TXN003420,78.37,12,Bills,iOS,Bangalore,1,1539,0,0
TXN003421,71.61,11,Bills,iOS,Delhi,0,832,0,0
TXN003422,135.28,23,Entertainment,Android,Hyderabad,1,1841,0,0
TXN003423,247.4,21,Entertainment,iOS,Hyderabad,0,1101,0,0
TXN003424,245.14,14,Travel,Android,Delhi,0,2632,0,0
TXN003425,17.62,23,Bills,Web,Mumbai,0,1121,0,0
TXN003426,532.05,4,Shopping,Android,Mumbai,0,2311,0,0
TXN003427,200.96,6,Food,Android,Mumbai,0,2318,0,0
TXN003428,781.67,7,Bills,Android,Delhi,0,1052,0,1
TXN003429,252.91,22,Entertainment,Android,Chennai,0,1764,0,0
TXN003430,556.46,13,Shopping,Android,Pune,0,183,0,0
TXN003431,259.79,3,Travel,iOS,Chennai,0,2236,0,0
TXN003432,746.56,20,Other,iOS,Delhi,0,211,0,1
TXN003433,277.74,13,Travel,Android,Chennai,1,1237,0,0
TXN003434,131.96,9,Shopping,iOS,Mumbai,0,2645,0,0
TXN003435,2268.61,21,Shopping,Android,Chennai,0,594,0,1
TXN003436,431.32,15,Entertainment,Android,Delhi,0,1253,0,0
TXN003437,295.45,10,Other,Android,Pune,1,2010,0,0
TXN003438,32.09,21,Entertainment,Android,Chennai,1,575,0,0
TXN003439,31.63,13,Food,iOS,Chennai,1,2417,0,0
TXN003440,210.87,13,Other,Android,Chennai,0,2919,0,0
TXN003441,176.73,1,Other,iOS,Chennai,0,2639,0,0
TXN003442,71.03,21,Food,iOS,Pune,1,738,0,0
TXN003443,175.77,12,Travel,iOS,Delhi,0,552,0,0
TXN003444,998.6,2,Shopping,Web,Bangalore,0,1936,0,1
TXN003445,341.89,17,Travel,Web,Chennai,0,2308,0,0
TXN003446,37.74,21,Entertainment,iOS,Bangalore,0,1896,0,0
TXN003447,129.83,3,Bills,Android,Pune,0,700,0,0
TXN003448,56.49,20,Entertainment,Android,Delhi,1,2395,0,0
TXN003449,93.2,20,Bills,iOS,Hyderabad,2,2612,0,0
TXN003450,90.35,18,Shopping,Android,Bangalore,0,1413,0,0
TXN003451,83.67,15,Shopping,Web,Delhi,1,2151,0,0
TXN003452,32.91,3,Other,Android,Hyderabad,0,2606,0,0
TXN003453,127.33,18,Shopping,Android,Chennai,1,2971,0,0
TXN003454,75.74,22,Food,Android,Pune,0,394,0,0
TXN003455,4.41,14,Food,iOS,Pune,0,2341,0,0
TXN003456,1743.35,0,Bills,Android,Delhi,1,2894,1,1
TXN003457,548.14,15,Travel,Android,Mumbai,0,1933,0,0
TXN003458,94.48,14,Other,Android,Hyderabad,0,214,0,0
TXN003459,151.8,15,Travel,Android,Mumbai,1,722,0,0
TXN003460,36.38,21,Bills,Android,Pune,0,759,0,0
TXN003461,1135.54,19,Food,Android,Pune,0,1159,0,1
TXN003462,1446.27,0,Entertainment,Android,Chennai,0,596,1,1
TXN003463,179.12,16,Other,Android,Chennai,0,2214,0,0
TXN003464,506.86,4,Bills,Web,Bangalore,1,1341,0,0
TXN003465,183.16,4,Travel,Web,Pune,2,372,0,0
TXN003466,29.84,6,Bills,Android,Chennai,1,641,0,0
TXN003467,90.54,12,Bills,Android,Bangalore,0,34,1,0
TXN003468,173.87,11,Shopping,Android,Hyderabad,0,1940,0,0
TXN003469,86.02,3,Food,Web,Mumbai,1,653,0,0
TXN003470,114.16,3,Other,Android,Hyderabad,2,527,0,0
TXN003471,133.0,22,Shopping,Android,Mumbai,1,1999,0,0
TXN003472,134.69,20,Food,Android,Delhi,0,252,0,0
TXN003473,158.02,20,Bills,Android,Hyderabad,1,1751,0,0
TXN003474,41.57,5,Food,Android,Delhi,0,982,0,0
TXN003475,62.78,23,Travel,iOS,Mumbai,0,1936,0,0
TXN003476,31.77,14,Other,iOS,Pune,0,1190,0,0
TXN003477,479.8,20,Shopping,iOS,Pune,0,2814,0,0
TXN003478,11.86,18,Other,Android,Bangalore,0,1920,0,0
TXN003479,592.47,5,Bills,iOS,Hyderabad,0,567,0,0
TXN003480,783.38,11,Travel,Android,Hyderabad,2,732,0,1
TXN003481,103.27,13,Food,Android,Bangalore,0,2271,0,0
TXN003482,6.53,17,Food,iOS,Bangalore,0,2879,0,0
TXN003483,96.2,11,Travel,Web,Chennai,1,1026,0,0
TXN003484,137.41,23,Food,Android,Pune,0,1883,0,0
TXN003485,44.14,23,Shopping,Android,Chennai,1,761,0,0
TXN003486,79.98,14,Entertainment,Android,Mumbai,0,2290,0,0
TXN003487,930.98,18,Food,iOS,Pune,0,616,0,1
TXN003488,329.61,7,Bills,Android,Hyderabad,1,2899,0,0
TXN003489,48.94,8,Food,Android,Bangalore,0,2753,0,0
TXN003490,21.82,4,Other,Android,Bangalore,2,1034,1,0
TXN003491,100.24,4,Bills,Android,Pune,0,1805,0,0
TXN003492,114.88,5,Food,Android,Delhi,0,1144,0,0
TXN003493,269.2,22,Food,Web,Chennai,0,2929,0,0
TXN003494,78.07,2,Bills,Android,Pune,0,654,0,0
TXN003495,274.18,4,Shopping,Web,Pune,0,2719,0,0
TXN003496,1513.51,0,Entertainment,Android,Delhi,0,642,1,1
TXN003497,394.89,10,Entertainment,Web,Bangalore,0,2607,0,0
TXN003498,140.09,20,Shopping,iOS,Hyderabad,0,1433,0,0
TXN003499,119.13,19,Food,Android,Hyderabad,0,40,0,0
TXN003500,96.74,0,Entertainment,iOS,Delhi,1,2027,0,0
TXN003501,612.02,6,Shopping,Android,Chennai,0,1569,0,0
TXN003502,69.91,14,Shopping,Android,Mumbai,0,1770,0,0
TXN003503,156.69,16,Entertainment,Android,Pune,1,584,0,0
TXN003504,157.82,7,Bills,Android,Hyderabad,0,793,0,0
TXN003505,81.28,1,Travel,iOS,Mumbai,0,580,0,0
TXN003506,28.59,12,Bills,iOS,Pune,0,1880,0,0
TXN003507,218.67,11,Food,Android,Chennai,0,1900,0,0
TXN003508,137.94,4,Bills,Web,Delhi,0,784,0,0
TXN003509,270.5,12,Other,Web,Chennai,0,366,0,0
TXN003510,78.23,5,Travel,Android,Bangalore,1,84,0,0
TXN003511,642.26,14,Travel,Android,Chennai,0,1146,1,0
TXN003512,51.82,22,Shopping,Android,Delhi,0,137,0,0
TXN003513,1158.0,21,Other,iOS,Delhi,0,2928,0,1
TXN003514,18.23,20,Food,Android,Chennai,0,2486,0,0
TXN003515,250.07,21,Shopping,Android,Pune,0,1785,0,0
TXN003516,262.57,10,Bills,iOS,Delhi,0,578,0,0
TXN003517,57.13,3,Bills,iOS,Bangalore,1,2823,1,0
TXN003518,246.97,0,Entertainment,Android,Mumbai,2,1687,0,0
TXN003519,689.12,14,Shopping,iOS,Chennai,0,616,0,0
TXN003520,10.38,11,Other,iOS,Delhi,0,1261,0,0
TXN003521,271.32,8,Shopping,Android,Pune,0,879,0,0
TXN003522,7.45,10,Shopping,iOS,Pune,1,518,0,0
TXN003523,46.58,4,Shopping,Android,Pune,0,851,0,0
TXN003524,1048.38,23,Travel,Android,Mumbai,0,102,0,1
TXN003525,73.84,6,Entertainment,Android,Bangalore,1,1931,0,0
TXN003526,36.28,7,Food,Android,Chennai,1,2897,0,0
TXN003527,117.04,0,Food,Android,Delhi,0,477,0,0
TXN003528,1774.88,0,Food,Android,Mumbai,1,2883,1,1
TXN003529,16.48,2,Travel,iOS,Bangalore,1,859,0,0
TXN003530,42.03,7,Entertainment,iOS,Hyderabad,2,609,0,0
TXN003531,895.08,10,Other,Android,Delhi,0,195,0,1
TXN003532,1379.18,0,Entertainment,Android,Pune,0,463,0,1
TXN003533,131.09,13,Travel,iOS,Pune,1,1849,0,0
TXN003534,33.55,0,Other,Android,Bangalore,1,99,0,0
TXN003535,1835.39,5,Shopping,Android,Mumbai,1,2942,0,1
TXN003536,1005.59,20,Bills,Android,Pune,0,572,0,1
TXN003537,335.2,5,Shopping,iOS,Chennai,0,2262,1,0
TXN003538,55.99,2,Food,iOS,Mumbai,0,2204,0,0
TXN003539,139.93,9,Shopping,iOS,Pune,0,1703,0,0
TXN003540,122.43,11,Travel,Android,Chennai,2,169,0,0
TXN003541,220.75,9,Food,iOS,Bangalore,0,185,0,0
TXN003542,846.58,21,Bills,Android,Bangalore,0,2408,0,1
TXN003543,426.37,1,Other,Android,Mumbai,0,1533,1,0
TXN003544,40.74,23,Other,Android,Mumbai,1,2709,0,0
TXN003545,774.17,21,Food,iOS,Chennai,0,350,0,1
TXN003546,216.1,12,Shopping,Android,Delhi,0,1976,0,0
TXN003547,338.48,15,Entertainment,Android,Mumbai,1,1965,0,0
TXN003548,862.51,12,Entertainment,iOS,Pune,1,193,0,1
TXN003549,39.1,3,Other,iOS,Delhi,0,1379,0,0
TXN003550,142.17,3,Entertainment,iOS,Delhi,1,2215,0,0
TXN003551,78.43,10,Food,Android,Delhi,1,2889,0,0
TXN003552,22.61,22,Entertainment,iOS,Bangalore,0,231,0,0
TXN003553,224.99,13,Travel,iOS,Bangalore,0,119,0,0
TXN003554,3022.59,2,Other,iOS,Delhi,2,1023,1,1
TXN003555,16.31,18,Bills,Android,Delhi,0,1502,0,0
TXN003556,142.77,21,Entertainment,Android,Bangalore,1,615,0,0
TXN003557,320.11,0,Travel,Android,Chennai,0,1499,0,0
TXN003558,172.03,4,Travel,Android,Pune,1,830,0,0
TXN003559,129.57,16,Food,Android,Hyderabad,0,1015,0,0
TXN003560,31.22,0,Other,Android,Mumbai,1,706,0,0
TXN003561,196.24,18,Food,Android,Delhi,2,1934,0,0
TXN003562,59.85,18,Bills,iOS,Bangalore,0,682,0,0
TXN003563,10.72,3,Bills,Android,Delhi,0,2435,0,0
TXN003564,622.35,18,Shopping,Android,Delhi,0,2677,0,0
TXN003565,468.75,5,Bills,iOS,Delhi,0,1919,0,0
TXN003566,157.9,14,Other,Android,Delhi,1,1858,1,0
TXN003567,195.37,3,Other,Android,Chennai,1,2911,0,0
TXN003568,538.71,23,Food,Android,Mumbai,0,1469,0,0
TXN003569,194.26,0,Travel,iOS,Mumbai,0,793,0,0
TXN003570,439.14,23,Shopping,Web,Bangalore,0,2245,0,0
TXN003571,103.86,16,Bills,iOS,Chennai,0,684,0,0
TXN003572,716.5,10,Travel,iOS,Chennai,1,2433,1,0
TXN003573,218.1,16,Food,Android,Mumbai,0,1417,0,0
TXN003574,187.33,22,Entertainment,iOS,Bangalore,0,1389,0,0
TXN003575,32.33,0,Shopping,Web,Chennai,1,114,0,0
TXN003576,209.42,8,Other,iOS,Bangalore,0,895,0,0
TXN003577,54.69,13,Travel,iOS,Mumbai,0,1171,0,0
TXN003578,69.0,14,Food,Android,Delhi,0,1091,0,0
TXN003579,55.79,23,Food,Android,Pune,0,512,0,0
TXN003580,41.29,0,Shopping,iOS,Pune,0,2558,0,0
TXN003581,1900.22,1,Shopping,iOS,Pune,0,165,1,1
TXN003582,733.34,17,Bills,iOS,Chennai,1,105,0,1
TXN003583,1486.89,17,Bills,iOS,Bangalore,1,2372,0,1
TXN003584,34.21,5,Other,iOS,Delhi,2,345,0,0
TXN003585,161.66,19,Other,iOS,Mumbai,0,526,0,0
TXN003586,31.43,7,Shopping,Android,Hyderabad,1,985,0,0
TXN003587,64.4,0,Shopping,Android,Pune,0,650,0,0
TXN003588,49.32,14,Travel,Web,Chennai,1,47,0,0
TXN003589,656.88,9,Bills,iOS,Chennai,0,1944,0,0
TXN003590,92.25,3,Food,Web,Bangalore,1,461,0,0
TXN003591,534.89,9,Bills,iOS,Mumbai,0,645,0,0
TXN003592,306.42,10,Bills,iOS,Pune,0,178,0,0
TXN003593,2355.17,4,Shopping,Android,Mumbai,0,469,1,1
TXN003594,25.15,8,Shopping,Android,Chennai,0,248,0,0
TXN003595,672.55,4,Bills,iOS,Chennai,0,2083,0,0
TXN003596,587.41,10,Entertainment,Android,Pune,2,700,0,0
TXN003597,46.15,2,Entertainment,iOS,Pune,0,2916,0,0
TXN003598,496.99,3,Other,iOS,Bangalore,0,1048,0,0
TXN003599,222.15,9,Bills,Android,Bangalore,2,2972,0,0
TXN003600,112.96,6,Entertainment,iOS,Hyderabad,1,1304,0,0
TXN003601,55.22,0,Other,Android,Delhi,0,1532,0,0
TXN003602,62.62,5,Other,Android,Bangalore,0,1939,1,0
TXN003603,1736.76,7,Bills,Android,Delhi,0,2145,0,1
TXN003604,148.53,16,Other,iOS,Chennai,0,1494,0,0
TXN003605,379.39,23,Shopping,Android,Hyderabad,0,282,0,0
TXN003606,57.45,6,Shopping,Android,Hyderabad,0,858,0,0
TXN003607,58.22,0,Shopping,Android,Hyderabad,0,913,0,0
TXN003608,543.69,8,Food,Android,Mumbai,0,2701,0,0
TXN003609,29.39,10,Shopping,Android,Pune,0,1582,0,0
TXN003610,90.17,18,Shopping,Android,Pune,2,1120,0,0
TXN003611,154.6,1,Bills,iOS,Chennai,1,1880,0,0
TXN003612,169.63,22,Entertainment,Android,Mumbai,0,2592,0,0
TXN003613,119.71,10,Entertainment,iOS,Mumbai,0,1931,0,0
TXN003614,238.65,2,Shopping,Android,Hyderabad,0,2692,0,0
TXN003615,340.84,16,Shopping,Web,Mumbai,0,184,0,0
TXN003616,358.37,9,Shopping,Android,Chennai,0,1388,0,0
TXN003617,45.47,2,Other,iOS,Chennai,1,2923,1,0
TXN003618,105.53,21,Bills,iOS,Mumbai,0,417,0,0
TXN003619,622.48,2,Bills,iOS,Pune,1,33,1,0
TXN003620,434.23,20,Bills,iOS,Chennai,0,1014,0,0
TXN003621,28.58,6,Entertainment,Android,Pune,0,2457,0,0
TXN003622,226.28,1,Food,iOS,Delhi,0,1768,1,0
TXN003623,13.82,0,Entertainment,Android,Mumbai,0,62,1,0
TXN003624,157.01,6,Bills,iOS,Hyderabad,0,1064,0,0
TXN003625,1447.11,19,Travel,Web,Hyderabad,0,745,0,1
TXN003626,47.59,10,Food,Web,Chennai,1,1562,0,0
TXN003627,54.53,22,Shopping,Android,Chennai,0,2262,0,0
TXN003628,371.24,5,Other,Android,Hyderabad,0,1207,1,0
TXN003629,23.3,22,Entertainment,Android,Delhi,1,885,0,0
TXN003630,69.46,3,Other,Android,Hyderabad,0,1932,1,0
TXN003631,303.61,18,Food,Android,Mumbai,0,951,0,0
TXN003632,69.33,20,Travel,Android,Hyderabad,0,723,0,0
TXN003633,111.81,18,Food,Web,Bangalore,0,2589,0,0
TXN003634,362.5,13,Entertainment,iOS,Delhi,0,696,0,0
TXN003635,246.13,2,Bills,iOS,Delhi,2,1281,0,0
TXN003636,204.42,3,Shopping,Android,Hyderabad,0,2552,0,0
TXN003637,98.8,7,Bills,iOS,Bangalore,0,131,0,0
TXN003638,231.38,17,Bills,Web,Mumbai,0,1747,1,0
TXN003639,127.93,3,Entertainment,iOS,Hyderabad,0,287,0,0
TXN003640,257.07,10,Bills,Android,Mumbai,0,1830,0,0
TXN003641,81.75,15,Bills,Android,Bangalore,0,101,0,0
TXN003642,119.21,2,Entertainment,Web,Hyderabad,0,2437,0,0
TXN003643,45.24,6,Entertainment,Android,Hyderabad,1,913,0,0
TXN003644,142.31,1,Travel,iOS,Mumbai,0,144,0,0
TXN003645,56.08,0,Bills,Android,Hyderabad,1,606,0,0
TXN003646,38.98,0,Food,Android,Bangalore,0,1463,0,0
TXN003647,202.43,5,Shopping,iOS,Hyderabad,0,1480,0,0
TXN003648,191.58,18,Other,Android,Chennai,1,1782,0,0
TXN003649,379.73,6,Shopping,Android,Bangalore,1,1732,0,0
TXN003650,88.47,23,Entertainment,Android,Delhi,0,1581,0,0
TXN003651,242.18,4,Other,Web,Mumbai,0,2624,0,0
TXN003652,287.42,20,Entertainment,Android,Pune,1,1844,1,0
TXN003653,253.09,17,Travel,iOS,Pune,0,337,0,0
TXN003654,55.1,23,Bills,Android,Bangalore,0,816,0,0
TXN003655,177.55,12,Entertainment,iOS,Pune,0,1919,0,0
TXN003656,229.74,0,Entertainment,Web,Delhi,2,2011,0,0
TXN003657,149.7,9,Shopping,Android,Delhi,1,421,0,0
TXN003658,12.14,8,Bills,Android,Bangalore,0,1680,0,0
TXN003659,179.93,16,Travel,Android,Delhi,0,116,0,0
TXN003660,2111.25,0,Entertainment,iOS,Delhi,0,1192,1,1
TXN003661,96.35,0,Entertainment,Android,Pune,1,1432,1,0
TXN003662,61.95,6,Entertainment,Android,Chennai,2,895,0,0
TXN003663,232.3,3,Shopping,Android,Hyderabad,0,182,0,0
TXN003664,215.91,22,Entertainment,Android,Pune,1,2549,0,0
TXN003665,620.97,20,Entertainment,Android,Pune,1,2741,0,0
TXN003666,32.8,11,Shopping,iOS,Chennai,3,647,0,0
TXN003667,356.97,15,Entertainment,iOS,Hyderabad,0,2367,0,0
TXN003668,301.42,13,Bills,Android,Delhi,0,1548,0,0
TXN003669,125.14,22,Bills,iOS,Hyderabad,0,1961,0,0
TXN003670,222.83,9,Shopping,iOS,Chennai,0,967,1,0
TXN003671,510.48,13,Bills,iOS,Mumbai,1,900,1,0
TXN003672,422.75,6,Other,Android,Mumbai,0,1644,0,0
TXN003673,37.65,3,Other,Android,Hyderabad,2,1164,0,0
TXN003674,397.1,1,Other,iOS,Mumbai,2,2554,0,0
TXN003675,137.33,23,Travel,iOS,Bangalore,1,2464,0,0
TXN003676,161.98,17,Entertainment,Android,Mumbai,1,2544,1,0
TXN003677,162.04,15,Travel,Android,Hyderabad,0,1294,0,0
TXN003678,123.93,8,Bills,Android,Delhi,0,257,0,0
TXN003679,620.2,4,Shopping,Android,Chennai,0,1715,0,0
TXN003680,134.23,8,Other,Android,Mumbai,0,1004,0,0
TXN003681,38.73,7,Shopping,Android,Hyderabad,0,102,0,0
TXN003682,92.55,23,Travel,Android,Chennai,1,1582,0,0
TXN003683,183.91,19,Bills,iOS,Bangalore,1,2174,0,0
TXN003684,648.76,15,Entertainment,Android,Delhi,0,292,1,0
TXN003685,306.04,19,Bills,iOS,Pune,1,1044,0,0
TXN003686,53.48,17,Other,iOS,Chennai,0,252,0,0
TXN003687,2928.45,3,Bills,Android,Pune,0,1579,1,1
TXN003688,203.92,15,Shopping,Android,Chennai,0,514,0,0
TXN003689,685.72,3,Food,iOS,Hyderabad,0,2337,0,0
TXN003690,123.71,5,Other,Android,Bangalore,0,1738,0,0
TXN003691,281.47,2,Entertainment,iOS,Mumbai,0,2268,0,0
TXN003692,406.41,17,Other,iOS,Bangalore,0,2343,0,0
TXN003693,640.23,14,Other,iOS,Delhi,1,586,0,0
TXN003694,527.87,7,Entertainment,iOS,Pune,1,1011,0,0
TXN003695,422.69,17,Other,iOS,Mumbai,1,2293,0,0
TXN003696,101.69,23,Shopping,Android,Pune,0,1748,0,0
TXN003697,74.73,22,Bills,Web,Bangalore,0,2223,0,0
TXN003698,221.21,2,Shopping,Android,Delhi,0,2600,1,0
TXN003699,454.75,5,Bills,Android,Chennai,1,2831,0,0
TXN003700,113.61,21,Food,Android,Chennai,0,1182,0,0
TXN003701,532.83,20,Other,iOS,Pune,1,2642,0,0
TXN003702,848.22,23,Food,Android,Pune,0,1917,0,1
TXN003703,49.42,14,Travel,Web,Chennai,0,2795,0,0
TXN003704,54.36,11,Bills,Android,Pune,0,1086,0,0
TXN003705,125.41,4,Shopping,iOS,Chennai,0,2468,0,0
TXN003706,214.68,6,Shopping,Android,Pune,1,112,0,0
TXN003707,79.08,21,Other,Android,Mumbai,1,482,0,0
TXN003708,751.93,14,Shopping,Android,Pune,1,1127,0,1
TXN003709,246.87,6,Travel,Android,Chennai,0,1697,1,0
TXN003710,155.61,12,Entertainment,Android,Mumbai,0,1717,1,0
TXN003711,26.49,2,Shopping,Web,Mumbai,2,2507,0,0
TXN003712,30.6,22,Other,Android,Bangalore,1,2019,0,0
TXN003713,207.93,12,Food,iOS,Chennai,2,1942,1,0
TXN003714,11.48,2,Shopping,Android,Hyderabad,1,1449,0,0
TXN003715,500.28,1,Shopping,Android,Pune,0,731,0,0
TXN003716,122.76,22,Shopping,Android,Chennai,0,881,0,0
TXN003717,7271.45,3,Other,Android,Hyderabad,2,247,1,1
TXN003718,2367.29,16,Entertainment,iOS,Chennai,0,489,0,1
TXN003719,119.37,5,Shopping,iOS,Mumbai,0,1790,0,0
TXN003720,130.63,10,Entertainment,Android,Chennai,0,1371,0,0
TXN003721,490.14,5,Entertainment,iOS,Chennai,0,1641,0,0
TXN003722,1145.74,21,Travel,Android,Chennai,1,1495,1,1
TXN003723,20.79,1,Food,iOS,Chennai,0,2243,0,0
TXN003724,17.4,16,Shopping,iOS,Bangalore,0,1505,1,0
TXN003725,70.36,2,Shopping,iOS,Pune,1,2222,0,0
TXN003726,298.65,11,Shopping,Android,Bangalore,0,2599,0,0
TXN003727,269.41,13,Entertainment,Android,Mumbai,0,2544,0,0
TXN003728,535.78,1,Bills,Android,Mumbai,0,441,0,0
TXN003729,35.18,21,Food,Web,Hyderabad,2,2763,0,0
TXN003730,9.21,21,Other,Web,Mumbai,0,1930,0,0
TXN003731,415.56,4,Shopping,Android,Bangalore,0,415,0,0
TXN003732,54.94,9,Bills,iOS,Mumbai,0,1945,0,0
TXN003733,13.17,9,Bills,Web,Hyderabad,0,67,0,0
TXN003734,176.63,20,Bills,Android,Hyderabad,1,2996,0,0
TXN003735,384.45,8,Food,iOS,Bangalore,0,2238,0,0
TXN003736,128.19,20,Bills,Android,Mumbai,0,2195,0,0
TXN003737,85.68,12,Other,Android,Pune,2,2683,0,0
TXN003738,122.58,9,Shopping,Android,Hyderabad,0,1377,0,0
TXN003739,95.14,5,Other,Android,Mumbai,0,227,0,0
TXN003740,29.44,10,Shopping,iOS,Mumbai,0,1535,0,0
TXN003741,62.95,3,Travel,Android,Pune,2,2328,0,0
TXN003742,277.42,13,Entertainment,Android,Bangalore,1,1046,0,0
TXN003743,218.33,16,Bills,Android,Bangalore,1,2545,0,0
TXN003744,181.58,19,Other,iOS,Mumbai,1,861,0,0
TXN003745,44.96,1,Entertainment,iOS,Chennai,0,1602,0,0
TXN003746,119.37,9,Entertainment,iOS,Chennai,0,133,0,0
TXN003747,10.89,2,Entertainment,Android,Delhi,1,2062,0,0
TXN003748,183.86,6,Entertainment,iOS,Delhi,0,1287,0,0
TXN003749,824.38,6,Entertainment,Web,Delhi,0,2150,1,1
TXN003750,25.31,0,Shopping,Android,Bangalore,2,2111,0,0
TXN003751,73.47,7,Food,iOS,Mumbai,0,1215,0,0
TXN003752,220.29,22,Bills,Web,Pune,0,952,0,0
TXN003753,667.41,0,Bills,iOS,Pune,0,749,0,0
TXN003754,86.67,7,Shopping,iOS,Hyderabad,3,1313,0,0
TXN003755,64.67,13,Other,iOS,Mumbai,1,2553,0,0
TXN003756,13.98,13,Shopping,Android,Mumbai,0,366,0,0
TXN003757,168.03,1,Entertainment,iOS,Delhi,1,1542,0,0
TXN003758,1720.71,7,Food,iOS,Mumbai,1,1769,0,1
TXN003759,207.02,18,Bills,Android,Pune,0,226,0,0
TXN003760,144.5,9,Other,iOS,Delhi,0,1024,0,0
TXN003761,218.44,6,Travel,iOS,Mumbai,0,129,0,0
TXN003762,146.45,12,Shopping,Android,Hyderabad,1,2683,0,0
TXN003763,55.95,21,Travel,iOS,Chennai,0,2140,0,0
TXN003764,398.59,20,Bills,Android,Chennai,0,1387,0,0
TXN003765,194.59,14,Shopping,iOS,Bangalore,0,1050,1,0
TXN003766,151.58,10,Bills,Android,Hyderabad,0,2987,0,0
TXN003767,46.04,13,Shopping,Web,Pune,0,2361,0,0
TXN003768,709.25,10,Other,Android,Mumbai,0,1772,0,0
TXN003769,329.52,1,Bills,iOS,Hyderabad,0,905,0,0
TXN003770,76.44,1,Travel,Web,Mumbai,1,1652,0,0
TXN003771,493.83,11,Food,Android,Hyderabad,1,2615,0,0
TXN003772,81.69,14,Other,iOS,Hyderabad,0,448,0,0
TXN003773,58.07,16,Other,Android,Chennai,1,1343,0,0
TXN003774,59.64,13,Shopping,iOS,Hyderabad,0,1823,1,0
TXN003775,17.72,15,Travel,iOS,Bangalore,0,1020,0,0
TXN003776,261.35,7,Bills,Web,Mumbai,1,2504,1,0
TXN003777,16.49,23,Travel,iOS,Delhi,0,713,0,0
TXN003778,33.98,16,Other,Android,Hyderabad,0,780,0,0
TXN003779,12.3,4,Shopping,Android,Delhi,0,1481,0,0
TXN003780,133.85,11,Travel,iOS,Chennai,1,72,0,0
TXN003781,123.92,5,Bills,Android,Delhi,0,2065,1,0
TXN003782,100.28,17,Entertainment,Android,Bangalore,0,1675,0,0
TXN003783,42.47,4,Other,Android,Bangalore,0,176,0,0
TXN003784,36.35,5,Food,iOS,Chennai,0,846,0,0
TXN003785,259.11,8,Food,Android,Pune,1,2458,0,0
TXN003786,76.66,14,Other,iOS,Bangalore,1,1804,0,0
TXN003787,216.94,9,Entertainment,iOS,Mumbai,2,1756,0,0
TXN003788,51.3,16,Shopping,iOS,Pune,0,1518,0,0
TXN003789,184.43,18,Travel,Android,Bangalore,0,873,0,0
TXN003790,709.06,11,Travel,Android,Pune,1,1106,0,0
TXN003791,299.88,8,Entertainment,Android,Hyderabad,0,242,0,0
TXN003792,90.48,14,Entertainment,Web,Bangalore,0,2002,0,0
TXN003793,202.07,13,Bills,Android,Pune,0,2734,0,0
TXN003794,111.19,0,Bills,Android,Mumbai,1,2834,0,0
TXN003795,149.82,16,Food,Android,Chennai,0,2325,0,0
TXN003796,100.41,0,Shopping,iOS,Bangalore,1,1543,0,0
TXN003797,121.85,22,Shopping,iOS,Mumbai,0,2927,0,0
TXN003798,191.43,20,Entertainment,Android,Hyderabad,0,1589,0,0
TXN003799,45.06,21,Food,Android,Delhi,1,794,0,0
TXN003800,43.86,12,Food,iOS,Delhi,0,2261,0,0
TXN003801,28.04,7,Bills,Android,Chennai,0,96,0,0
TXN003802,21.75,12,Travel,iOS,Chennai,0,2110,0,0
TXN003803,34.44,15,Shopping,iOS,Delhi,0,1220,0,0
TXN003804,179.71,1,Food,iOS,Delhi,0,2417,0,0
TXN003805,50.84,12,Bills,iOS,Chennai,1,2775,0,0
TXN003806,274.88,17,Bills,iOS,Delhi,0,1577,0,0
TXN003807,154.73,2,Bills,Web,Bangalore,0,1298,0,0
TXN003808,13.98,12,Travel,Android,Pune,0,1539,0,0
TXN003809,325.7,18,Food,Android,Mumbai,1,625,0,0
TXN003810,392.67,12,Entertainment,iOS,Pune,0,878,0,0
TXN003811,45.03,18,Entertainment,Android,Chennai,0,2120,0,0
TXN003812,245.73,3,Bills,Web,Mumbai,0,2696,0,0
TXN003813,53.1,18,Bills,Android,Hyderabad,0,2534,0,0
TXN003814,166.87,17,Travel,Web,Hyderabad,0,1904,1,0
TXN003815,32.54,5,Bills,iOS,Bangalore,0,631,0,0
TXN003816,17.26,18,Other,iOS,Hyderabad,0,2193,0,0
TXN003817,93.75,3,Food,Android,Chennai,2,2978,0,0
TXN003818,127.94,3,Bills,Web,Bangalore,0,135,0,0
TXN003819,92.09,23,Bills,Android,Pune,1,714,0,0
TXN003820,35.84,6,Food,Android,Bangalore,0,1442,0,0
TXN003821,91.85,6,Shopping,Android,Chennai,0,2612,0,0
TXN003822,205.03,22,Other,Web,Delhi,0,2880,0,0
TXN003823,140.63,15,Other,Android,Mumbai,0,2318,0,0
TXN003824,184.75,15,Entertainment,iOS,Chennai,0,125,1,0
TXN003825,66.41,4,Bills,iOS,Delhi,0,154,0,0
TXN003826,605.5,14,Food,iOS,Delhi,1,263,0,0
TXN003827,36.18,22,Entertainment,iOS,Hyderabad,0,718,0,0
TXN003828,266.42,3,Travel,iOS,Pune,0,611,0,0
TXN003829,612.94,23,Shopping,iOS,Bangalore,0,2069,0,0
TXN003830,264.3,12,Bills,iOS,Bangalore,0,1259,0,0
TXN003831,116.39,18,Shopping,Android,Hyderabad,0,2310,0,0
TXN003832,78.73,6,Bills,Android,Hyderabad,0,149,0,0
TXN003833,514.56,11,Bills,Android,Bangalore,0,2708,0,0
TXN003834,26.91,8,Bills,Android,Chennai,1,51,0,0
TXN003835,46.33,16,Shopping,Android,Chennai,0,2838,0,0
TXN003836,92.11,1,Other,iOS,Chennai,3,1265,1,0
TXN003837,655.36,15,Travel,Web,Chennai,0,2981,0,0
TXN003838,234.09,6,Other,Android,Hyderabad,0,2552,0,0
TXN003839,46.45,17,Food,iOS,Mumbai,1,2774,0,0
TXN003840,102.27,6,Food,Android,Mumbai,0,1549,0,0
TXN003841,71.01,0,Other,Android,Bangalore,1,868,0,0
TXN003842,63.32,2,Travel,iOS,Mumbai,0,2265,0,0
TXN003843,480.42,20,Travel,Web,Chennai,0,447,0,0
TXN003844,28.61,10,Bills,Android,Hyderabad,0,582,0,0
TXN003845,1023.04,21,Bills,Android,Chennai,2,2617,0,1
TXN003846,400.97,14,Food,Android,Delhi,0,1127,0,0
TXN003847,549.51,2,Bills,Android,Hyderabad,0,65,1,0
TXN003848,85.15,23,Bills,iOS,Delhi,0,2026,0,0
TXN003849,123.97,12,Travel,iOS,Delhi,0,1463,0,0
TXN003850,26.58,3,Shopping,iOS,Bangalore,0,560,0,0
TXN003851,79.08,22,Other,Android,Delhi,0,1827,0,0
TXN003852,268.38,21,Entertainment,Web,Mumbai,0,717,0,0
TXN003853,702.94,7,Entertainment,Android,Mumbai,2,1675,0,0
TXN003854,39.31,21,Bills,iOS,Delhi,0,1162,0,0
TXN003855,95.72,3,Bills,Android,Bangalore,2,2201,1,0
TXN003856,123.77,17,Other,iOS,Delhi,0,1358,0,0
TXN003857,27.8,6,Entertainment,iOS,Hyderabad,0,2161,1,0
TXN003858,301.76,10,Travel,Web,Hyderabad,0,734,0,0
TXN003859,62.25,3,Entertainment,Android,Hyderabad,0,947,0,0
TXN003860,117.39,12,Entertainment,iOS,Hyderabad,0,2445,0,0
TXN003861,86.29,8,Entertainment,iOS,Delhi,1,2471,0,0
TXN003862,57.56,8,Bills,iOS,Chennai,1,2097,0,0
TXN003863,147.16,22,Bills,Android,Chennai,0,1049,0,0
TXN003864,114.58,20,Other,Android,Pune,0,2053,1,0
TXN003865,94.99,18,Entertainment,Android,Hyderabad,1,2019,0,0
TXN003866,61.92,2,Bills,Android,Pune,0,1816,0,0
TXN003867,217.77,11,Other,iOS,Pune,0,2190,1,0
TXN003868,1079.59,10,Entertainment,iOS,Bangalore,0,1370,0,1
TXN003869,175.54,19,Travel,Android,Bangalore,0,2434,0,0
TXN003870,490.46,10,Bills,Web,Delhi,0,865,0,0
TXN003871,27.99,16,Shopping,Android,Chennai,0,801,0,0
TXN003872,179.35,20,Other,Android,Delhi,0,1648,0,0
TXN003873,39.77,13,Bills,Android,Mumbai,1,2490,0,0
TXN003874,25.22,15,Travel,iOS,Hyderabad,0,2903,1,0
TXN003875,61.11,23,Travel,iOS,Mumbai,0,2135,0,0
TXN003876,620.35,9,Bills,Android,Mumbai,1,1414,0,0
TXN003877,464.06,3,Food,iOS,Pune,0,746,0,0
TXN003878,198.66,9,Other,Android,Bangalore,0,452,1,0
TXN003879,23.59,19,Entertainment,Android,Chennai,1,1110,0,0
TXN003880,117.27,11,Entertainment,Android,Pune,0,93,0,0
TXN003881,213.16,8,Travel,Android,Pune,1,2363,0,0
TXN003882,183.21,14,Bills,iOS,Hyderabad,0,2419,0,0
TXN003883,16.24,8,Food,iOS,Delhi,0,2586,0,0
TXN003884,50.99,6,Other,Android,Hyderabad,0,1487,1,0
TXN003885,137.43,23,Shopping,Android,Delhi,0,2612,0,0
TXN003886,282.46,11,Entertainment,Android,Delhi,0,110,0,0
TXN003887,10.64,19,Other,Android,Chennai,0,2458,0,0
TXN003888,122.17,23,Other,Android,Mumbai,0,2771,0,0
TXN003889,176.21,13,Food,Android,Delhi,2,2725,0,0
TXN003890,411.39,21,Other,iOS,Chennai,0,445,0,0
TXN003891,340.85,15,Entertainment,Android,Mumbai,1,2696,0,0
TXN003892,298.59,18,Bills,Android,Pune,1,2211,0,0
TXN003893,56.83,22,Entertainment,Web,Pune,1,2789,0,0
TXN003894,15.04,2,Shopping,Android,Mumbai,0,2963,0,0
TXN003895,92.6,10,Bills,Android,Hyderabad,0,588,1,0
TXN003896,493.71,22,Travel,Android,Hyderabad,0,252,0,0
TXN003897,790.09,20,Food,Android,Hyderabad,3,2192,1,1
TXN003898,348.16,19,Entertainment,Android,Bangalore,1,2403,0,0
TXN003899,248.44,18,Bills,Android,Mumbai,1,2273,0,0
TXN003900,234.06,7,Other,iOS,Bangalore,0,1044,0,0
TXN003901,76.15,19,Bills,iOS,Hyderabad,1,1048,0,0
TXN003902,126.97,7,Entertainment,iOS,Chennai,1,2326,0,0
TXN003903,1099.8,2,Travel,Android,Hyderabad,1,255,0,1
TXN003904,47.89,9,Entertainment,Android,Delhi,0,2360,0,0
TXN003905,1030.43,12,Travel,Android,Chennai,0,2527,0,1
TXN003906,100.84,8,Other,Android,Chennai,1,1707,0,0
TXN003907,728.16,5,Entertainment,Android,Mumbai,0,2822,0,0
TXN003908,27.44,14,Bills,Android,Bangalore,0,516,0,0
TXN003909,299.79,15,Shopping,Android,Delhi,1,1203,0,0
TXN003910,61.31,4,Shopping,Android,Chennai,0,2287,0,0
TXN003911,27.16,20,Other,Android,Bangalore,1,345,0,0
TXN003912,192.91,12,Bills,Android,Bangalore,0,1616,0,0
TXN003913,498.38,18,Shopping,Android,Delhi,1,429,1,0
TXN003914,53.84,1,Other,Android,Delhi,0,1545,1,0
TXN003915,24.56,5,Travel,Android,Hyderabad,0,1181,0,0
TXN003916,132.93,0,Bills,Android,Hyderabad,0,798,1,0
TXN003917,133.63,14,Travel,Android,Chennai,0,1065,0,0
TXN003918,286.57,14,Bills,Android,Chennai,1,53,0,0
TXN003919,463.83,13,Travel,Android,Chennai,0,2203,0,0
TXN003920,138.2,6,Travel,iOS,Hyderabad,0,360,0,0
TXN003921,1375.54,4,Shopping,Android,Chennai,0,1224,0,1
TXN003922,194.24,19,Bills,Android,Chennai,0,134,0,0
TXN003923,97.93,15,Entertainment,Android,Hyderabad,1,2045,0,0
TXN003924,21.46,16,Shopping,Android,Hyderabad,1,1714,0,0
TXN003925,108.29,10,Travel,Android,Chennai,1,2110,0,0
TXN003926,99.12,14,Travel,Web,Chennai,0,1214,0,0
TXN003927,469.83,19,Entertainment,iOS,Bangalore,0,1977,0,0
TXN003928,258.52,15,Entertainment,Android,Mumbai,1,1161,0,0
TXN003929,36.04,2,Travel,iOS,Hyderabad,0,2142,0,0
TXN003930,182.49,5,Entertainment,Android,Mumbai,1,1982,0,0
TXN003931,332.23,20,Food,Android,Hyderabad,0,1506,1,0
TXN003932,928.56,22,Shopping,iOS,Pune,0,2527,0,1
TXN003933,430.52,12,Bills,Android,Bangalore,0,1985,0,0
TXN003934,369.82,0,Entertainment,Android,Mumbai,1,979,0,0
TXN003935,159.51,20,Entertainment,iOS,Bangalore,0,463,0,0
TXN003936,236.51,13,Food,iOS,Delhi,1,2000,0,0
TXN003937,664.75,1,Bills,Web,Mumbai,0,655,0,0
TXN003938,29.98,1,Food,iOS,Mumbai,0,434,0,0
TXN003939,97.58,14,Bills,iOS,Pune,2,1689,1,0
TXN003940,58.73,17,Shopping,Android,Mumbai,0,172,0,0
TXN003941,233.92,8,Entertainment,Android,Delhi,1,2836,0,0
TXN003942,649.54,2,Shopping,iOS,Delhi,0,317,0,0
TXN003943,72.5,3,Bills,Web,Bangalore,0,101,0,0
TXN003944,8.43,14,Entertainment,Android,Delhi,2,436,0,0
TXN003945,90.5,4,Food,Web,Hyderabad,2,1848,0,0
TXN003946,444.15,19,Travel,Android,Chennai,0,583,0,0
TXN003947,282.92,19,Food,Android,Mumbai,1,1317,0,0
TXN003948,248.1,4,Travel,Android,Bangalore,2,808,0,0
TXN003949,106.06,9,Food,Android,Bangalore,0,1970,1,0
TXN003950,31.98,15,Bills,iOS,Bangalore,0,1808,0,0
TXN003951,275.44,11,Shopping,Android,Bangalore,0,1097,0,0
TXN003952,54.54,13,Travel,Web,Mumbai,1,1019,1,0
TXN003953,2040.43,21,Bills,Android,Bangalore,1,318,0,1
TXN003954,294.3,10,Shopping,Android,Mumbai,1,2077,0,0
TXN003955,73.94,18,Shopping,iOS,Bangalore,0,810,0,0
TXN003956,71.26,5,Entertainment,Android,Bangalore,0,567,0,0
TXN003957,132.75,9,Entertainment,iOS,Chennai,0,487,0,0
TXN003958,111.34,19,Entertainment,Android,Hyderabad,0,1153,0,0
TXN003959,566.91,2,Travel,Android,Delhi,1,1204,0,0
TXN003960,185.62,21,Travel,iOS,Delhi,0,1189,0,0
TXN003961,61.69,14,Shopping,Web,Delhi,1,1835,1,0
TXN003962,1434.44,10,Travel,iOS,Hyderabad,0,1428,0,1
TXN003963,157.46,21,Shopping,iOS,Mumbai,0,1718,0,0
TXN003964,373.38,1,Bills,iOS,Delhi,0,2486,0,0
TXN003965,71.53,23,Food,Android,Delhi,0,1070,0,0
TXN003966,229.46,5,Shopping,iOS,Delhi,0,673,0,0
TXN003967,215.58,16,Shopping,Android,Mumbai,0,280,0,0
TXN003968,15.37,17,Bills,Android,Hyderabad,0,1650,0,0
TXN003969,1666.25,3,Entertainment,Android,Hyderabad,0,1777,1,1
TXN003970,698.39,22,Other,Android,Pune,0,908,0,0
TXN003971,92.15,8,Entertainment,Android,Pune,0,134,0,0
TXN003972,39.54,9,Entertainment,Android,Mumbai,0,2926,1,0
TXN003973,225.22,20,Shopping,Android,Chennai,0,1664,0,0
TXN003974,164.69,1,Shopping,iOS,Bangalore,0,2649,0,0
TXN003975,227.42,10,Travel,iOS,Mumbai,0,1652,0,0
TXN003976,186.77,10,Travel,iOS,Bangalore,1,2546,0,0
TXN003977,272.46,10,Food,Android,Hyderabad,1,584,0,0
TXN003978,842.83,0,Food,iOS,Bangalore,0,2003,1,1
TXN003979,293.45,13,Other,Android,Pune,0,1873,0,0
TXN003980,42.12,0,Travel,iOS,Delhi,0,562,0,0
TXN003981,761.34,20,Shopping,Android,Bangalore,0,663,0,1
TXN003982,1062.88,22,Bills,Android,Pune,0,1007,0,1
TXN003983,6518.95,8,Travel,Android,Bangalore,0,533,0,1
TXN003984,38.54,23,Shopping,iOS,Hyderabad,0,1737,0,0
TXN003985,198.63,0,Travel,iOS,Chennai,1,2210,0,0
TXN003986,12.2,20,Entertainment,iOS,Bangalore,1,986,1,0
TXN003987,288.24,21,Travel,Android,Hyderabad,0,1353,0,0
TXN003988,76.87,21,Other,Android,Delhi,1,248,0,0
TXN003989,1492.39,3,Entertainment,Web,Bangalore,1,1387,1,1
TXN003990,58.58,0,Shopping,Android,Bangalore,0,416,1,0
TXN003991,19.55,18,Entertainment,Web,Delhi,0,2748,0,0
TXN003992,84.31,9,Travel,Android,Pune,0,980,0,0
TXN003993,13.87,14,Entertainment,Web,Pune,0,143,0,0
TXN003994,365.52,19,Other,Web,Pune,0,2900,0,0
TXN003995,12.45,3,Bills,iOS,Mumbai,0,89,1,0
TXN003996,153.57,19,Entertainment,Android,Chennai,0,956,0,0
TXN003997,12.26,13,Other,Android,Delhi,0,784,0,0
TXN003998,101.05,4,Entertainment,Web,Pune,1,2192,0,0
TXN003999,1066.41,14,Food,iOS,Delhi,1,324,0,1
TXN004000,228.78,14,Bills,Android,Delhi,0,1433,0,0
TXN004001,52.66,15,Shopping,Android,Mumbai,0,645,0,0
TXN004002,142.96,15,Other,iOS,Delhi,2,1613,0,0
TXN004003,151.66,3,Entertainment,iOS,Mumbai,0,2157,0,0
TXN004004,261.69,8,Bills,iOS,Chennai,0,1080,0,0
TXN004005,28.78,0,Shopping,iOS,Mumbai,0,1286,0,0
TXN004006,302.2,4,Bills,Web,Chennai,0,283,0,0
TXN004007,5.78,8,Other,Android,Chennai,1,1418,0,0
TXN004008,69.7,19,Food,Android,Chennai,1,1441,0,0
TXN004009,82.61,4,Other,Android,Hyderabad,1,2450,0,0
TXN004010,317.35,3,Other,Web,Chennai,0,376,1,0
TXN004011,152.5,15,Shopping,Android,Mumbai,0,1190,1,0
TXN004012,27.48,1,Shopping,Android,Hyderabad,0,373,0,0
TXN004013,45.51,15,Entertainment,Android,Delhi,0,2135,0,0
TXN004014,188.37,17,Travel,Android,Delhi,1,249,0,0
TXN004015,134.98,1,Other,iOS,Bangalore,0,1071,0,0
TXN004016,74.07,15,Shopping,iOS,Chennai,0,2505,0,0
TXN004017,83.35,0,Other,iOS,Bangalore,1,871,0,0
TXN004018,342.2,15,Other,Android,Chennai,1,1230,0,0
TXN004019,79.74,2,Shopping,Web,Chennai,1,1609,0,0
TXN004020,133.53,14,Food,Android,Pune,0,1547,0,0
TXN004021,2006.05,10,Food,iOS,Mumbai,0,515,0,1
TXN004022,26.89,9,Other,Android,Mumbai,1,1768,0,0
TXN004023,16.08,16,Food,Android,Delhi,1,1003,0,0
TXN004024,380.05,3,Other,Android,Hyderabad,1,2580,0,0
TXN004025,65.73,16,Entertainment,iOS,Delhi,0,2699,0,0
TXN004026,101.3,3,Shopping,iOS,Chennai,1,1987,0,0
TXN004027,58.13,18,Other,Android,Pune,1,734,0,0
TXN004028,108.66,0,Food,Android,Hyderabad,0,878,0,0
TXN004029,1010.55,13,Food,iOS,Bangalore,0,1038,0,1
TXN004030,388.6,23,Bills,Android,Chennai,0,669,0,0
TXN004031,417.66,10,Bills,Android,Mumbai,0,2683,0,0
TXN004032,27.13,6,Food,Android,Delhi,0,843,0,0
TXN004033,37.29,16,Entertainment,iOS,Delhi,1,1790,0,0
TXN004034,4.92,3,Travel,Android,Bangalore,0,2335,0,0
TXN004035,56.19,9,Other,Web,Delhi,0,2959,0,0
TXN004036,467.8,16,Bills,Android,Delhi,0,2481,0,0
TXN004037,275.98,3,Other,Android,Hyderabad,0,1277,0,0
TXN004038,113.77,18,Bills,Android,Chennai,0,800,0,0
TXN004039,144.49,17,Shopping,iOS,Hyderabad,1,2625,0,0
TXN004040,64.93,16,Shopping,Android,Hyderabad,1,290,0,0
TXN004041,189.75,5,Food,iOS,Delhi,0,1824,1,0
TXN004042,372.06,6,Shopping,Android,Chennai,0,800,0,0
TXN004043,21.35,5,Shopping,Android,Delhi,2,2403,0,0
TXN004044,212.64,11,Travel,iOS,Pune,0,257,0,0
TXN004045,454.37,8,Entertainment,iOS,Pune,0,2677,0,0
TXN004046,90.19,17,Food,Android,Delhi,0,37,0,0
TXN004047,344.07,1,Travel,iOS,Hyderabad,1,643,0,0
TXN004048,4348.5,16,Food,iOS,Pune,0,2702,0,1
TXN004049,130.95,20,Entertainment,Android,Mumbai,1,2285,0,0
TXN004050,237.93,0,Food,Android,Pune,0,2974,0,0
TXN004051,61.21,22,Other,Android,Mumbai,0,1098,0,0
TXN004052,184.47,8,Other,Android,Hyderabad,0,2535,0,0
TXN004053,257.84,5,Other,iOS,Hyderabad,0,551,0,0
TXN004054,187.51,1,Shopping,Android,Delhi,0,2419,0,0
TXN004055,43.66,5,Entertainment,Android,Chennai,2,2309,0,0
TXN004056,190.12,8,Travel,Android,Pune,0,1798,0,0
TXN004057,858.03,2,Travel,Web,Delhi,0,1532,0,1
TXN004058,254.26,15,Bills,iOS,Delhi,0,2017,0,0
TXN004059,470.78,23,Travel,Android,Bangalore,0,1992,0,0
TXN004060,111.67,14,Other,Android,Delhi,1,1396,1,0
TXN004061,364.99,11,Other,Android,Chennai,1,2246,0,0
TXN004062,207.5,22,Bills,iOS,Delhi,0,2345,0,0
TXN004063,47.41,7,Shopping,Android,Hyderabad,1,778,0,0
TXN004064,217.51,5,Travel,Web,Chennai,1,1317,0,0
TXN004065,45.15,2,Entertainment,Android,Pune,1,921,0,0
TXN004066,69.45,22,Bills,iOS,Hyderabad,0,629,0,0
TXN004067,186.27,3,Travel,iOS,Bangalore,0,2743,0,0
TXN004068,212.02,9,Shopping,iOS,Bangalore,0,2419,1,0
TXN004069,35.62,13,Entertainment,Android,Chennai,0,136,0,0
TXN004070,525.73,20,Entertainment,iOS,Pune,0,188,0,0
TXN004071,294.83,23,Shopping,Android,Mumbai,2,2536,0,0
TXN004072,63.71,14,Travel,Android,Mumbai,0,2149,0,0
TXN004073,23.45,6,Food,iOS,Chennai,0,2710,0,0
TXN004074,124.73,6,Travel,Web,Chennai,1,256,0,0
TXN004075,86.91,7,Bills,iOS,Hyderabad,0,2806,0,0
TXN004076,169.99,9,Bills,Android,Bangalore,0,636,1,0
TXN004077,95.99,18,Travel,iOS,Chennai,1,2676,0,0
TXN004078,13.34,18,Other,Android,Delhi,0,1989,0,0
TXN004079,93.13,1,Bills,Android,Hyderabad,0,131,0,0
TXN004080,102.85,14,Food,iOS,Bangalore,0,1409,0,0
TXN004081,317.47,0,Other,Android,Hyderabad,0,1180,0,0
TXN004082,64.21,9,Food,Web,Bangalore,0,1447,0,0
TXN004083,1112.55,5,Entertainment,Android,Delhi,0,2659,1,1
TXN004084,14.97,21,Bills,Android,Bangalore,0,2812,0,0
TXN004085,715.8,12,Other,iOS,Hyderabad,0,289,0,0
TXN004086,113.39,9,Travel,iOS,Bangalore,0,306,0,0
TXN004087,416.34,11,Other,Android,Hyderabad,0,839,0,0
TXN004088,163.33,23,Entertainment,Android,Chennai,0,625,0,0
TXN004089,582.58,5,Food,iOS,Delhi,0,494,1,0
TXN004090,93.24,5,Entertainment,Android,Hyderabad,0,2211,0,0
TXN004091,39.71,0,Shopping,Android,Mumbai,0,1576,0,0
TXN004092,816.16,11,Bills,iOS,Mumbai,0,1775,0,1
TXN004093,129.52,22,Travel,Android,Pune,0,2964,0,0
TXN004094,193.61,22,Food,Web,Pune,0,2150,0,0
TXN004095,653.08,9,Entertainment,iOS,Bangalore,0,2729,0,0
TXN004096,43.02,13,Travel,Web,Chennai,0,200,0,0
TXN004097,303.26,14,Bills,Android,Chennai,0,2775,0,0
TXN004098,73.12,22,Travel,Web,Mumbai,0,276,0,0
TXN004099,126.65,23,Bills,Android,Bangalore,1,383,0,0
TXN004100,161.86,3,Bills,Android,Chennai,0,2118,0,0
TXN004101,24.53,0,Bills,Android,Chennai,0,2189,0,0
TXN004102,58.29,7,Entertainment,Android,Bangalore,0,2793,1,0
TXN004103,750.91,2,Bills,Android,Hyderabad,0,1934,0,1
TXN004104,429.85,13,Travel,Android,Mumbai,1,490,0,0
TXN004105,137.67,16,Shopping,Android,Pune,0,2716,1,0
TXN004106,198.69,1,Travel,Android,Chennai,1,2143,0,0
TXN004107,104.26,14,Entertainment,iOS,Hyderabad,0,1422,0,0
TXN004108,755.89,5,Bills,Android,Hyderabad,0,490,0,1
TXN004109,116.7,4,Shopping,iOS,Hyderabad,0,575,0,0
TXN004110,196.02,13,Entertainment,iOS,Hyderabad,1,1527,0,0
TXN004111,587.12,18,Food,Web,Delhi,1,739,1,0
TXN004112,58.39,8,Food,Android,Delhi,0,2034,0,0
TXN004113,963.48,7,Food,Web,Pune,0,73,0,1
TXN004114,23.65,2,Shopping,iOS,Bangalore,0,1818,0,0
TXN004115,1048.98,17,Travel,Web,Mumbai,1,1388,0,1
TXN004116,94.9,7,Shopping,Android,Bangalore,0,1401,0,0
TXN004117,110.91,15,Shopping,iOS,Delhi,1,1861,0,0
TXN004118,15.36,14,Shopping,iOS,Bangalore,0,1315,0,0
TXN004119,85.99,20,Food,Android,Bangalore,0,104,0,0
TXN004120,42.62,14,Other,iOS,Hyderabad,0,1579,0,0
TXN004121,71.58,15,Travel,iOS,Chennai,0,1944,1,0
TXN004122,125.87,0,Other,iOS,Delhi,1,497,0,0
TXN004123,468.41,9,Other,Android,Delhi,0,34,0,0
TXN004124,190.4,18,Shopping,iOS,Bangalore,0,2378,0,0
TXN004125,214.69,4,Travel,Android,Chennai,1,1240,0,0
TXN004126,39.86,17,Other,iOS,Bangalore,0,1254,0,0
TXN004127,51.58,2,Bills,Android,Mumbai,0,1543,1,0
TXN004128,1284.94,3,Shopping,Android,Delhi,1,2563,0,1
TXN004129,61.42,3,Shopping,Android,Hyderabad,0,978,0,0
TXN004130,1082.96,10,Shopping,iOS,Hyderabad,0,2328,0,1
TXN004131,110.87,8,Bills,Web,Hyderabad,0,696,0,0
TXN004132,148.82,0,Bills,Android,Pune,0,98,0,0
TXN004133,536.16,15,Food,Android,Pune,1,2637,0,0
TXN004134,682.85,8,Entertainment,Android,Delhi,0,1302,0,0
TXN004135,129.93,10,Travel,iOS,Delhi,0,261,0,0
TXN004136,93.14,5,Entertainment,Android,Hyderabad,0,1676,0,0
TXN004137,138.78,16,Shopping,Android,Delhi,0,2406,0,0
TXN004138,222.64,11,Other,iOS,Hyderabad,0,1932,0,0
TXN004139,432.49,21,Shopping,Android,Mumbai,0,822,0,0
TXN004140,149.17,7,Other,Android,Mumbai,0,1189,0,0
TXN004141,311.89,15,Food,Android,Mumbai,0,1643,1,0
TXN004142,1060.01,4,Entertainment,iOS,Bangalore,1,2820,0,1
TXN004143,234.53,20,Shopping,Web,Bangalore,1,796,0,0
TXN004144,215.72,0,Entertainment,iOS,Chennai,0,1725,0,0
TXN004145,23.98,16,Food,Android,Chennai,0,2556,0,0
TXN004146,6.32,23,Entertainment,Android,Chennai,0,1114,0,0
TXN004147,236.52,20,Other,Android,Mumbai,0,116,0,0
TXN004148,132.45,7,Travel,iOS,Mumbai,0,2057,1,0
TXN004149,80.02,9,Food,iOS,Mumbai,0,1212,0,0
TXN004150,198.79,17,Entertainment,Web,Delhi,0,2476,0,0
TXN004151,138.04,14,Shopping,Android,Delhi,1,2823,0,0
TXN004152,574.41,19,Bills,iOS,Mumbai,0,1635,0,0
TXN004153,164.57,12,Bills,iOS,Hyderabad,1,1453,0,0
TXN004154,60.56,9,Food,Android,Chennai,1,2539,0,0
TXN004155,486.97,8,Bills,iOS,Bangalore,0,2441,1,0
TXN004156,114.37,12,Travel,Web,Chennai,0,110,0,0
TXN004157,279.18,2,Food,Web,Hyderabad,1,2791,0,0
TXN004158,83.69,21,Shopping,iOS,Pune,0,2170,1,0
TXN004159,68.05,22,Shopping,Android,Delhi,0,2951,0,0
TXN004160,164.19,2,Food,iOS,Mumbai,0,101,0,0
TXN004161,150.72,0,Bills,iOS,Delhi,1,1110,0,0
TXN004162,263.96,1,Bills,Android,Delhi,0,1576,1,0
TXN004163,107.51,10,Shopping,Android,Hyderabad,0,2584,0,0
TXN004164,16.39,13,Travel,Android,Delhi,0,1711,0,0
TXN004165,88.29,9,Other,Android,Delhi,0,1482,0,0
TXN004166,384.75,6,Bills,iOS,Chennai,2,749,0,0
TXN004167,103.87,22,Travel,Android,Chennai,0,1656,0,0
TXN004168,110.43,0,Bills,Android,Pune,0,2676,0,0
TXN004169,484.76,6,Other,Android,Hyderabad,0,2475,0,0
TXN004170,63.16,14,Food,Android,Mumbai,0,2537,0,0
TXN004171,23.3,10,Entertainment,Android,Chennai,1,2698,0,0
TXN004172,122.39,5,Shopping,Android,Pune,1,2282,0,0
TXN004173,83.01,21,Food,Android,Delhi,1,126,0,0
TXN004174,46.55,6,Bills,iOS,Pune,1,2549,1,0
TXN004175,120.25,6,Other,Android,Pune,2,1513,0,0
TXN004176,267.68,0,Shopping,iOS,Bangalore,0,294,0,0
TXN004177,146.77,9,Entertainment,Android,Chennai,0,298,0,0
TXN004178,214.51,20,Entertainment,Android,Pune,0,970,0,0
TXN004179,1307.78,14,Other,Android,Pune,0,293,0,1
TXN004180,98.35,7,Other,Android,Bangalore,1,2901,0,0
TXN004181,207.27,23,Bills,Android,Mumbai,0,1662,0,0
TXN004182,80.56,18,Shopping,Android,Delhi,0,36,1,0
TXN004183,53.75,2,Bills,Android,Chennai,0,428,0,0
TXN004184,73.56,22,Entertainment,iOS,Mumbai,0,213,0,0
TXN004185,83.55,14,Food,Android,Hyderabad,0,2693,0,0
TXN004186,228.46,3,Food,iOS,Mumbai,0,2517,0,0
TXN004187,2487.15,5,Travel,iOS,Hyderabad,0,2882,0,1
TXN004188,62.85,9,Entertainment,iOS,Hyderabad,0,1582,0,0
TXN004189,90.02,17,Entertainment,Android,Chennai,2,122,0,0
TXN004190,137.59,15,Bills,iOS,Bangalore,0,2866,0,0
TXN004191,238.64,17,Travel,Android,Hyderabad,0,1643,0,0
TXN004192,203.62,5,Other,Android,Delhi,1,2554,0,0
TXN004193,692.92,18,Travel,Android,Chennai,0,2438,0,0
TXN004194,8.07,16,Shopping,Web,Pune,3,140,0,0
TXN004195,8.46,17,Bills,Android,Pune,2,1395,0,0
TXN004196,81.85,12,Other,Web,Hyderabad,2,337,0,0
TXN004197,553.78,6,Other,Android,Chennai,0,446,0,0
TXN004198,22.67,19,Food,Web,Delhi,1,106,0,0
TXN004199,4.02,11,Shopping,Web,Chennai,1,2823,1,0
TXN004200,294.54,1,Travel,Web,Chennai,1,636,0,0
TXN004201,198.82,11,Food,Android,Pune,0,1099,0,0
TXN004202,40.11,11,Entertainment,iOS,Hyderabad,1,1379,0,0
TXN004203,45.48,23,Bills,Web,Mumbai,1,2292,0,0
TXN004204,46.35,3,Travel,Android,Chennai,1,2916,0,0
TXN004205,169.46,3,Entertainment,Android,Hyderabad,0,470,0,0
TXN004206,69.99,17,Other,iOS,Pune,1,817,0,0
TXN004207,268.51,15,Travel,Android,Delhi,2,609,0,0
TXN004208,4.83,13,Food,iOS,Delhi,0,1353,0,0
TXN004209,53.08,16,Shopping,Android,Mumbai,0,1339,0,0
TXN004210,38.43,16,Food,Android,Delhi,0,1852,0,0
TXN004211,109.11,2,Bills,Android,Hyderabad,0,668,0,0
TXN004212,77.82,5,Bills,Android,Mumbai,0,2571,0,0
TXN004213,386.61,22,Travel,Android,Pune,1,1798,0,0
TXN004214,15.94,12,Food,iOS,Hyderabad,0,1747,0,0
TXN004215,156.74,8,Shopping,Android,Pune,0,555,0,0
TXN004216,290.04,20,Other,iOS,Pune,0,1667,0,0
TXN004217,1377.43,8,Bills,iOS,Mumbai,1,2228,0,1
TXN004218,83.25,7,Shopping,Android,Mumbai,1,1890,0,0
TXN004219,219.06,16,Entertainment,Android,Hyderabad,0,2769,0,0
TXN004220,17.04,15,Travel,Android,Mumbai,1,920,0,0
TXN004221,8.41,15,Shopping,Android,Hyderabad,1,1231,1,0
TXN004222,409.01,18,Travel,Android,Delhi,0,2020,0,0
TXN004223,147.43,23,Entertainment,Android,Delhi,0,2802,0,0
TXN004224,610.46,15,Shopping,Web,Chennai,0,1598,0,0
TXN004225,28.56,13,Shopping,Android,Bangalore,0,38,0,0
TXN004226,276.96,19,Other,iOS,Bangalore,1,1404,0,0
TXN004227,1397.7,13,Entertainment,Web,Delhi,0,2853,0,1
TXN004228,245.59,13,Food,iOS,Chennai,0,232,1,0
TXN004229,206.83,13,Shopping,iOS,Bangalore,0,2340,0,0
TXN004230,149.94,11,Other,iOS,Hyderabad,0,1202,0,0
TXN004231,22.53,5,Shopping,Android,Hyderabad,2,1145,0,0
TXN004232,754.98,19,Other,iOS,Mumbai,0,594,0,1
TXN004233,71.31,12,Bills,Web,Bangalore,1,556,0,0
TXN004234,271.89,15,Food,Android,Pune,0,1509,1,0
TXN004235,22.75,8,Shopping,Android,Hyderabad,0,1644,0,0
TXN004236,36.04,1,Entertainment,Android,Bangalore,0,1009,0,0
TXN004237,830.56,21,Travel,Android,Mumbai,2,691,1,1
TXN004238,97.83,2,Entertainment,Android,Delhi,0,2055,0,0
TXN004239,848.89,9,Food,iOS,Chennai,0,1486,0,1
TXN004240,135.11,19,Bills,iOS,Pune,0,577,0,0
TXN004241,16.28,1,Bills,Android,Mumbai,1,123,0,0
TXN004242,432.89,23,Bills,Android,Mumbai,0,894,0,0
TXN004243,73.12,9,Other,iOS,Mumbai,0,2553,0,0
TXN004244,343.24,7,Entertainment,Android,Chennai,0,195,0,0
TXN004245,152.97,16,Travel,Android,Hyderabad,0,1093,0,0
TXN004246,23.3,21,Travel,iOS,Bangalore,0,1117,0,0
TXN004247,180.76,0,Other,Android,Delhi,1,1505,0,0
TXN004248,2070.34,5,Shopping,Android,Delhi,0,1835,0,1
TXN004249,268.16,6,Other,Android,Pune,2,1695,0,0
TXN004250,138.52,14,Travel,iOS,Chennai,0,1804,0,0
TXN004251,539.38,17,Travel,iOS,Delhi,1,2459,0,0
TXN004252,191.1,8,Shopping,Android,Pune,1,2524,0,0
TXN004253,190.84,7,Entertainment,Android,Pune,1,304,0,0
TXN004254,40.05,9,Entertainment,iOS,Chennai,1,2202,0,0
TXN004255,196.49,3,Food,iOS,Chennai,0,550,0,0
TXN004256,514.16,19,Entertainment,iOS,Bangalore,0,1342,0,0
TXN004257,54.42,7,Bills,iOS,Bangalore,0,1180,0,0
TXN004258,820.07,0,Bills,Android,Chennai,1,2293,0,1
TXN004259,132.95,7,Food,iOS,Bangalore,0,1159,0,0
TXN004260,51.15,22,Travel,iOS,Hyderabad,1,2802,0,0
TXN004261,491.35,11,Food,iOS,Mumbai,0,1609,0,0
TXN004262,105.2,22,Shopping,Web,Delhi,0,2674,0,0
TXN004263,369.23,14,Food,Android,Delhi,0,2134,1,0
TXN004264,104.57,12,Food,Web,Delhi,3,2821,0,0
TXN004265,138.13,15,Other,iOS,Delhi,1,643,0,0
TXN004266,268.34,22,Bills,iOS,Hyderabad,0,201,0,0
TXN004267,210.41,17,Shopping,Android,Hyderabad,0,2017,0,0
TXN004268,13.54,0,Other,iOS,Mumbai,0,35,1,0
TXN004269,38.65,16,Shopping,iOS,Chennai,1,1087,0,0
TXN004270,452.73,15,Food,Android,Bangalore,1,2998,0,0
TXN004271,126.65,22,Other,iOS,Mumbai,0,568,0,0
TXN004272,79.16,4,Other,iOS,Delhi,0,2594,0,0
TXN004273,29.07,19,Shopping,Android,Bangalore,0,2549,0,0
TXN004274,40.62,20,Shopping,Android,Mumbai,1,1661,0,0
TXN004275,13.12,9,Entertainment,iOS,Delhi,0,1308,0,0
TXN004276,131.43,5,Shopping,Android,Mumbai,0,585,1,0
TXN004277,72.38,11,Other,Android,Delhi,0,2943,0,0
TXN004278,46.53,9,Travel,Android,Pune,0,634,0,0
TXN004279,136.76,21,Shopping,Android,Delhi,1,276,0,0
TXN004280,229.7,16,Bills,Android,Pune,0,2850,0,0
TXN004281,1829.57,1,Entertainment,Android,Hyderabad,1,346,1,1
TXN004282,24.19,18,Bills,iOS,Delhi,0,1304,0,0
TXN004283,596.61,19,Bills,iOS,Mumbai,1,783,0,0
TXN004284,477.1,5,Travel,iOS,Bangalore,0,1860,0,0
TXN004285,58.27,12,Entertainment,Android,Hyderabad,1,2317,1,0
TXN004286,189.4,8,Food,Android,Pune,0,165,0,0
TXN004287,85.7,11,Other,Android,Bangalore,0,2304,0,0
TXN004288,185.46,17,Other,iOS,Pune,1,488,0,0
TXN004289,907.74,7,Shopping,iOS,Chennai,0,1649,0,1
TXN004290,306.96,17,Other,iOS,Bangalore,0,2969,0,0
TXN004291,273.23,22,Travel,Android,Chennai,0,2832,0,0
TXN004292,88.56,21,Other,iOS,Chennai,0,1139,0,0
TXN004293,25.01,1,Travel,Android,Hyderabad,0,1165,1,0
TXN004294,115.57,7,Food,iOS,Bangalore,0,98,1,0
TXN004295,631.39,9,Travel,Android,Pune,2,1415,0,0
TXN004296,23.75,8,Food,Android,Delhi,1,2047,1,0
TXN004297,41.84,23,Food,Android,Hyderabad,0,315,0,0
TXN004298,172.69,17,Food,iOS,Hyderabad,0,1496,0,0
TXN004299,45.53,7,Travel,Android,Delhi,0,2228,0,0
TXN004300,57.34,18,Food,Android,Bangalore,0,1537,0,0
TXN004301,89.27,2,Travel,Android,Pune,0,470,0,0
TXN004302,28.83,8,Entertainment,Web,Hyderabad,1,950,0,0
TXN004303,46.11,12,Food,Android,Chennai,0,1229,0,0
TXN004304,345.2,8,Travel,iOS,Delhi,1,1763,0,0
TXN004305,30.91,19,Travel,Web,Pune,0,1607,0,0
TXN004306,21.81,11,Travel,Web,Mumbai,0,2674,0,0
TXN004307,69.68,22,Shopping,iOS,Hyderabad,1,770,0,0
TXN004308,357.22,12,Shopping,iOS,Pune,0,2762,1,0
TXN004309,117.18,7,Food,Android,Chennai,0,2630,0,0
TXN004310,84.99,14,Other,Android,Bangalore,0,742,0,0
TXN004311,156.53,12,Entertainment,iOS,Bangalore,1,1884,0,0
TXN004312,18.27,20,Other,Android,Delhi,1,2452,0,0
TXN004313,268.71,12,Food,Android,Chennai,0,2508,0,0
TXN004314,235.13,16,Bills,iOS,Delhi,1,2689,0,0
TXN004315,90.82,14,Bills,iOS,Hyderabad,1,1404,0,0
TXN004316,496.26,21,Entertainment,iOS,Delhi,1,2993,1,0
TXN004317,38.36,18,Entertainment,iOS,Mumbai,2,2571,0,0
TXN004318,574.49,2,Entertainment,iOS,Delhi,0,1200,0,0
TXN004319,178.64,13,Shopping,Android,Delhi,1,2654,0,0
TXN004320,99.1,9,Shopping,Android,Hyderabad,0,1658,0,0
TXN004321,144.92,16,Bills,Web,Chennai,0,2279,0,0
TXN004322,130.49,7,Entertainment,Android,Pune,0,1857,0,0
TXN004323,641.84,17,Travel,Android,Pune,0,1972,0,0
TXN004324,40.77,11,Other,iOS,Mumbai,1,2490,0,0
TXN004325,59.44,16,Bills,Android,Delhi,0,249,0,0
TXN004326,514.69,22,Entertainment,Android,Hyderabad,0,2889,0,0
TXN004327,72.63,10,Travel,Android,Hyderabad,1,1828,0,0
TXN004328,437.31,8,Entertainment,Android,Pune,1,646,1,0
TXN004329,1140.62,21,Food,Android,Hyderabad,2,280,0,1
TXN004330,91.64,23,Travel,iOS,Chennai,1,2015,0,0
TXN004331,336.18,23,Other,Android,Delhi,1,2826,0,0
TXN004332,37.17,22,Food,Android,Bangalore,0,744,0,0
TXN004333,367.12,14,Shopping,Android,Pune,0,2515,0,0
TXN004334,188.54,8,Bills,Android,Pune,0,547,0,0
TXN004335,261.82,11,Entertainment,Web,Mumbai,1,2011,0,0
TXN004336,68.4,10,Bills,Android,Bangalore,0,905,0,0
TXN004337,20.22,16,Other,Web,Chennai,0,2874,0,0
TXN004338,271.48,5,Entertainment,Android,Pune,0,736,0,0
TXN004339,12.48,7,Food,iOS,Delhi,0,1039,0,0
TXN004340,101.41,9,Travel,Android,Bangalore,0,2325,0,0
TXN004341,459.17,14,Travel,Android,Bangalore,2,1418,0,0
TXN004342,186.84,3,Entertainment,Android,Pune,0,1371,0,0
TXN004343,1537.65,17,Food,iOS,Bangalore,0,810,0,1
TXN004344,507.82,10,Entertainment,Android,Mumbai,0,1612,0,0
TXN004345,67.72,8,Entertainment,Android,Delhi,1,217,0,0
TXN004346,153.36,8,Entertainment,iOS,Hyderabad,0,300,0,0
TXN004347,140.21,7,Travel,Android,Delhi,0,1311,0,0
TXN004348,22.23,2,Other,Android,Pune,0,655,1,0
TXN004349,48.02,20,Entertainment,iOS,Bangalore,0,1859,0,0
TXN004350,75.72,17,Travel,Android,Delhi,0,1295,1,0
TXN004351,12.89,13,Shopping,iOS,Hyderabad,0,2171,0,0
TXN004352,157.12,2,Food,Android,Mumbai,0,2771,0,0
TXN004353,110.07,16,Shopping,Android,Delhi,1,2585,0,0
TXN004354,19.94,3,Entertainment,Android,Delhi,2,1017,0,0
TXN004355,241.06,20,Travel,Web,Mumbai,0,324,0,0
TXN004356,350.39,17,Food,iOS,Mumbai,0,2557,0,0
TXN004357,194.89,14,Bills,Web,Pune,0,791,0,0
TXN004358,100.6,18,Food,Android,Bangalore,0,1457,1,0
TXN004359,301.79,21,Food,iOS,Bangalore,0,2496,1,0
TXN004360,335.72,5,Entertainment,Android,Pune,0,2493,0,0
TXN004361,214.62,14,Shopping,Android,Mumbai,0,2606,0,0
TXN004362,55.17,6,Shopping,iOS,Hyderabad,0,1616,0,0
TXN004363,206.83,11,Bills,Android,Bangalore,0,2738,0,0
TXN004364,623.02,15,Entertainment,Android,Hyderabad,2,2740,0,0
TXN004365,72.53,8,Food,Android,Mumbai,1,2192,0,0
TXN004366,1840.01,19,Other,iOS,Delhi,0,888,0,1
TXN004367,78.98,4,Shopping,Android,Pune,1,1559,0,0
TXN004368,154.3,10,Shopping,Android,Mumbai,0,209,0,0
TXN004369,66.22,1,Travel,Web,Mumbai,1,2725,0,0
TXN004370,194.01,21,Food,Android,Chennai,0,640,0,0
TXN004371,18.34,15,Entertainment,Android,Mumbai,1,354,0,0
TXN004372,77.07,3,Shopping,iOS,Bangalore,0,219,0,0
TXN004373,40.02,4,Entertainment,iOS,Delhi,0,990,0,0
TXN004374,174.58,6,Food,Android,Hyderabad,1,2805,0,0
TXN004375,489.48,5,Food,iOS,Chennai,1,2749,0,0
TXN004376,322.21,23,Shopping,Android,Pune,0,2900,0,0
TXN004377,8.62,21,Bills,Android,Bangalore,0,1342,0,0
TXN004378,1720.7,9,Entertainment,Android,Delhi,0,1311,0,1
TXN004379,211.52,13,Entertainment,Android,Hyderabad,0,265,0,0
TXN004380,58.45,7,Travel,Android,Delhi,0,1447,0,0
TXN004381,179.21,13,Food,Web,Bangalore,2,770,0,0
TXN004382,183.36,13,Food,iOS,Pune,0,2655,1,0
TXN004383,66.67,19,Shopping,Web,Pune,0,489,0,0
TXN004384,188.2,22,Shopping,iOS,Delhi,0,2811,1,0
TXN004385,71.6,2,Shopping,Android,Mumbai,0,500,0,0
TXN004386,91.36,0,Travel,Android,Delhi,0,2961,0,0
TXN004387,65.14,8,Bills,Web,Mumbai,2,2031,1,0
TXN004388,26.6,8,Shopping,iOS,Pune,1,858,0,0
TXN004389,176.8,21,Shopping,Web,Bangalore,0,2748,1,0
TXN004390,299.57,1,Other,Android,Chennai,1,280,0,0
TXN004391,275.3,15,Shopping,Android,Mumbai,0,1219,0,0
TXN004392,396.99,7,Travel,Android,Pune,0,1722,0,0
TXN004393,219.03,5,Entertainment,Android,Delhi,2,1259,0,0
TXN004394,78.31,22,Bills,Android,Pune,2,1174,0,0
TXN004395,406.51,12,Entertainment,Android,Delhi,0,712,1,0
TXN004396,29.11,0,Other,iOS,Delhi,0,1687,0,0
TXN004397,50.36,18,Food,Android,Pune,0,308,0,0
TXN004398,46.66,14,Food,Android,Bangalore,0,1030,0,0
TXN004399,542.43,0,Shopping,iOS,Hyderabad,2,1539,0,0
TXN004400,460.06,9,Other,Android,Delhi,1,1561,1,0
TXN004401,266.34,0,Entertainment,iOS,Delhi,0,1272,0,0
TXN004402,537.17,11,Travel,Android,Mumbai,0,112,0,0
TXN004403,51.67,10,Bills,iOS,Chennai,0,906,0,0
TXN004404,225.5,16,Entertainment,iOS,Pune,0,905,0,0
TXN004405,127.71,3,Other,Web,Delhi,0,1329,0,0
TXN004406,410.04,22,Other,Android,Bangalore,0,251,0,0
TXN004407,129.25,6,Entertainment,Android,Hyderabad,1,1594,0,0
TXN004408,93.51,11,Bills,Android,Hyderabad,0,677,0,0
TXN004409,284.03,12,Entertainment,Android,Hyderabad,2,2475,0,0
TXN004410,424.71,4,Entertainment,Android,Bangalore,0,1219,0,0
TXN004411,66.55,5,Bills,iOS,Hyderabad,0,2208,0,0
TXN004412,137.92,1,Travel,Android,Pune,0,1824,0,0
TXN004413,41.67,20,Other,iOS,Hyderabad,0,1364,0,0
TXN004414,7.41,6,Bills,iOS,Mumbai,0,2283,1,0
TXN004415,188.77,13,Shopping,iOS,Hyderabad,0,1049,0,0
TXN004416,308.18,21,Shopping,Android,Mumbai,1,1353,0,0
TXN004417,203.26,13,Shopping,Web,Mumbai,0,2958,0,0
TXN004418,14.3,9,Shopping,Android,Mumbai,0,2246,0,0
TXN004419,97.42,3,Food,Android,Bangalore,0,184,0,0
TXN004420,10.36,2,Travel,iOS,Delhi,0,1145,0,0
TXN004421,767.89,22,Food,Android,Chennai,1,1209,0,1
TXN004422,40.32,13,Entertainment,iOS,Pune,0,34,0,0
TXN004423,669.47,5,Entertainment,Android,Pune,0,2760,1,0
TXN004424,461.76,22,Bills,Android,Hyderabad,2,1604,0,0
TXN004425,50.36,14,Shopping,Android,Chennai,0,2652,0,0
TXN004426,38.12,7,Bills,Android,Delhi,0,2854,0,0
TXN004427,225.98,4,Entertainment,Android,Mumbai,1,1137,0,0
TXN004428,53.88,2,Shopping,Android,Mumbai,2,908,0,0
TXN004429,167.84,2,Other,iOS,Mumbai,0,1082,0,0
TXN004430,83.15,12,Travel,iOS,Mumbai,0,1465,0,0
TXN004431,17.51,1,Entertainment,iOS,Hyderabad,0,1448,0,0
TXN004432,10.21,23,Other,iOS,Delhi,1,2290,0,0
TXN004433,194.81,0,Bills,Android,Delhi,0,2548,0,0
TXN004434,75.65,11,Other,iOS,Delhi,0,250,0,0
TXN004435,76.42,7,Bills,Android,Chennai,0,812,0,0
TXN004436,342.08,18,Entertainment,Android,Pune,0,1205,0,0
TXN004437,606.76,8,Food,iOS,Mumbai,0,2112,0,0
TXN004438,107.01,13,Travel,Android,Bangalore,0,2138,0,0
TXN004439,98.62,17,Other,iOS,Pune,0,1329,0,0
TXN004440,270.47,9,Other,Android,Delhi,1,855,0,0
TXN004441,29.13,8,Entertainment,Android,Chennai,1,988,1,0
TXN004442,193.99,5,Entertainment,Android,Hyderabad,1,2689,0,0
TXN004443,287.8,0,Bills,Android,Mumbai,0,2792,0,0
TXN004444,335.72,4,Shopping,iOS,Chennai,0,1812,0,0
TXN004445,14.53,9,Shopping,Web,Pune,0,729,0,0
TXN004446,59.52,12,Shopping,Android,Bangalore,1,2481,0,0
TXN004447,51.73,21,Bills,Android,Bangalore,0,1651,0,0
TXN004448,167.31,22,Shopping,Android,Hyderabad,0,1653,0,0
TXN004449,264.25,3,Entertainment,iOS,Delhi,1,477,0,0
TXN004450,894.31,0,Food,Android,Delhi,0,683,0,1
TXN004451,81.94,20,Food,Web,Chennai,1,1217,0,0
TXN004452,81.69,1,Food,iOS,Pune,2,170,0,0
TXN004453,589.7,23,Shopping,iOS,Chennai,0,286,0,0
TXN004454,211.85,3,Food,iOS,Pune,1,2580,0,0
TXN004455,679.38,16,Other,iOS,Delhi,0,2447,0,0
TXN004456,209.87,9,Shopping,iOS,Delhi,1,1322,0,0
TXN004457,37.02,22,Other,iOS,Chennai,0,1216,0,0
TXN004458,29.97,11,Entertainment,iOS,Mumbai,1,1583,1,0
TXN004459,23.06,1,Other,iOS,Pune,1,703,0,0
TXN004460,328.48,2,Entertainment,iOS,Pune,1,355,0,0
TXN004461,617.89,13,Bills,Web,Bangalore,0,1111,1,0
TXN004462,1365.44,14,Bills,Web,Bangalore,0,312,0,1
TXN004463,408.19,12,Other,iOS,Hyderabad,0,1110,0,0
TXN004464,599.09,8,Travel,Android,Bangalore,0,409,0,0
TXN004465,73.99,1,Entertainment,Android,Pune,0,911,0,0
TXN004466,37.05,18,Shopping,iOS,Chennai,1,1757,0,0
TXN004467,411.62,15,Travel,Android,Mumbai,0,620,0,0
TXN004468,244.99,10,Entertainment,Android,Chennai,0,692,0,0
TXN004469,168.84,11,Shopping,Android,Delhi,1,856,0,0
TXN004470,236.24,0,Entertainment,iOS,Pune,1,1558,0,0
TXN004471,218.73,1,Entertainment,iOS,Delhi,0,307,0,0
TXN004472,692.69,15,Shopping,Android,Pune,0,1487,0,0
TXN004473,702.03,1,Entertainment,Android,Bangalore,1,2484,0,0
TXN004474,285.16,18,Entertainment,iOS,Mumbai,1,113,0,0
TXN004475,409.51,9,Entertainment,Web,Pune,0,2513,0,0
TXN004476,275.03,18,Bills,Android,Hyderabad,0,1828,0,0
TXN004477,85.34,9,Food,Android,Chennai,0,2222,0,0
TXN004478,367.92,15,Entertainment,iOS,Hyderabad,0,1956,0,0
TXN004479,27.84,12,Shopping,iOS,Hyderabad,0,774,0,0
TXN004480,525.67,15,Other,iOS,Hyderabad,0,180,0,0
TXN004481,35.4,17,Entertainment,iOS,Hyderabad,0,578,0,0
TXN004482,209.13,23,Bills,iOS,Chennai,0,2913,0,0
TXN004483,53.83,7,Bills,Android,Delhi,0,2278,1,0
TXN004484,288.32,23,Other,Android,Chennai,0,1507,0,0
TXN004485,142.49,17,Entertainment,iOS,Delhi,0,538,0,0
TXN004486,21.9,12,Travel,iOS,Delhi,0,391,0,0
TXN004487,245.88,6,Other,iOS,Chennai,0,1245,0,0
TXN004488,74.18,20,Food,Web,Chennai,0,559,0,0
TXN004489,427.25,22,Shopping,iOS,Chennai,0,192,0,0
TXN004490,148.65,23,Shopping,iOS,Pune,1,2356,0,0
TXN004491,238.53,17,Shopping,Android,Delhi,0,2428,0,0
TXN004492,47.04,5,Shopping,Android,Chennai,0,241,1,0
TXN004493,73.17,8,Bills,iOS,Mumbai,0,1188,0,0
TXN004494,85.6,5,Food,Android,Bangalore,0,873,0,0
TXN004495,414.9,17,Entertainment,Android,Bangalore,0,537,0,0
TXN004496,1110.82,16,Entertainment,Web,Mumbai,0,2562,0,1
TXN004497,56.47,11,Travel,iOS,Bangalore,1,974,0,0
TXN004498,540.35,2,Entertainment,Android,Delhi,0,1047,1,0
TXN004499,10.98,4,Food,iOS,Chennai,0,784,0,0
TXN004500,35.41,6,Entertainment,Android,Chennai,0,1750,0,0
TXN004501,46.97,9,Bills,Android,Pune,1,737,0,0
TXN004502,29.28,9,Other,iOS,Chennai,0,1961,0,0
TXN004503,22.19,18,Entertainment,iOS,Mumbai,1,2604,0,0
TXN004504,243.62,3,Shopping,Android,Mumbai,1,1439,0,0
TXN004505,114.79,9,Shopping,Android,Delhi,0,2967,0,0
TXN004506,233.99,17,Other,Android,Mumbai,0,488,0,0
TXN004507,339.87,2,Shopping,Web,Pune,0,853,0,0
TXN004508,204.13,20,Shopping,iOS,Chennai,0,1067,0,0
TXN004509,326.79,2,Bills,Android,Pune,1,2755,0,0
TXN004510,136.53,4,Bills,Android,Delhi,0,645,0,0
TXN004511,35.72,15,Bills,iOS,Delhi,0,33,0,0
TXN004512,528.15,19,Entertainment,iOS,Chennai,0,688,0,0
TXN004513,73.19,12,Other,iOS,Hyderabad,0,219,0,0
TXN004514,48.29,10,Shopping,Android,Chennai,0,997,0,0
TXN004515,119.88,12,Travel,Web,Delhi,0,2205,0,0
TXN004516,49.63,18,Other,Android,Hyderabad,1,1642,0,0
TXN004517,89.93,5,Travel,Android,Chennai,1,2533,1,0
TXN004518,224.27,23,Shopping,Android,Chennai,0,107,0,0
TXN004519,225.43,12,Food,Android,Hyderabad,0,463,0,0
TXN004520,50.53,3,Other,Web,Hyderabad,1,655,0,0
TXN004521,82.66,21,Entertainment,iOS,Bangalore,0,241,0,0
TXN004522,538.72,4,Travel,iOS,Pune,0,2270,0,0
TXN004523,269.26,18,Other,Android,Hyderabad,0,1641,0,0
TXN004524,1790.19,4,Other,Android,Mumbai,1,256,1,1
TXN004525,611.65,20,Bills,Android,Hyderabad,0,369,0,0
TXN004526,585.9,13,Food,iOS,Delhi,1,1897,0,0
TXN004527,28.07,3,Bills,iOS,Hyderabad,2,708,0,0
TXN004528,371.16,11,Food,Android,Chennai,0,2490,0,0
TXN004529,139.25,5,Food,Android,Mumbai,0,215,0,0
TXN004530,76.62,18,Entertainment,Android,Hyderabad,0,352,0,0
TXN004531,181.57,9,Other,Web,Mumbai,1,868,0,0
TXN004532,461.39,0,Bills,Android,Pune,0,618,0,0
TXN004533,270.7,22,Bills,Android,Bangalore,1,2586,0,0
TXN004534,51.72,22,Travel,Android,Mumbai,1,104,0,0
TXN004535,361.75,15,Other,Android,Chennai,0,2417,0,0
TXN004536,69.05,3,Shopping,Android,Bangalore,1,2396,0,0
TXN004537,192.49,8,Shopping,iOS,Hyderabad,1,2316,0,0
TXN004538,103.13,17,Travel,Web,Pune,0,2587,1,0
TXN004539,114.13,16,Food,Android,Pune,0,824,0,0
TXN004540,372.22,14,Travel,Android,Pune,0,2531,0,0
TXN004541,42.6,18,Travel,iOS,Mumbai,0,1926,0,0
TXN004542,1531.85,6,Bills,iOS,Bangalore,0,1687,0,1
TXN004543,16.69,17,Travel,Android,Hyderabad,0,754,0,0
TXN004544,72.44,5,Food,iOS,Pune,0,1007,0,0
TXN004545,231.42,18,Shopping,iOS,Pune,0,926,0,0
TXN004546,299.22,20,Entertainment,Android,Pune,0,271,0,0
TXN004547,131.56,11,Other,iOS,Pune,0,105,0,0
TXN004548,138.54,2,Travel,iOS,Hyderabad,0,377,0,0
TXN004549,242.9,0,Other,iOS,Mumbai,1,2997,0,0
TXN004550,112.47,4,Travel,Android,Pune,0,1687,0,0
TXN004551,789.83,0,Other,Android,Pune,1,2219,0,1
TXN004552,406.35,7,Bills,Android,Mumbai,1,939,0,0
TXN004553,423.01,6,Bills,iOS,Bangalore,0,1783,0,0
TXN004554,46.55,14,Other,Android,Mumbai,0,1901,0,0
TXN004555,134.93,10,Travel,Android,Hyderabad,2,1561,0,0
TXN004556,103.49,17,Travel,iOS,Chennai,0,1909,0,0
TXN004557,44.4,13,Food,Android,Bangalore,0,803,0,0
TXN004558,228.65,8,Shopping,iOS,Chennai,0,142,0,0
TXN004559,77.85,4,Shopping,Android,Pune,0,2570,0,0
TXN004560,325.87,22,Entertainment,Android,Chennai,1,379,0,0
TXN004561,41.09,3,Shopping,Android,Hyderabad,0,794,0,0
TXN004562,1167.77,11,Entertainment,Web,Chennai,0,820,0,1
TXN004563,50.62,0,Bills,iOS,Delhi,0,1782,0,0
TXN004564,193.09,23,Entertainment,Android,Bangalore,0,2294,0,0
TXN004565,383.84,12,Entertainment,Web,Hyderabad,0,1553,0,0
TXN004566,74.83,0,Shopping,iOS,Mumbai,0,671,0,0
TXN004567,412.8,2,Travel,Android,Hyderabad,1,743,0,0
TXN004568,33.95,21,Bills,Android,Mumbai,0,1746,0,0
TXN004569,847.71,7,Food,Android,Hyderabad,0,440,0,1
TXN004570,150.95,23,Entertainment,iOS,Delhi,0,2588,0,0
TXN004571,72.55,17,Entertainment,iOS,Bangalore,0,137,0,0
TXN004572,103.65,15,Other,Android,Pune,0,1957,0,0
TXN004573,391.78,19,Entertainment,Android,Pune,1,2182,0,0
TXN004574,73.6,19,Travel,Android,Chennai,0,318,0,0
TXN004575,60.39,15,Food,Android,Hyderabad,0,1480,0,0
TXN004576,113.77,1,Other,Android,Bangalore,1,2800,0,0
TXN004577,36.15,16,Shopping,Android,Bangalore,1,2708,0,0
TXN004578,1319.03,9,Bills,Android,Bangalore,0,1979,0,1
TXN004579,75.21,6,Travel,Web,Bangalore,1,2367,0,0
TXN004580,402.6,9,Food,Android,Bangalore,0,1387,0,0
TXN004581,190.83,18,Bills,Android,Chennai,0,1921,0,0
TXN004582,45.54,19,Shopping,Android,Pune,0,2097,0,0
TXN004583,147.36,8,Bills,Android,Chennai,1,2395,0,0
TXN004584,380.24,21,Other,iOS,Hyderabad,0,2079,0,0
TXN004585,118.4,16,Entertainment,iOS,Pune,0,2293,0,0
TXN004586,621.25,8,Entertainment,Android,Pune,0,1653,0,0
TXN004587,505.64,8,Travel,Android,Mumbai,2,282,0,0
TXN004588,447.06,4,Bills,Android,Hyderabad,1,2300,0,0
TXN004589,85.49,23,Entertainment,Android,Bangalore,0,659,0,0
TXN004590,40.62,6,Travel,iOS,Mumbai,0,2145,0,0
TXN004591,71.07,10,Travel,Android,Pune,0,2303,0,0
TXN004592,187.82,7,Other,iOS,Hyderabad,1,2416,0,0
TXN004593,285.7,13,Travel,iOS,Mumbai,1,1712,0,0
TXN004594,10.96,1,Shopping,Android,Pune,0,397,0,0
TXN004595,146.98,9,Entertainment,Android,Chennai,0,1545,0,0
TXN004596,179.42,20,Entertainment,Web,Bangalore,0,1600,0,0
TXN004597,106.37,23,Food,Android,Mumbai,2,2737,0,0
TXN004598,698.91,15,Shopping,Android,Delhi,2,2060,0,0
TXN004599,246.2,15,Entertainment,Android,Bangalore,0,388,0,0
TXN004600,714.96,18,Other,iOS,Chennai,0,1687,0,0
TXN004601,114.53,10,Entertainment,Android,Chennai,0,442,0,0
TXN004602,457.13,5,Food,Web,Hyderabad,2,2476,0,0
TXN004603,1055.83,5,Bills,iOS,Pune,1,573,0,1
TXN004604,716.25,6,Bills,iOS,Delhi,0,2730,0,0
TXN004605,40.02,15,Shopping,Android,Mumbai,0,1875,0,0
TXN004606,109.46,12,Travel,iOS,Hyderabad,2,557,0,0
TXN004607,98.08,2,Food,Android,Chennai,2,2326,0,0
TXN004608,266.96,23,Food,Android,Mumbai,0,2261,0,0
TXN004609,338.2,23,Entertainment,Web,Chennai,1,82,0,0
TXN004610,54.24,8,Other,Android,Chennai,0,2159,0,0
TXN004611,161.0,23,Entertainment,Web,Delhi,0,1599,1,0
TXN004612,13.15,2,Other,Android,Bangalore,2,1138,0,0
TXN004613,837.43,5,Food,Web,Mumbai,1,1438,0,1
TXN004614,80.25,16,Travel,Android,Delhi,0,748,0,0
TXN004615,158.7,2,Bills,iOS,Pune,1,2791,0,0
TXN004616,102.35,1,Shopping,Android,Chennai,0,600,1,0
TXN004617,587.12,11,Other,Android,Chennai,0,2944,1,0
TXN004618,4.93,23,Bills,iOS,Delhi,0,1078,0,0
TXN004619,145.48,5,Shopping,iOS,Pune,0,1596,1,0
TXN004620,130.71,9,Travel,Android,Mumbai,0,2663,0,0
TXN004621,86.11,10,Food,Android,Chennai,1,883,0,0
TXN004622,1177.88,15,Travel,Android,Pune,0,2691,0,1
TXN004623,51.17,15,Other,Android,Mumbai,2,223,1,0
TXN004624,374.71,23,Food,Android,Delhi,0,1780,0,0
TXN004625,227.58,17,Entertainment,iOS,Chennai,1,1990,0,0
TXN004626,674.4,21,Shopping,Android,Hyderabad,0,2949,0,0
TXN004627,66.64,22,Entertainment,Android,Hyderabad,0,859,0,0
TXN004628,61.59,23,Food,Web,Chennai,0,722,0,0
TXN004629,552.96,8,Shopping,Android,Bangalore,0,1909,0,0
TXN004630,247.25,20,Shopping,iOS,Chennai,0,1430,0,0
TXN004631,23.24,18,Entertainment,iOS,Chennai,0,2730,1,0
TXN004632,77.7,1,Shopping,iOS,Chennai,0,2562,0,0
TXN004633,235.96,23,Food,iOS,Delhi,1,1604,0,0
TXN004634,405.58,0,Other,iOS,Chennai,0,2182,0,0
TXN004635,65.69,15,Other,Android,Chennai,0,2571,0,0
TXN004636,4.49,21,Food,Android,Delhi,1,1328,1,0
TXN004637,278.07,17,Entertainment,iOS,Chennai,1,1502,0,0
TXN004638,34.32,2,Travel,Android,Hyderabad,0,2176,0,0
TXN004639,13.19,23,Food,Android,Hyderabad,0,1581,0,0
TXN004640,4.96,0,Other,iOS,Pune,1,613,0,0
TXN004641,394.17,5,Food,iOS,Chennai,1,228,0,0
TXN004642,173.18,18,Shopping,Android,Delhi,0,1650,1,0
TXN004643,113.21,21,Shopping,Web,Chennai,0,726,0,0
TXN004644,785.9,18,Food,iOS,Chennai,0,465,0,1
TXN004645,318.87,10,Entertainment,Web,Pune,0,1315,0,0
TXN004646,1032.32,7,Travel,Web,Mumbai,0,1497,0,1
TXN004647,27.9,4,Shopping,Android,Pune,0,1875,0,0
TXN004648,142.39,19,Other,iOS,Bangalore,0,1564,0,0
TXN004649,21.33,8,Shopping,iOS,Delhi,1,1520,0,0
TXN004650,112.7,14,Other,iOS,Bangalore,0,204,0,0
TXN004651,110.13,20,Travel,iOS,Mumbai,0,2418,0,0
TXN004652,314.8,13,Shopping,Android,Bangalore,0,1051,0,0
TXN004653,156.75,3,Entertainment,Android,Chennai,0,199,0,0
TXN004654,313.59,23,Other,Android,Hyderabad,0,2765,0,0
TXN004655,345.2,23,Shopping,iOS,Delhi,0,769,0,0
TXN004656,1970.25,7,Shopping,iOS,Delhi,2,730,0,1
TXN004657,101.66,19,Food,Android,Chennai,1,2064,0,0
TXN004658,47.98,16,Entertainment,iOS,Pune,0,475,0,0
TXN004659,199.4,1,Entertainment,iOS,Bangalore,1,980,0,0
TXN004660,56.67,19,Food,Android,Delhi,1,962,0,0
TXN004661,878.62,15,Other,Android,Pune,1,1580,0,1
TXN004662,105.65,9,Bills,Android,Mumbai,1,2648,0,0
TXN004663,75.29,1,Travel,Web,Mumbai,0,327,0,0
TXN004664,84.3,10,Entertainment,iOS,Bangalore,2,539,1,0
TXN004665,351.46,9,Bills,Android,Mumbai,0,2236,0,0
TXN004666,122.82,18,Other,Android,Hyderabad,0,1827,0,0
TXN004667,68.72,13,Travel,iOS,Chennai,0,816,0,0
TXN004668,1094.9,10,Entertainment,iOS,Delhi,0,2711,0,1
TXN004669,53.12,8,Shopping,iOS,Pune,1,1470,0,0
TXN004670,154.88,6,Entertainment,Android,Chennai,1,1399,0,0
TXN004671,324.66,14,Travel,Android,Bangalore,0,722,0,0
TXN004672,20.96,19,Bills,Web,Chennai,1,1819,0,0
TXN004673,264.1,16,Shopping,Android,Delhi,1,2203,0,0
TXN004674,41.84,2,Travel,Android,Pune,1,1163,1,0
TXN004675,398.35,14,Other,iOS,Delhi,1,478,0,0
TXN004676,46.75,13,Travel,Web,Bangalore,1,1195,0,0
TXN004677,340.81,7,Entertainment,iOS,Delhi,0,663,0,0
TXN004678,559.48,3,Other,iOS,Mumbai,0,2087,1,0
TXN004679,417.27,9,Food,Android,Pune,0,1820,0,0
TXN004680,200.65,1,Food,Android,Pune,0,1048,0,0
TXN004681,112.44,13,Shopping,Android,Chennai,0,1070,0,0
TXN004682,74.31,7,Travel,iOS,Hyderabad,0,744,0,0
TXN004683,867.18,22,Bills,Android,Hyderabad,0,1543,0,1
TXN004684,64.11,9,Shopping,iOS,Hyderabad,0,1580,0,0
TXN004685,42.76,17,Other,Android,Bangalore,0,947,1,0
TXN004686,329.79,14,Shopping,Android,Hyderabad,0,853,0,0
TXN004687,57.09,4,Entertainment,Android,Pune,0,1240,0,0
TXN004688,47.46,21,Other,iOS,Pune,0,2871,0,0
TXN004689,26.25,12,Bills,Android,Chennai,0,1668,0,0
TXN004690,83.14,17,Travel,iOS,Delhi,1,1288,0,0
TXN004691,134.39,1,Other,Android,Mumbai,1,207,0,0
TXN004692,198.68,12,Travel,iOS,Hyderabad,0,2062,0,0
TXN004693,464.78,13,Travel,iOS,Hyderabad,0,628,0,0
TXN004694,279.3,9,Shopping,Android,Hyderabad,0,1005,0,0
TXN004695,118.03,3,Entertainment,iOS,Mumbai,0,2394,0,0
TXN004696,117.0,14,Shopping,iOS,Chennai,2,2330,0,0
TXN004697,273.74,7,Food,iOS,Hyderabad,1,1245,0,0
TXN004698,683.4,14,Food,iOS,Delhi,0,32,0,0
TXN004699,172.7,13,Travel,Android,Bangalore,1,1211,0,0
TXN004700,84.52,20,Entertainment,Android,Mumbai,0,1239,0,0
TXN004701,45.09,8,Other,Android,Chennai,1,2021,0,0
TXN004702,26.2,19,Travel,Web,Pune,0,1973,0,0
TXN004703,330.14,2,Other,Android,Delhi,1,1956,0,0
TXN004704,296.95,14,Travel,iOS,Mumbai,2,80,0,0
TXN004705,296.73,23,Shopping,iOS,Pune,0,2899,0,0
TXN004706,127.18,16,Travel,iOS,Mumbai,0,2744,0,0
TXN004707,802.97,15,Travel,Android,Bangalore,1,2857,0,1
TXN004708,83.02,3,Entertainment,Android,Bangalore,1,2502,0,0
TXN004709,467.0,10,Entertainment,Android,Pune,1,1428,0,0
TXN004710,141.67,7,Other,Android,Pune,0,149,0,0
TXN004711,71.52,2,Entertainment,Android,Chennai,0,2678,0,0
TXN004712,302.18,18,Travel,Android,Hyderabad,0,647,0,0
TXN004713,242.64,13,Entertainment,iOS,Pune,0,1423,0,0
TXN004714,227.78,8,Entertainment,Android,Bangalore,1,2494,0,0
TXN004715,163.62,2,Bills,Android,Chennai,0,2620,0,0
TXN004716,141.82,3,Bills,Android,Mumbai,1,1832,0,0
TXN004717,2607.24,3,Food,Android,Hyderabad,0,193,1,1
TXN004718,614.68,10,Shopping,Android,Delhi,1,1686,0,0
TXN004719,353.33,18,Shopping,Android,Mumbai,0,2211,0,0
TXN004720,169.72,15,Entertainment,iOS,Chennai,0,664,0,0
TXN004721,497.0,22,Food,Android,Delhi,0,1354,0,0
TXN004722,276.33,21,Food,Web,Mumbai,0,985,1,0
TXN004723,153.15,16,Other,Android,Bangalore,0,2149,0,0
TXN004724,103.1,9,Bills,Web,Chennai,0,2436,0,0
TXN004725,134.68,23,Food,iOS,Delhi,0,578,0,0
TXN004726,3.31,16,Travel,iOS,Pune,0,130,1,0
TXN004727,191.09,15,Other,Web,Bangalore,0,1677,1,0
TXN004728,82.59,19,Entertainment,Android,Pune,0,2107,0,0
TXN004729,1003.45,21,Travel,Android,Pune,0,1965,0,1
TXN004730,151.9,5,Shopping,Android,Delhi,0,748,0,0
TXN004731,35.63,6,Bills,Android,Hyderabad,0,2002,0,0
TXN004732,139.79,13,Travel,Android,Hyderabad,0,1024,0,0
TXN004733,42.29,10,Entertainment,iOS,Chennai,1,550,0,0
TXN004734,261.93,11,Travel,Android,Delhi,1,1330,0,0
TXN004735,210.43,13,Travel,Android,Hyderabad,0,866,1,0
TXN004736,468.44,4,Food,Android,Mumbai,0,2326,0,0
TXN004737,57.45,4,Bills,iOS,Mumbai,0,541,0,0
TXN004738,154.6,19,Shopping,Web,Hyderabad,0,2189,1,0
TXN004739,28.85,21,Entertainment,Android,Pune,0,1071,0,0
TXN004740,344.4,22,Other,Android,Pune,1,1946,0,0
TXN004741,276.62,14,Other,Android,Hyderabad,0,2978,0,0
TXN004742,269.07,0,Entertainment,iOS,Chennai,0,736,0,0
TXN004743,148.7,23,Shopping,Android,Pune,0,228,0,0
TXN004744,244.14,22,Entertainment,Web,Chennai,0,1169,0,0
TXN004745,1017.6,8,Food,Android,Mumbai,0,573,0,1
TXN004746,105.41,2,Other,Android,Bangalore,0,2300,1,0
TXN004747,175.28,3,Other,Web,Delhi,1,1515,0,0
TXN004748,40.31,15,Travel,Web,Bangalore,1,117,0,0
TXN004749,52.36,6,Food,iOS,Chennai,0,1726,0,0
TXN004750,166.9,21,Other,Android,Pune,0,994,0,0
TXN004751,558.2,13,Food,iOS,Bangalore,1,2405,0,0
TXN004752,109.12,15,Food,Android,Chennai,0,1951,0,0
TXN004753,111.82,17,Shopping,Android,Bangalore,1,2899,0,0
TXN004754,91.08,15,Other,Android,Mumbai,0,2180,0,0
TXN004755,78.12,15,Bills,Android,Chennai,0,1027,0,0
TXN004756,211.45,1,Shopping,iOS,Mumbai,1,327,0,0
TXN004757,24.61,9,Shopping,Android,Bangalore,0,704,1,0
TXN004758,690.3,6,Food,Web,Hyderabad,0,916,0,0
TXN004759,66.79,14,Bills,Android,Hyderabad,1,2266,1,0
TXN004760,352.94,8,Shopping,Android,Delhi,1,2448,0,0
TXN004761,32.33,6,Bills,iOS,Hyderabad,1,857,1,0
TXN004762,331.16,23,Other,iOS,Delhi,0,2327,0,0
TXN004763,332.4,15,Food,Web,Bangalore,0,2303,0,0
TXN004764,235.34,2,Shopping,iOS,Delhi,0,2064,0,0
TXN004765,45.0,16,Bills,Android,Delhi,1,153,1,0
TXN004766,200.23,22,Entertainment,Web,Delhi,0,2043,0,0
TXN004767,35.89,7,Shopping,Web,Mumbai,0,2382,0,0
TXN004768,109.58,1,Shopping,Android,Delhi,0,820,0,0
TXN004769,510.45,19,Shopping,iOS,Pune,0,1889,0,0
TXN004770,386.08,2,Bills,iOS,Chennai,0,2880,0,0
TXN004771,151.14,7,Travel,Android,Bangalore,1,427,0,0
TXN004772,46.07,1,Other,Web,Mumbai,1,1331,0,0
TXN004773,322.05,18,Shopping,Android,Chennai,0,2080,0,0
TXN004774,151.91,16,Entertainment,iOS,Bangalore,1,2073,0,0
TXN004775,9.17,4,Entertainment,Android,Mumbai,0,2408,0,0
TXN004776,379.61,19,Food,Android,Bangalore,0,39,0,0
TXN004777,144.16,16,Travel,iOS,Hyderabad,0,608,0,0
TXN004778,628.25,9,Travel,Android,Bangalore,0,2758,0,0
TXN004779,39.87,8,Bills,Android,Hyderabad,2,1615,0,0
TXN004780,3.28,21,Food,Web,Hyderabad,0,226,1,0
TXN004781,207.45,5,Bills,iOS,Pune,0,471,0,0
TXN004782,210.58,10,Food,iOS,Bangalore,1,2092,0,0
TXN004783,19.52,1,Other,Android,Hyderabad,0,1175,0,0
TXN004784,45.87,22,Travel,Android,Pune,0,1613,1,0
TXN004785,4049.15,11,Other,iOS,Mumbai,0,655,0,1
TXN004786,102.85,11,Bills,iOS,Hyderabad,1,2083,0,0
TXN004787,356.79,15,Food,Android,Delhi,0,2593,0,0
TXN004788,67.98,21,Travel,iOS,Mumbai,1,2762,0,0
TXN004789,12.08,23,Travel,Android,Pune,0,2910,1,0
TXN004790,120.99,11,Shopping,Android,Mumbai,0,2047,0,0
TXN004791,107.91,20,Bills,Android,Mumbai,0,988,1,0
TXN004792,91.85,17,Shopping,Android,Delhi,0,1068,0,0
TXN004793,129.34,12,Travel,Android,Delhi,1,120,1,0
TXN004794,203.8,14,Bills,iOS,Delhi,0,2794,0,0
TXN004795,123.95,15,Bills,Android,Delhi,0,1812,0,0
TXN004796,32.56,3,Other,iOS,Pune,1,1547,0,0
TXN004797,265.98,11,Entertainment,iOS,Delhi,0,268,0,0
TXN004798,14.31,16,Food,iOS,Pune,0,1981,1,0
TXN004799,12.67,0,Entertainment,Android,Pune,0,2598,1,0
TXN004800,360.33,21,Entertainment,Android,Chennai,0,1270,0,0
TXN004801,272.71,17,Travel,iOS,Chennai,0,214,0,0
TXN004802,138.54,21,Other,Android,Delhi,2,224,0,0
TXN004803,27.81,15,Food,iOS,Pune,0,45,1,0
TXN004804,63.47,0,Entertainment,Android,Mumbai,0,1703,1,0
TXN004805,108.28,9,Entertainment,Android,Hyderabad,0,2770,0,0
TXN004806,21.87,18,Bills,iOS,Hyderabad,1,2142,0,0
TXN004807,61.14,15,Travel,Web,Chennai,0,1168,1,0
TXN004808,324.67,13,Entertainment,Android,Delhi,1,314,0,0
TXN004809,822.84,1,Food,Android,Bangalore,0,175,0,1
TXN004810,89.72,23,Shopping,iOS,Hyderabad,0,1745,0,0
TXN004811,367.89,5,Shopping,Android,Pune,0,1469,0,0
TXN004812,14.93,21,Travel,Android,Pune,0,1928,0,0
TXN004813,327.45,22,Shopping,Android,Hyderabad,0,1523,0,0
TXN004814,56.56,4,Bills,Android,Mumbai,1,1928,0,0
TXN004815,214.61,11,Bills,iOS,Hyderabad,1,2344,0,0
TXN004816,110.24,3,Food,Android,Chennai,0,1666,0,0
TXN004817,723.79,21,Other,Web,Delhi,0,2737,0,0
TXN004818,51.97,23,Travel,iOS,Delhi,0,1715,0,0
TXN004819,315.17,3,Travel,Web,Pune,0,765,0,0
TXN004820,106.12,4,Shopping,Android,Hyderabad,0,1765,0,0
TXN004821,122.74,6,Entertainment,Android,Bangalore,0,428,0,0
TXN004822,119.03,5,Entertainment,Web,Chennai,1,2368,0,0
TXN004823,53.8,12,Other,Android,Pune,0,109,0,0
TXN004824,145.92,3,Entertainment,iOS,Hyderabad,1,401,0,0
TXN004825,137.66,12,Other,Android,Chennai,0,1530,0,0
TXN004826,198.24,3,Food,iOS,Bangalore,0,1215,0,0
TXN004827,164.25,9,Travel,Web,Pune,0,1558,0,0
TXN004828,386.68,19,Shopping,Android,Chennai,1,2901,0,0
TXN004829,449.53,0,Food,Android,Pune,1,1872,0,0
TXN004830,42.07,20,Bills,Android,Chennai,1,1650,0,0
TXN004831,420.96,7,Bills,Android,Chennai,0,79,0,0
TXN004832,35.74,6,Bills,Android,Pune,2,1467,0,0
TXN004833,300.49,4,Other,iOS,Delhi,0,2198,0,0
TXN004834,312.21,2,Other,Android,Bangalore,1,1037,0,0
TXN004835,14.98,14,Travel,Android,Pune,0,487,0,0
TXN004836,165.93,16,Bills,Android,Delhi,0,2303,0,0
TXN004837,84.59,22,Other,Android,Mumbai,0,1628,0,0
TXN004838,59.71,12,Other,Android,Hyderabad,0,2355,0,0
TXN004839,750.71,14,Entertainment,iOS,Pune,0,1018,0,1
TXN004840,67.73,18,Other,iOS,Delhi,0,1747,0,0
TXN004841,56.39,19,Bills,Android,Pune,0,2081,0,0
TXN004842,162.53,13,Food,Android,Pune,1,1820,0,0
TXN004843,337.89,20,Bills,iOS,Pune,0,948,0,0
TXN004844,125.21,12,Entertainment,Android,Chennai,0,180,0,0
TXN004845,601.63,11,Bills,Android,Mumbai,0,2083,0,0
TXN004846,280.67,23,Shopping,iOS,Bangalore,1,2013,0,0
TXN004847,10.87,22,Entertainment,Android,Bangalore,2,1795,0,0
TXN004848,78.62,8,Travel,Android,Pune,1,2073,0,0
TXN004849,75.63,2,Bills,Web,Delhi,0,951,0,0
TXN004850,263.81,10,Other,Android,Pune,0,984,0,0
TXN004851,6.36,9,Food,Web,Chennai,0,114,0,0
TXN004852,3161.53,0,Bills,Android,Chennai,0,447,1,1
TXN004853,280.68,16,Food,iOS,Pune,0,183,0,0
TXN004854,177.44,12,Shopping,Android,Bangalore,0,2791,0,0
TXN004855,612.7,13,Travel,Android,Chennai,0,735,0,0
TXN004856,2471.02,0,Other,iOS,Hyderabad,0,1299,1,1
TXN004857,421.95,1,Entertainment,iOS,Delhi,0,402,0,0
TXN004858,463.39,1,Entertainment,Android,Delhi,0,1124,0,0
TXN004859,173.61,6,Travel,iOS,Chennai,0,933,0,0
TXN004860,125.23,8,Shopping,Android,Bangalore,0,2135,0,0
TXN004861,83.85,23,Shopping,iOS,Pune,0,798,0,0
TXN004862,55.07,3,Bills,iOS,Hyderabad,0,250,0,0
TXN004863,65.08,1,Shopping,Android,Hyderabad,0,1212,0,0
TXN004864,29.35,18,Bills,Android,Pune,0,1261,1,0
TXN004865,135.5,4,Food,Android,Hyderabad,1,2315,0,0
TXN004866,19.66,8,Travel,Web,Mumbai,1,2928,0,0
TXN004867,186.62,23,Food,Android,Chennai,0,1783,1,0
TXN004868,142.08,12,Food,iOS,Hyderabad,0,2779,1,0
TXN004869,177.03,11,Food,Android,Chennai,1,423,0,0
TXN004870,79.32,18,Food,iOS,Bangalore,3,1839,0,0
TXN004871,5956.46,8,Entertainment,iOS,Bangalore,0,1307,0,1
TXN004872,759.1,9,Shopping,iOS,Pune,0,1026,0,1
TXN004873,33.33,18,Travel,Web,Bangalore,0,2426,0,0
TXN004874,196.26,9,Travel,Android,Mumbai,0,351,0,0
TXN004875,71.55,11,Other,Android,Bangalore,0,1233,0,0
TXN004876,43.93,13,Food,Web,Chennai,2,2972,0,0
TXN004877,29.72,7,Travel,Android,Delhi,0,806,0,0
TXN004878,249.3,15,Bills,iOS,Delhi,1,1416,0,0
TXN004879,65.52,16,Travel,iOS,Chennai,2,2905,0,0
TXN004880,474.09,19,Food,iOS,Delhi,1,155,0,0
TXN004881,489.09,3,Travel,Android,Hyderabad,0,1035,0,0
TXN004882,771.78,5,Shopping,Android,Delhi,0,2451,0,1
TXN004883,53.36,11,Food,iOS,Mumbai,1,1233,0,0
TXN004884,262.55,17,Entertainment,Android,Bangalore,1,2632,0,0
TXN004885,317.01,6,Shopping,iOS,Delhi,0,2792,0,0
TXN004886,84.01,4,Travel,Android,Delhi,1,2895,0,0
TXN004887,58.78,9,Entertainment,Android,Pune,0,2076,0,0
TXN004888,1023.95,5,Other,Android,Mumbai,0,2607,0,1
TXN004889,195.0,13,Shopping,Web,Pune,0,106,0,0
TXN004890,318.35,5,Other,Android,Mumbai,0,319,0,0
TXN004891,55.34,13,Bills,iOS,Delhi,0,2928,0,0
TXN004892,34.36,11,Shopping,Web,Hyderabad,0,2196,0,0
TXN004893,74.94,21,Entertainment,iOS,Delhi,0,1640,0,0
TXN004894,127.89,11,Other,Web,Hyderabad,0,1948,0,0
TXN004895,41.39,7,Bills,Android,Pune,0,1230,0,0
TXN004896,146.67,9,Other,iOS,Bangalore,0,247,0,0
TXN004897,19.57,15,Travel,Android,Chennai,0,754,0,0
TXN004898,38.7,19,Food,iOS,Bangalore,1,934,0,0
TXN004899,331.99,7,Other,iOS,Delhi,0,2893,0,0
TXN004900,306.29,8,Travel,Android,Delhi,1,1166,0,0
TXN004901,92.74,12,Food,Android,Hyderabad,0,2397,0,0
TXN004902,43.76,19,Food,iOS,Mumbai,0,2103,0,0
TXN004903,43.26,16,Entertainment,Android,Pune,0,420,0,0
TXN004904,94.83,18,Bills,iOS,Pune,0,84,0,0
TXN004905,321.64,16,Bills,Android,Pune,1,1880,0,0
TXN004906,452.1,6,Shopping,Web,Hyderabad,0,1644,0,0
TXN004907,81.79,0,Travel,Android,Mumbai,1,1493,1,0
TXN004908,37.18,19,Entertainment,iOS,Mumbai,0,1889,0,0
TXN004909,204.67,13,Other,Android,Mumbai,0,180,0,0
TXN004910,55.24,16,Travel,Android,Mumbai,0,2035,0,0
TXN004911,79.69,12,Other,Android,Delhi,0,492,0,0
TXN004912,728.02,1,Other,Android,Chennai,0,942,0,0
TXN004913,400.43,13,Other,Android,Pune,0,1951,0,0
TXN004914,179.39,0,Shopping,iOS,Chennai,0,1381,0,0
TXN004915,32.26,4,Shopping,Android,Bangalore,0,1251,1,0
TXN004916,191.27,6,Entertainment,iOS,Bangalore,2,964,0,0
TXN004917,531.23,18,Shopping,Android,Bangalore,0,1557,0,0
TXN004918,94.56,13,Entertainment,Android,Hyderabad,0,1273,0,0
TXN004919,750.95,23,Shopping,Android,Bangalore,0,540,1,1
TXN004920,700.15,13,Bills,iOS,Pune,0,802,0,0
TXN004921,1092.78,14,Entertainment,Android,Bangalore,0,433,0,1
TXN004922,214.07,4,Bills,Android,Bangalore,1,2440,0,0
TXN004923,300.33,4,Bills,Android,Delhi,0,2939,0,0
TXN004924,809.99,20,Entertainment,Android,Bangalore,0,1147,0,1
TXN004925,253.88,23,Travel,Android,Chennai,0,2796,0,0
TXN004926,81.33,1,Food,Android,Delhi,0,504,0,0
TXN004927,86.64,17,Shopping,Android,Mumbai,0,1638,0,0
TXN004928,197.6,23,Other,iOS,Hyderabad,1,1720,0,0
TXN004929,31.54,8,Shopping,Android,Delhi,0,799,0,0
TXN004930,124.97,9,Other,Android,Delhi,2,257,0,0
TXN004931,553.28,17,Travel,Android,Chennai,0,2424,0,0
TXN004932,10.7,3,Food,iOS,Pune,0,837,0,0
TXN004933,935.78,7,Travel,Android,Pune,1,2294,0,1
TXN004934,570.69,17,Food,iOS,Bangalore,1,577,0,0
TXN004935,85.48,19,Entertainment,iOS,Mumbai,0,1450,0,0
TXN004936,284.88,16,Entertainment,iOS,Chennai,0,1922,0,0
TXN004937,148.97,15,Other,Android,Chennai,0,753,0,0
TXN004938,649.36,17,Bills,Android,Delhi,2,2351,0,0
TXN004939,482.62,6,Bills,Android,Mumbai,0,144,0,0
TXN004940,27.66,0,Other,Web,Chennai,0,2280,0,0
TXN004941,300.28,0,Entertainment,iOS,Pune,1,2595,0,0
TXN004942,115.96,17,Other,Android,Hyderabad,0,1888,0,0
TXN004943,163.92,3,Bills,Web,Hyderabad,0,1178,0,0
TXN004944,61.94,22,Other,Android,Chennai,0,2385,0,0
TXN004945,1209.26,19,Entertainment,Android,Delhi,0,1251,0,1
TXN004946,517.02,20,Travel,Android,Hyderabad,1,1772,0,0
TXN004947,61.09,19,Shopping,Android,Delhi,1,2990,0,0
TXN004948,29.92,3,Entertainment,iOS,Bangalore,0,924,0,0
TXN004949,93.43,5,Other,iOS,Bangalore,0,95,0,0
TXN004950,249.99,2,Entertainment,iOS,Delhi,1,237,0,0
TXN004951,198.0,5,Entertainment,Android,Chennai,1,307,0,0
TXN004952,667.65,12,Bills,iOS,Bangalore,0,654,0,0
TXN004953,382.95,22,Other,iOS,Pune,1,168,0,0
TXN004954,475.08,6,Bills,Android,Bangalore,2,705,0,0
TXN004955,219.69,23,Other,Android,Pune,0,2409,0,0
TXN004956,28.02,3,Bills,iOS,Hyderabad,1,1221,0,0
TXN004957,117.35,0,Bills,iOS,Chennai,0,2624,1,0
TXN004958,529.59,5,Travel,iOS,Delhi,0,1096,0,0
TXN004959,139.52,23,Entertainment,Android,Bangalore,1,1866,0,0
TXN004960,271.43,4,Travel,Android,Chennai,0,2966,0,0
TXN004961,101.24,12,Bills,iOS,Bangalore,0,710,0,0
TXN004962,43.13,18,Travel,iOS,Hyderabad,1,2909,0,0
TXN004963,127.99,3,Entertainment,Android,Chennai,1,300,0,0
TXN004964,215.05,23,Entertainment,iOS,Mumbai,1,2377,0,0
TXN004965,67.57,5,Bills,Web,Hyderabad,1,1095,0,0
TXN004966,111.85,12,Entertainment,Web,Delhi,0,728,0,0
TXN004967,48.07,4,Travel,iOS,Chennai,0,1650,0,0
TXN004968,568.55,12,Food,Android,Pune,2,1380,0,0
TXN004969,104.24,9,Entertainment,iOS,Bangalore,2,314,0,0
TXN004970,848.36,2,Travel,Android,Pune,0,966,0,1
TXN004971,929.36,22,Travel,iOS,Chennai,0,2339,1,1
TXN004972,134.66,12,Travel,Android,Delhi,0,1988,0,0
TXN004973,44.25,11,Entertainment,iOS,Pune,1,1774,1,0
TXN004974,12.15,3,Food,iOS,Pune,0,2271,0,0
TXN004975,25.37,9,Bills,iOS,Pune,1,2158,0,0
TXN004976,28.54,2,Bills,iOS,Chennai,0,440,0,0
TXN004977,776.01,16,Entertainment,Android,Bangalore,0,759,0,1
TXN004978,170.54,8,Entertainment,iOS,Pune,0,785,0,0
TXN004979,236.87,0,Shopping,Android,Hyderabad,2,1597,0,0
TXN004980,10.33,17,Other,Android,Hyderabad,0,1423,0,0
TXN004981,35.25,8,Food,Web,Bangalore,0,2932,0,0
TXN004982,430.31,20,Travel,iOS,Mumbai,1,80,0,0
TXN004983,209.38,19,Other,iOS,Mumbai,1,69,0,0
TXN004984,124.38,8,Travel,Android,Hyderabad,1,1956,0,0
TXN004985,292.31,1,Other,iOS,Pune,0,798,0,0
TXN004986,1056.75,18,Bills,iOS,Delhi,0,2998,0,1
TXN004987,113.83,15,Other,iOS,Chennai,0,2300,0,0
TXN004988,161.3,2,Entertainment,Web,Bangalore,0,547,0,0
TXN004989,187.0,15,Food,Android,Delhi,0,636,0,0
TXN004990,2618.96,20,Bills,iOS,Pune,0,410,0,1
TXN004991,11.95,12,Other,iOS,Chennai,0,2049,0,0
TXN004992,336.93,2,Food,Android,Hyderabad,0,2349,0,0
TXN004993,129.31,9,Entertainment,Android,Bangalore,1,1452,0,0
TXN004994,292.99,21,Travel,Web,Delhi,0,2223,0,0
TXN004995,67.43,17,Shopping,Android,Chennai,0,2511,0,0
TXN004996,139.94,5,Food,Android,Hyderabad,1,869,0,0
TXN004997,348.52,5,Travel,Android,Hyderabad,0,1959,0,0
TXN004998,6219.8,17,Food,Android,Chennai,0,258,0,1
TXN004999,391.37,5,Food,iOS,Mumbai,0,772,1,0
TXN005000,53.64,5,Food,Android,Mumbai,0,1614,0,0
TXN005001,89.25,21,Entertainment,Android,Chennai,1,483,0,0
TXN005002,86.13,12,Bills,iOS,Chennai,2,392,0,0
TXN005003,17.21,13,Food,Android,Chennai,0,1304,0,0
TXN005004,99.87,20,Entertainment,iOS,Hyderabad,0,423,0,0
TXN005005,357.59,6,Shopping,iOS,Pune,0,2647,0,0
TXN005006,32.17,12,Bills,iOS,Pune,0,1764,0,0
TXN005007,522.27,14,Entertainment,iOS,Bangalore,1,2759,0,0
TXN005008,266.49,11,Shopping,Android,Hyderabad,1,1354,0,0
TXN005009,61.49,20,Bills,Android,Hyderabad,1,2816,0,0
TXN005010,125.23,0,Entertainment,Android,Mumbai,0,1081,0,0
TXN005011,1010.28,2,Shopping,Android,Chennai,1,630,0,1
TXN005012,357.9,17,Entertainment,Android,Hyderabad,0,633,0,0
TXN005013,149.99,21,Shopping,Android,Hyderabad,0,1826,0,0
TXN005014,111.58,7,Food,iOS,Chennai,0,342,0,0
TXN005015,162.7,1,Food,Android,Pune,0,1133,0,0
TXN005016,80.31,3,Bills,Android,Bangalore,0,1082,0,0
TXN005017,11.87,17,Shopping,Android,Mumbai,0,776,0,0
TXN005018,1720.92,12,Food,Android,Delhi,1,692,0,1
TXN005019,178.82,14,Bills,iOS,Pune,1,2134,0,0
TXN005020,239.31,1,Travel,iOS,Hyderabad,1,1711,1,0
TXN005021,138.45,9,Food,iOS,Bangalore,0,524,0,0
TXN005022,61.43,1,Food,iOS,Delhi,0,1186,0,0
TXN005023,118.73,20,Other,iOS,Pune,0,2224,0,0
TXN005024,21.77,11,Entertainment,iOS,Pune,2,2306,0,0
TXN005025,2281.31,4,Travel,Android,Chennai,1,1761,1,1
TXN005026,33.74,11,Shopping,Android,Delhi,0,2931,0,0
TXN005027,43.02,22,Bills,iOS,Chennai,1,361,0,0
TXN005028,87.5,0,Travel,Android,Pune,0,1502,0,0
TXN005029,696.24,1,Shopping,Android,Pune,0,805,0,0
TXN005030,151.02,15,Food,Android,Pune,0,471,0,0
TXN005031,33.67,21,Other,Android,Bangalore,0,440,0,0
TXN005032,668.61,1,Bills,iOS,Pune,0,2290,0,0
TXN005033,356.81,15,Bills,Android,Delhi,1,138,0,0
TXN005034,283.19,19,Travel,Android,Mumbai,0,574,0,0
TXN005035,350.33,15,Entertainment,Android,Bangalore,1,1534,0,0
TXN005036,2626.05,5,Shopping,iOS,Delhi,0,715,0,1
TXN005037,2042.88,12,Other,iOS,Hyderabad,2,2498,0,1
TXN005038,65.1,11,Other,Android,Delhi,2,1802,0,0
TXN005039,1041.75,22,Travel,iOS,Delhi,0,2966,0,1
TXN005040,235.05,9,Entertainment,Android,Mumbai,0,1506,0,0
TXN005041,270.13,4,Entertainment,iOS,Bangalore,0,2716,0,0
TXN005042,19.48,7,Entertainment,iOS,Hyderabad,0,763,0,0
TXN005043,120.97,5,Bills,Web,Pune,1,1760,0,0
TXN005044,55.96,4,Shopping,Android,Bangalore,0,2489,0,0
TXN005045,400.88,19,Shopping,Android,Bangalore,0,1756,0,0
TXN005046,536.62,21,Travel,Android,Hyderabad,0,513,0,0
TXN005047,12.31,5,Food,Android,Hyderabad,0,2848,1,0
TXN005048,144.54,21,Travel,Android,Mumbai,0,2897,0,0
TXN005049,570.34,16,Shopping,Android,Chennai,0,73,1,0
TXN005050,118.63,5,Bills,Android,Mumbai,1,1369,0,0
TXN005051,355.98,16,Travel,Web,Pune,0,2135,0,0
TXN005052,226.2,4,Food,Android,Hyderabad,0,636,0,0
TXN005053,223.63,22,Other,Web,Delhi,1,1195,0,0
TXN005054,107.17,16,Travel,iOS,Delhi,0,2467,0,0
TXN005055,34.47,16,Entertainment,iOS,Bangalore,1,2864,0,0
TXN005056,38.64,12,Food,Web,Bangalore,0,1499,0,0
TXN005057,347.66,21,Entertainment,iOS,Chennai,0,1486,0,0
TXN005058,151.92,6,Bills,iOS,Chennai,0,464,1,0
TXN005059,125.69,21,Shopping,Android,Chennai,0,152,0,0
TXN005060,89.24,20,Travel,Android,Chennai,0,1847,0,0
TXN005061,102.9,5,Travel,Web,Delhi,0,655,0,0
TXN005062,521.28,13,Entertainment,Android,Hyderabad,1,981,0,0
TXN005063,99.26,15,Entertainment,Android,Pune,1,2836,0,0
TXN005064,29.69,2,Shopping,iOS,Pune,0,905,0,0
TXN005065,362.27,8,Travel,iOS,Chennai,0,2095,0,0
TXN005066,116.06,14,Shopping,iOS,Mumbai,1,1538,0,0
TXN005067,154.11,20,Entertainment,Android,Pune,1,714,0,0
TXN005068,1021.57,17,Other,iOS,Chennai,1,2588,0,1
TXN005069,144.8,9,Entertainment,Android,Delhi,1,2799,0,0
TXN005070,209.98,9,Food,Web,Bangalore,0,2321,0,0
TXN005071,36.06,22,Entertainment,Android,Mumbai,0,38,0,0
TXN005072,114.02,2,Entertainment,iOS,Chennai,1,2975,0,0
TXN005073,308.41,0,Other,Android,Delhi,1,151,0,0
TXN005074,22.96,2,Shopping,Android,Bangalore,1,509,0,0
TXN005075,188.86,4,Food,Android,Chennai,0,1351,0,0
TXN005076,167.49,6,Food,Android,Delhi,1,2929,0,0
TXN005077,155.95,2,Travel,iOS,Delhi,0,2917,0,0
TXN005078,515.22,3,Other,Android,Hyderabad,2,1162,0,0
TXN005079,221.7,16,Bills,Android,Delhi,0,2913,0,0
TXN005080,874.53,2,Travel,Android,Chennai,0,2934,0,1
TXN005081,45.05,22,Travel,iOS,Delhi,0,572,0,0
TXN005082,174.71,3,Travel,Android,Mumbai,0,1175,0,0
TXN005083,164.25,1,Food,Android,Delhi,0,2352,0,0
TXN005084,41.14,13,Shopping,iOS,Delhi,0,2148,0,0
TXN005085,467.57,4,Entertainment,Web,Pune,0,1228,0,0
TXN005086,2415.37,20,Food,iOS,Mumbai,0,2939,0,1
TXN005087,145.42,1,Entertainment,iOS,Chennai,0,1774,0,0
TXN005088,272.06,14,Entertainment,Android,Bangalore,0,1789,0,0
TXN005089,164.26,10,Bills,iOS,Hyderabad,0,1782,1,0
TXN005090,63.04,21,Travel,iOS,Pune,0,1106,0,0
TXN005091,16.69,9,Bills,Web,Bangalore,2,1051,0,0
TXN005092,63.63,19,Travel,Android,Chennai,0,1021,0,0
TXN005093,27.93,0,Food,Web,Chennai,1,616,0,0
TXN005094,1147.02,18,Entertainment,Android,Pune,0,587,0,1
TXN005095,129.27,13,Bills,iOS,Mumbai,0,1601,0,0
TXN005096,97.99,22,Other,Android,Bangalore,0,1185,0,0
TXN005097,431.38,21,Food,Android,Delhi,1,671,0,0
TXN005098,38.62,13,Food,Android,Mumbai,1,708,0,0
TXN005099,59.13,0,Other,Android,Mumbai,1,1296,0,0
TXN005100,161.05,8,Travel,iOS,Hyderabad,1,120,0,0
TXN005101,510.06,16,Entertainment,iOS,Mumbai,0,1399,0,0
TXN005102,270.97,13,Travel,iOS,Bangalore,0,2992,0,0
TXN005103,199.93,12,Travel,Android,Chennai,0,2436,0,0
TXN005104,163.0,12,Food,Web,Pune,1,1918,0,0
TXN005105,239.91,5,Travel,iOS,Hyderabad,0,2782,0,0
TXN005106,189.04,6,Shopping,Android,Pune,0,448,0,0
TXN005107,43.12,1,Other,iOS,Pune,0,552,0,0
TXN005108,156.85,7,Other,Android,Delhi,0,2264,0,0
TXN005109,40.92,23,Entertainment,Android,Bangalore,0,1131,1,0
TXN005110,163.58,5,Other,Android,Delhi,0,840,0,0
TXN005111,83.36,2,Travel,iOS,Mumbai,1,1669,0,0
TXN005112,3125.21,17,Travel,Android,Bangalore,0,2934,0,1
TXN005113,141.48,17,Bills,Android,Pune,0,2804,0,0
TXN005114,27.52,21,Entertainment,Web,Hyderabad,0,1683,0,0
TXN005115,126.34,22,Entertainment,Android,Pune,0,34,0,0
TXN005116,276.78,5,Other,Android,Hyderabad,1,1719,0,0
TXN005117,1105.48,10,Travel,Web,Delhi,0,2877,0,1
TXN005118,73.16,2,Shopping,Android,Chennai,1,332,0,0
TXN005119,22.22,15,Bills,iOS,Pune,0,2005,0,0
TXN005120,395.52,4,Shopping,Android,Hyderabad,1,2034,0,0
TXN005121,28.31,23,Travel,iOS,Delhi,0,2167,0,0
TXN005122,87.94,21,Entertainment,Android,Chennai,0,2639,0,0
TXN005123,108.95,1,Entertainment,Web,Bangalore,1,2432,0,0
TXN005124,136.52,14,Shopping,Android,Hyderabad,0,231,0,0
TXN005125,339.34,15,Food,iOS,Hyderabad,1,983,0,0
TXN005126,65.34,6,Travel,Web,Pune,1,1721,0,0
TXN005127,106.86,15,Entertainment,Web,Pune,0,1148,0,0
TXN005128,145.89,23,Other,Android,Delhi,0,724,0,0
TXN005129,177.6,3,Food,iOS,Hyderabad,1,855,0,0
TXN005130,166.9,15,Entertainment,Android,Delhi,0,1221,0,0
TXN005131,250.44,16,Other,iOS,Hyderabad,0,1042,0,0
TXN005132,408.55,1,Entertainment,Android,Delhi,0,459,0,0
TXN005133,237.74,15,Food,Android,Hyderabad,0,1738,0,0
TXN005134,255.78,3,Shopping,Android,Bangalore,0,1411,0,0
TXN005135,22.23,6,Travel,iOS,Pune,0,2799,0,0
TXN005136,157.63,17,Food,Android,Bangalore,0,1869,0,0
TXN005137,263.86,5,Food,Android,Delhi,1,1785,0,0
TXN005138,355.93,17,Entertainment,Android,Bangalore,0,2779,0,0
TXN005139,64.66,6,Other,Web,Delhi,0,1849,1,0
TXN005140,67.3,1,Food,iOS,Pune,0,2191,0,0
TXN005141,74.52,18,Travel,Android,Delhi,2,2069,0,0
TXN005142,282.51,8,Shopping,Web,Pune,0,2609,0,0
TXN005143,513.2,3,Other,iOS,Mumbai,1,534,0,0
TXN005144,91.02,13,Shopping,Android,Bangalore,1,1350,0,0
TXN005145,441.22,4,Shopping,Android,Mumbai,2,1421,0,0
TXN005146,172.12,6,Travel,Android,Pune,0,2941,0,0
TXN005147,127.85,7,Entertainment,iOS,Pune,0,1827,0,0
TXN005148,115.16,14,Other,Web,Mumbai,0,1448,0,0
TXN005149,363.56,18,Other,Android,Pune,0,416,1,0
TXN005150,219.36,10,Travel,Android,Hyderabad,0,997,0,0
TXN005151,2277.86,19,Other,Android,Delhi,0,1982,0,1
TXN005152,53.37,22,Food,Android,Chennai,2,2131,1,0
TXN005153,276.36,3,Bills,iOS,Mumbai,1,2060,0,0
TXN005154,78.65,17,Bills,iOS,Hyderabad,0,2764,0,0
TXN005155,52.29,13,Bills,Android,Bangalore,0,1008,0,0
TXN005156,146.49,5,Shopping,iOS,Chennai,0,791,0,0
TXN005157,175.01,15,Other,Android,Pune,0,2087,1,0
TXN005158,4923.66,17,Travel,Web,Delhi,1,1840,0,1
TXN005159,118.99,0,Other,Android,Hyderabad,0,164,0,0
TXN005160,38.24,7,Travel,iOS,Chennai,1,2650,0,0
TXN005161,205.95,0,Other,Android,Delhi,0,2603,0,0
TXN005162,12.31,0,Shopping,Android,Delhi,0,2335,0,0
TXN005163,132.91,18,Food,iOS,Chennai,1,1459,0,0
TXN005164,151.29,20,Bills,Android,Hyderabad,1,2521,0,0
TXN005165,385.11,9,Bills,Web,Pune,2,2378,0,0
TXN005166,477.4,17,Other,iOS,Chennai,0,1079,0,0
TXN005167,81.1,11,Shopping,Web,Mumbai,0,1496,0,0
TXN005168,123.87,16,Bills,Web,Delhi,0,1044,0,0
TXN005169,59.18,0,Other,Android,Bangalore,0,1299,0,0
TXN005170,38.33,7,Entertainment,iOS,Pune,0,1716,1,0
TXN005171,215.27,9,Other,iOS,Chennai,1,1718,0,0
TXN005172,32.19,9,Travel,Android,Chennai,0,657,0,0
TXN005173,90.24,17,Bills,iOS,Delhi,0,2278,1,0
TXN005174,44.96,8,Bills,iOS,Delhi,0,410,0,0
TXN005175,287.04,1,Entertainment,iOS,Chennai,0,1960,0,0
TXN005176,1289.12,2,Food,Android,Bangalore,0,1846,0,1
TXN005177,31.13,1,Other,iOS,Delhi,1,1980,0,0
TXN005178,16.06,5,Food,Android,Delhi,0,1227,0,0
TXN005179,127.76,22,Other,iOS,Mumbai,1,696,0,0
TXN005180,151.24,11,Entertainment,Android,Hyderabad,2,2945,0,0
TXN005181,192.94,21,Food,Android,Mumbai,0,1168,0,0
TXN005182,86.87,18,Shopping,Web,Bangalore,0,2380,0,0
TXN005183,116.66,14,Entertainment,iOS,Hyderabad,0,171,0,0
TXN005184,230.68,18,Other,Web,Chennai,0,1844,0,0
TXN005185,517.25,11,Travel,Android,Bangalore,0,557,1,0
TXN005186,14.21,17,Travel,iOS,Bangalore,0,1201,0,0
TXN005187,95.32,15,Travel,iOS,Mumbai,0,1554,0,0
TXN005188,191.82,1,Other,iOS,Hyderabad,0,1440,0,0
TXN005189,49.32,10,Bills,Android,Bangalore,0,1827,0,0
TXN005190,1184.89,11,Entertainment,Android,Hyderabad,0,1082,0,1
TXN005191,69.24,4,Entertainment,Web,Pune,1,2337,0,0
TXN005192,141.24,23,Food,Android,Chennai,1,990,0,0
TXN005193,289.23,5,Entertainment,Web,Hyderabad,0,143,0,0
TXN005194,73.0,10,Entertainment,Android,Mumbai,0,2085,0,0
TXN005195,16.19,20,Food,Web,Mumbai,0,2332,0,0
TXN005196,88.73,9,Entertainment,iOS,Bangalore,1,2161,0,0
TXN005197,510.47,3,Entertainment,iOS,Hyderabad,0,1049,0,0
TXN005198,99.06,8,Shopping,Android,Mumbai,1,2173,0,0
TXN005199,53.75,11,Other,Web,Delhi,1,151,0,0
TXN005200,450.7,9,Food,Android,Mumbai,0,255,0,0
TXN005201,99.79,13,Shopping,iOS,Chennai,1,58,0,0
TXN005202,80.46,4,Bills,Android,Delhi,0,617,0,0
TXN005203,177.57,0,Food,iOS,Hyderabad,0,1377,0,0
TXN005204,374.24,4,Other,iOS,Pune,1,63,1,0
TXN005205,2586.49,15,Entertainment,Android,Bangalore,0,1358,0,1
TXN005206,400.49,4,Entertainment,iOS,Delhi,1,1104,0,0
TXN005207,596.93,4,Shopping,Android,Mumbai,0,1574,0,0
TXN005208,80.87,17,Shopping,Web,Bangalore,0,2210,0,0
TXN005209,43.33,5,Bills,Web,Pune,1,557,0,0
TXN005210,159.94,20,Bills,Android,Pune,0,2261,0,0
TXN005211,168.78,17,Other,Android,Bangalore,0,925,0,0
TXN005212,40.68,9,Entertainment,iOS,Bangalore,0,1447,0,0
TXN005213,120.26,14,Travel,Android,Bangalore,1,1014,0,0
TXN005214,239.65,23,Bills,Android,Hyderabad,1,1556,0,0
TXN005215,228.71,21,Entertainment,Android,Hyderabad,0,633,0,0
TXN005216,271.82,10,Bills,Android,Hyderabad,0,832,0,0
TXN005217,210.43,18,Food,Android,Mumbai,0,1115,0,0
TXN005218,80.77,12,Shopping,Android,Hyderabad,0,2110,0,0
TXN005219,80.1,19,Entertainment,Android,Bangalore,0,522,0,0
TXN005220,35.21,2,Bills,iOS,Delhi,0,172,0,0
TXN005221,1263.61,15,Shopping,iOS,Delhi,1,1415,0,1
TXN005222,150.83,6,Travel,Android,Pune,0,152,0,0
TXN005223,113.32,11,Bills,iOS,Delhi,0,1551,0,0
TXN005224,48.69,14,Entertainment,iOS,Delhi,0,1168,0,0
TXN005225,5028.06,7,Food,Android,Delhi,1,1938,0,1
TXN005226,40.94,22,Shopping,iOS,Pune,0,1410,0,0
TXN005227,88.71,16,Shopping,iOS,Chennai,0,1447,0,0
TXN005228,244.45,0,Food,Android,Delhi,0,2669,0,0
TXN005229,304.98,20,Entertainment,Android,Delhi,0,1969,0,0
TXN005230,468.49,7,Other,Android,Delhi,0,783,0,0
TXN005231,1298.71,13,Travel,iOS,Pune,0,2442,0,1
TXN005232,272.43,9,Other,Android,Mumbai,1,293,1,0
TXN005233,41.79,18,Food,Web,Chennai,1,2071,0,0
TXN005234,109.03,7,Travel,iOS,Delhi,1,117,0,0
TXN005235,214.73,18,Entertainment,Android,Pune,0,2537,0,0
TXN005236,1775.56,3,Bills,Android,Pune,0,1290,1,1
TXN005237,27.73,9,Bills,Android,Hyderabad,0,1563,0,0
TXN005238,628.35,22,Other,Android,Mumbai,0,1624,0,0
TXN005239,184.18,2,Entertainment,Android,Pune,0,1625,1,0
TXN005240,405.61,3,Travel,iOS,Pune,0,2409,0,0
TXN005241,131.32,15,Other,iOS,Chennai,0,2965,0,0
TXN005242,54.01,23,Food,Android,Hyderabad,0,1089,0,0
TXN005243,365.42,3,Other,iOS,Hyderabad,0,128,0,0
TXN005244,325.49,19,Entertainment,Android,Mumbai,0,170,0,0
TXN005245,476.5,19,Entertainment,Android,Pune,0,523,0,0
TXN005246,146.06,12,Bills,iOS,Hyderabad,1,1765,0,0
TXN005247,72.26,20,Food,Android,Bangalore,0,1320,0,0
TXN005248,22.86,16,Bills,iOS,Mumbai,0,2085,0,0
TXN005249,396.73,22,Travel,Web,Mumbai,0,1627,0,0
TXN005250,246.82,15,Travel,iOS,Bangalore,0,1454,0,0
TXN005251,46.57,16,Shopping,Android,Mumbai,2,2922,0,0
TXN005252,77.77,5,Entertainment,Android,Hyderabad,1,1962,0,0
TXN005253,84.77,2,Food,Android,Hyderabad,0,883,0,0
TXN005254,25.04,19,Food,iOS,Hyderabad,1,1225,0,0
TXN005255,55.63,23,Bills,iOS,Bangalore,1,1623,0,0
TXN005256,38.07,3,Other,iOS,Hyderabad,0,885,0,0
TXN005257,90.47,7,Other,iOS,Bangalore,0,2491,0,0
TXN005258,61.16,19,Bills,iOS,Bangalore,0,938,1,0
TXN005259,21.06,8,Other,iOS,Bangalore,1,2440,0,0
TXN005260,1680.94,21,Food,Android,Mumbai,1,2453,0,1
TXN005261,667.17,0,Bills,iOS,Chennai,1,1873,0,0
TXN005262,58.28,12,Other,iOS,Pune,0,1380,0,0
TXN005263,205.8,1,Shopping,Android,Bangalore,1,2003,0,0
TXN005264,244.93,22,Entertainment,Web,Hyderabad,0,307,0,0
TXN005265,619.74,9,Shopping,Web,Bangalore,0,533,0,0
TXN005266,55.57,22,Other,iOS,Pune,1,1787,0,0
TXN005267,550.34,18,Travel,iOS,Delhi,0,108,0,0
TXN005268,76.9,16,Food,Android,Mumbai,0,2005,0,0
TXN005269,29.87,23,Shopping,Android,Hyderabad,0,729,0,0
TXN005270,353.88,12,Shopping,Android,Mumbai,1,689,0,0
TXN005271,698.48,13,Bills,Android,Mumbai,0,124,0,0
TXN005272,3312.61,10,Bills,Android,Delhi,0,1680,1,1
TXN005273,35.17,9,Bills,Android,Bangalore,0,2530,0,0
TXN005274,343.33,6,Other,iOS,Hyderabad,1,2711,0,0
TXN005275,90.76,9,Travel,Android,Chennai,1,706,1,0
TXN005276,379.95,23,Shopping,Android,Mumbai,0,251,0,0
TXN005277,25.42,0,Entertainment,Android,Pune,0,1988,0,0
TXN005278,32.61,13,Bills,Android,Chennai,2,800,0,0
TXN005279,58.5,2,Travel,Android,Chennai,0,2664,0,0
TXN005280,163.16,12,Other,Android,Bangalore,1,2023,0,0
TXN005281,68.77,1,Travel,Android,Chennai,0,763,0,0
TXN005282,327.3,16,Bills,Android,Hyderabad,0,1275,0,0
TXN005283,508.91,20,Food,Android,Bangalore,0,2682,1,0
TXN005284,304.75,2,Shopping,Web,Pune,0,1603,0,0
TXN005285,1035.4,14,Bills,Android,Chennai,1,2507,0,1
TXN005286,244.45,7,Entertainment,iOS,Bangalore,1,150,1,0
TXN005287,34.46,5,Shopping,Android,Hyderabad,0,1087,0,0
TXN005288,762.08,8,Travel,Android,Mumbai,0,159,0,1
TXN005289,71.79,10,Entertainment,Android,Delhi,0,1621,0,0
TXN005290,442.53,21,Shopping,Web,Bangalore,0,2689,0,0
TXN005291,980.91,1,Entertainment,Android,Pune,1,2961,0,1
TXN005292,256.73,8,Travel,iOS,Delhi,0,2245,0,0
TXN005293,24.65,17,Bills,iOS,Mumbai,0,2283,0,0
TXN005294,49.31,18,Entertainment,Android,Pune,0,823,0,0
TXN005295,725.81,21,Bills,Web,Hyderabad,0,2152,0,0
TXN005296,121.15,17,Travel,Android,Pune,1,662,0,0
TXN005297,163.28,4,Travel,Android,Mumbai,0,1664,0,0
TXN005298,368.92,17,Entertainment,Android,Delhi,1,2152,0,0
TXN005299,342.27,11,Entertainment,Android,Hyderabad,0,166,0,0
TXN005300,207.38,3,Travel,Android,Pune,0,2995,1,0
TXN005301,115.54,14,Entertainment,iOS,Chennai,0,2338,1,0
TXN005302,101.98,10,Entertainment,Android,Chennai,1,1941,0,0
TXN005303,415.5,18,Entertainment,iOS,Bangalore,0,2687,0,0
TXN005304,288.38,4,Other,Android,Chennai,0,827,0,0
TXN005305,108.99,5,Entertainment,Web,Pune,0,2663,0,0
TXN005306,543.77,12,Shopping,Android,Delhi,0,1597,0,0
TXN005307,127.12,22,Travel,iOS,Chennai,1,245,0,0
TXN005308,53.41,9,Travel,iOS,Bangalore,0,814,0,0
TXN005309,59.69,23,Food,Android,Hyderabad,0,393,0,0
TXN005310,45.86,13,Bills,Android,Chennai,0,2144,0,0
TXN005311,107.03,3,Food,Android,Bangalore,0,260,1,0
TXN005312,652.28,19,Entertainment,Android,Chennai,1,412,0,0
TXN005313,56.48,22,Entertainment,Android,Chennai,0,264,0,0
TXN005314,186.08,11,Shopping,iOS,Pune,0,2231,0,0
TXN005315,67.49,14,Shopping,Android,Delhi,0,1090,0,0
TXN005316,108.6,9,Shopping,Android,Bangalore,0,1366,0,0
TXN005317,24.24,10,Shopping,Android,Bangalore,1,41,0,0
TXN005318,113.9,8,Shopping,iOS,Mumbai,0,2251,0,0
TXN005319,117.63,10,Shopping,Android,Mumbai,0,2232,0,0
TXN005320,283.82,1,Shopping,Android,Bangalore,0,2923,0,0
TXN005321,194.02,12,Shopping,Android,Pune,0,548,0,0
TXN005322,35.23,21,Other,Android,Delhi,0,1031,0,0
TXN005323,545.14,7,Shopping,iOS,Chennai,0,265,0,0
TXN005324,191.02,20,Travel,iOS,Hyderabad,1,1091,0,0
TXN005325,188.31,20,Shopping,iOS,Pune,2,1997,0,0
TXN005326,146.79,7,Bills,iOS,Chennai,0,327,0,0
TXN005327,79.73,0,Shopping,Web,Hyderabad,1,1297,1,0
TXN005328,192.74,5,Other,Android,Delhi,0,2200,0,0
TXN005329,262.62,12,Entertainment,Android,Mumbai,0,1545,0,0
TXN005330,18.24,8,Other,Android,Bangalore,0,2375,0,0
TXN005331,77.75,5,Other,Android,Delhi,0,2835,0,0
TXN005332,109.3,14,Entertainment,Android,Hyderabad,0,2007,0,0
TXN005333,201.83,22,Shopping,Android,Pune,1,2952,0,0
TXN005334,621.4,15,Shopping,Android,Bangalore,1,1094,0,0
TXN005335,58.79,3,Entertainment,Android,Hyderabad,0,1318,0,0
TXN005336,81.65,16,Bills,iOS,Chennai,1,1279,0,0
TXN005337,80.23,8,Food,Web,Chennai,1,1227,0,0
TXN005338,56.72,11,Travel,Android,Pune,0,2415,0,0
TXN005339,97.84,21,Entertainment,iOS,Chennai,0,1747,0,0
TXN005340,374.26,18,Shopping,iOS,Bangalore,1,1658,0,0
TXN005341,41.9,19,Travel,Web,Mumbai,0,150,0,0
TXN005342,247.99,11,Shopping,Android,Mumbai,0,2858,0,0
TXN005343,19.25,21,Food,iOS,Hyderabad,1,2931,0,0
TXN005344,75.67,5,Food,Android,Mumbai,0,1581,0,0
TXN005345,99.94,11,Entertainment,iOS,Mumbai,0,573,1,0
TXN005346,1107.47,8,Travel,iOS,Hyderabad,0,453,0,1
TXN005347,106.72,19,Other,iOS,Hyderabad,0,1939,0,0
TXN005348,10.58,4,Travel,Android,Hyderabad,0,1023,0,0
TXN005349,13.48,20,Other,iOS,Bangalore,1,1740,0,0
TXN005350,154.6,2,Food,Android,Hyderabad,1,910,0,0
TXN005351,309.99,1,Shopping,Android,Bangalore,0,1561,0,0
TXN005352,232.89,7,Other,Android,Bangalore,0,2403,0,0
TXN005353,181.47,9,Other,iOS,Bangalore,0,320,0,0
TXN005354,598.67,14,Entertainment,Web,Hyderabad,0,360,0,0
TXN005355,77.67,8,Bills,iOS,Mumbai,1,1602,0,0
TXN005356,434.37,9,Food,Android,Pune,0,1587,1,0
TXN005357,20.94,10,Other,Android,Pune,1,1962,0,0
TXN005358,50.1,8,Food,Android,Mumbai,0,941,0,0
TXN005359,16.97,13,Entertainment,Android,Hyderabad,0,1651,1,0
TXN005360,106.72,4,Shopping,Android,Mumbai,0,345,0,0
TXN005361,140.4,8,Travel,Android,Hyderabad,1,1095,0,0
TXN005362,170.19,3,Food,Android,Bangalore,0,1780,1,0
TXN005363,159.85,1,Entertainment,iOS,Chennai,1,2749,0,0
TXN005364,48.76,18,Entertainment,iOS,Delhi,1,2356,0,0
TXN005365,118.12,0,Entertainment,iOS,Pune,1,2237,0,0
TXN005366,24.61,20,Travel,Android,Hyderabad,0,2947,0,0
TXN005367,761.95,0,Food,Android,Bangalore,0,185,0,1
TXN005368,103.09,11,Other,Android,Chennai,0,958,0,0
TXN005369,82.54,10,Entertainment,Android,Bangalore,0,2821,0,0
TXN005370,998.97,0,Travel,iOS,Delhi,0,2065,1,1
TXN005371,33.43,13,Shopping,Android,Pune,1,1390,0,0
TXN005372,38.45,10,Bills,iOS,Mumbai,1,2759,0,0
TXN005373,39.83,6,Food,Web,Mumbai,2,2362,0,0
TXN005374,136.8,1,Travel,Android,Bangalore,2,2832,0,0
TXN005375,249.13,14,Bills,Android,Delhi,1,2435,0,0
TXN005376,360.54,7,Bills,Web,Bangalore,0,1727,0,0
TXN005377,3249.95,21,Travel,iOS,Mumbai,0,2703,0,1
TXN005378,9.98,19,Other,iOS,Bangalore,0,907,0,0
TXN005379,308.12,14,Other,iOS,Chennai,0,1475,0,0
TXN005380,76.05,7,Travel,Android,Delhi,3,2345,0,0
TXN005381,73.43,9,Travel,Android,Mumbai,1,946,0,0
TXN005382,70.55,18,Entertainment,Android,Pune,1,1144,0,0
TXN005383,49.87,2,Shopping,Android,Pune,1,1349,0,0
TXN005384,1120.39,19,Other,Android,Bangalore,3,386,0,1
TXN005385,407.79,13,Entertainment,Android,Delhi,1,1975,1,0
TXN005386,152.6,8,Bills,iOS,Bangalore,0,347,0,0
TXN005387,750.86,8,Bills,iOS,Mumbai,0,1890,0,1
TXN005388,24.17,20,Bills,Android,Delhi,0,1931,0,0
TXN005389,30.06,5,Travel,Android,Mumbai,1,1370,0,0
TXN005390,10.87,7,Food,iOS,Chennai,1,2929,0,0
TXN005391,64.12,10,Entertainment,Android,Chennai,0,1049,0,0
TXN005392,180.19,7,Food,iOS,Pune,1,2379,0,0
TXN005393,167.91,11,Shopping,iOS,Hyderabad,0,613,0,0
TXN005394,177.54,9,Shopping,Android,Delhi,1,2696,0,0
TXN005395,27.3,22,Entertainment,Android,Chennai,0,1017,0,0
TXN005396,389.08,3,Bills,iOS,Hyderabad,1,1466,0,0
TXN005397,197.86,15,Other,Android,Pune,0,1103,0,0
TXN005398,357.69,19,Shopping,Android,Delhi,0,390,0,0
TXN005399,15.31,5,Food,Android,Mumbai,0,543,0,0
TXN005400,215.68,8,Food,Web,Bangalore,0,899,1,0
TXN005401,35.68,22,Other,Android,Bangalore,0,2292,0,0
TXN005402,92.13,4,Travel,Web,Mumbai,0,2215,0,0
TXN005403,281.81,20,Bills,Android,Chennai,0,906,0,0
TXN005404,165.56,23,Travel,Android,Bangalore,1,889,0,0
TXN005405,53.42,5,Entertainment,iOS,Mumbai,0,1849,0,0
TXN005406,149.53,16,Shopping,Android,Hyderabad,1,2461,0,0
TXN005407,23.62,16,Other,Android,Hyderabad,1,508,0,0
TXN005408,590.12,23,Other,Android,Mumbai,0,31,0,0
TXN005409,116.01,21,Other,Android,Delhi,0,1722,0,0
TXN005410,568.08,12,Travel,Android,Chennai,0,849,0,0
TXN005411,78.9,16,Travel,iOS,Chennai,2,2219,0,0
TXN005412,79.18,13,Entertainment,iOS,Mumbai,0,2105,1,0
TXN005413,59.32,1,Food,Web,Bangalore,0,2334,0,0
TXN005414,424.71,18,Food,iOS,Pune,1,1865,0,0
TXN005415,63.35,2,Entertainment,iOS,Chennai,0,1901,0,0
TXN005416,321.67,1,Other,iOS,Chennai,0,1026,0,0
TXN005417,93.79,1,Food,iOS,Hyderabad,0,1259,0,0
TXN005418,13.86,21,Entertainment,Android,Hyderabad,0,814,0,0
TXN005419,74.86,6,Food,Android,Hyderabad,0,467,0,0
TXN005420,36.06,3,Entertainment,iOS,Pune,2,1324,0,0
TXN005421,154.58,16,Food,Android,Chennai,0,1613,0,0
TXN005422,35.57,5,Other,Web,Chennai,0,508,1,0
TXN005423,450.87,6,Travel,Android,Pune,0,1230,0,0
TXN005424,133.05,19,Travel,Android,Chennai,0,449,1,0
TXN005425,119.93,5,Other,iOS,Bangalore,0,811,1,0
TXN005426,326.06,8,Food,Android,Bangalore,0,504,0,0
TXN005427,471.86,19,Other,Web,Bangalore,0,897,0,0
TXN005428,144.88,3,Entertainment,Web,Delhi,0,2323,0,0
TXN005429,58.82,4,Travel,iOS,Chennai,0,1435,0,0
TXN005430,17.66,18,Shopping,Android,Pune,0,1528,0,0
TXN005431,65.15,9,Food,Android,Chennai,0,1587,0,0
TXN005432,70.76,17,Shopping,Android,Pune,0,563,0,0
TXN005433,168.76,14,Shopping,iOS,Mumbai,0,1985,0,0
TXN005434,98.08,0,Bills,Android,Mumbai,0,765,0,0
TXN005435,338.84,4,Shopping,Android,Delhi,0,376,0,0
TXN005436,71.12,4,Shopping,Android,Mumbai,1,1252,0,0
TXN005437,138.59,7,Other,Android,Bangalore,0,1389,0,0
TXN005438,614.49,21,Bills,iOS,Delhi,0,2307,0,0
TXN005439,223.67,21,Bills,Android,Delhi,0,738,0,0
TXN005440,138.1,21,Bills,Android,Delhi,0,1287,0,0
TXN005441,72.07,19,Entertainment,iOS,Hyderabad,0,1051,0,0
TXN005442,69.42,14,Bills,iOS,Mumbai,2,832,0,0
TXN005443,53.48,16,Other,iOS,Chennai,1,1830,1,0
TXN005444,77.54,18,Entertainment,iOS,Hyderabad,1,2234,1,0
TXN005445,367.53,12,Food,Android,Pune,0,1789,0,0
TXN005446,113.72,21,Entertainment,Android,Bangalore,0,2279,0,0
TXN005447,29.38,20,Food,Web,Hyderabad,0,2166,0,0
TXN005448,1238.68,9,Bills,Web,Bangalore,0,1368,0,1
TXN005449,217.88,16,Bills,iOS,Chennai,0,199,0,0
TXN005450,27.43,4,Food,iOS,Chennai,0,1347,0,0
TXN005451,87.34,17,Travel,Web,Mumbai,0,2585,0,0
TXN005452,169.54,16,Other,Android,Pune,1,2566,0,0
TXN005453,1147.69,3,Entertainment,Android,Hyderabad,0,329,0,1
TXN005454,39.26,21,Other,iOS,Chennai,0,106,0,0
TXN005455,478.78,6,Other,Web,Bangalore,1,217,1,0
TXN005456,795.83,4,Shopping,iOS,Chennai,0,792,0,1
TXN005457,69.8,7,Bills,iOS,Mumbai,1,929,0,0
TXN005458,106.38,7,Entertainment,Android,Bangalore,0,2720,0,0
TXN005459,42.8,10,Other,Android,Delhi,0,2555,0,0
TXN005460,116.26,8,Entertainment,Android,Pune,0,1090,0,0
TXN005461,142.04,18,Other,Web,Mumbai,0,47,0,0
TXN005462,327.53,18,Bills,Android,Mumbai,1,1920,0,0
TXN005463,549.07,8,Other,Android,Delhi,0,1606,0,0
TXN005464,60.48,22,Food,Web,Pune,1,2937,0,0
TXN005465,14.0,19,Bills,Android,Chennai,0,963,0,0
TXN005466,144.68,16,Entertainment,iOS,Mumbai,0,1391,0,0
TXN005467,211.08,15,Travel,Android,Delhi,1,2149,0,0
TXN005468,200.2,6,Other,Android,Pune,0,1705,0,0
TXN005469,100.28,21,Food,iOS,Delhi,0,1979,1,0
TXN005470,172.38,2,Bills,Web,Pune,0,1779,0,0
TXN005471,914.64,20,Shopping,Android,Mumbai,0,1571,0,1
TXN005472,234.65,18,Bills,iOS,Hyderabad,0,1498,0,0
TXN005473,94.82,7,Entertainment,Android,Mumbai,0,1531,0,0
TXN005474,81.43,4,Entertainment,Android,Pune,1,2533,0,0
TXN005475,121.05,5,Shopping,Android,Hyderabad,0,1052,0,0
TXN005476,1057.95,1,Food,iOS,Chennai,0,148,1,1
TXN005477,119.11,23,Entertainment,Android,Delhi,1,1501,0,0
TXN005478,144.93,18,Food,Android,Bangalore,0,506,0,0
TXN005479,83.2,12,Food,iOS,Mumbai,2,610,0,0
TXN005480,554.9,5,Bills,Android,Bangalore,0,936,0,0
TXN005481,1559.01,5,Food,Android,Chennai,1,2990,0,1
TXN005482,254.87,1,Other,Android,Mumbai,2,2353,0,0
TXN005483,163.91,23,Entertainment,iOS,Bangalore,1,1916,0,0
TXN005484,155.11,4,Entertainment,Android,Chennai,1,121,0,0
TXN005485,8.49,10,Travel,iOS,Hyderabad,0,1718,0,0
TXN005486,362.92,10,Food,Android,Chennai,1,2445,0,0
TXN005487,174.34,23,Travel,Android,Mumbai,1,2607,0,0
TXN005488,248.14,13,Bills,iOS,Pune,0,2570,0,0
TXN005489,63.2,12,Travel,Android,Pune,0,954,0,0
TXN005490,93.56,7,Food,Web,Pune,1,1600,1,0
TXN005491,90.63,14,Entertainment,Android,Mumbai,1,131,0,0
TXN005492,505.7,11,Bills,Android,Mumbai,0,300,0,0
TXN005493,94.21,2,Food,Android,Chennai,1,2384,0,0
TXN005494,1806.58,20,Bills,Android,Mumbai,0,2464,0,1
TXN005495,248.9,22,Shopping,Android,Chennai,1,2354,0,0
TXN005496,32.11,4,Food,Android,Pune,1,986,0,0
TXN005497,127.2,5,Shopping,Android,Delhi,0,288,0,0
TXN005498,67.9,1,Travel,Android,Delhi,1,975,0,0
TXN005499,10.66,7,Food,Android,Delhi,1,549,0,0
TXN005500,1011.68,4,Shopping,Android,Bangalore,2,1485,0,1
TXN005501,345.08,21,Other,Android,Delhi,0,800,0,0
TXN005502,281.42,16,Entertainment,Android,Delhi,0,488,0,0
TXN005503,181.0,1,Travel,iOS,Chennai,0,909,1,0
TXN005504,28.26,10,Food,iOS,Chennai,1,1705,0,0
TXN005505,83.07,3,Food,iOS,Pune,1,560,0,0
TXN005506,407.54,10,Entertainment,Android,Mumbai,0,1138,0,0
TXN005507,42.04,8,Entertainment,Android,Mumbai,0,264,0,0
TXN005508,7.11,5,Shopping,Android,Mumbai,0,1851,0,0
TXN005509,113.01,23,Shopping,iOS,Pune,0,2927,0,0
TXN005510,125.2,1,Shopping,Android,Chennai,1,419,0,0
TXN005511,174.63,14,Bills,Android,Chennai,0,1182,0,0
TXN005512,355.75,4,Travel,Android,Delhi,0,1446,0,0
TXN005513,318.98,11,Food,Web,Hyderabad,2,2541,0,0
TXN005514,202.46,12,Travel,iOS,Chennai,1,2618,0,0
TXN005515,623.06,16,Entertainment,Android,Pune,0,1883,0,0
TXN005516,23.98,3,Other,Android,Hyderabad,1,2106,0,0
TXN005517,271.92,9,Travel,iOS,Chennai,1,2210,0,0
TXN005518,314.77,0,Travel,Android,Pune,0,1776,1,0
TXN005519,33.53,10,Shopping,Android,Chennai,1,563,0,0
TXN005520,24.45,15,Entertainment,iOS,Bangalore,0,2725,0,0
TXN005521,60.63,10,Travel,Android,Hyderabad,2,1936,0,0
TXN005522,67.1,8,Food,Android,Bangalore,1,2159,0,0
TXN005523,366.54,1,Shopping,Android,Delhi,0,2953,0,0
TXN005524,70.99,6,Travel,Web,Bangalore,1,1633,0,0
TXN005525,53.11,18,Entertainment,Android,Bangalore,2,1605,0,0
TXN005526,71.24,17,Other,iOS,Pune,0,1144,0,0
TXN005527,568.13,19,Food,iOS,Delhi,1,2741,0,0
TXN005528,150.75,6,Other,Web,Hyderabad,0,1129,0,0
TXN005529,119.69,22,Entertainment,Web,Mumbai,1,1288,1,0
TXN005530,130.06,8,Entertainment,Android,Chennai,0,1706,0,0
TXN005531,699.57,11,Entertainment,Android,Pune,0,2565,0,0
TXN005532,60.4,2,Other,iOS,Hyderabad,1,2511,0,0
TXN005533,719.54,22,Bills,iOS,Delhi,0,2506,0,0
TXN005534,191.06,21,Food,Android,Bangalore,0,1953,0,0
TXN005535,122.42,15,Entertainment,iOS,Mumbai,0,1500,0,0
TXN005536,2984.18,6,Bills,Android,Bangalore,0,606,0,1
TXN005537,41.81,22,Shopping,Android,Chennai,1,1208,0,0
TXN005538,97.08,4,Bills,iOS,Delhi,1,2524,0,0
TXN005539,33.82,22,Shopping,Android,Mumbai,0,1927,1,0
TXN005540,465.43,6,Other,Android,Hyderabad,1,168,0,0
TXN005541,1126.68,18,Bills,Web,Hyderabad,0,1284,0,1
TXN005542,1100.93,16,Other,iOS,Delhi,1,2119,0,1
TXN005543,644.67,15,Entertainment,Web,Delhi,0,2313,0,0
TXN005544,117.08,20,Bills,iOS,Pune,0,1522,0,0
TXN005545,95.75,23,Bills,iOS,Bangalore,0,1651,0,0
TXN005546,19.98,20,Entertainment,iOS,Mumbai,0,2425,0,0
TXN005547,1707.95,18,Shopping,Android,Chennai,1,2275,0,1
TXN005548,260.54,17,Entertainment,Android,Delhi,0,2139,0,0
TXN005549,82.24,18,Food,Android,Mumbai,1,1441,0,0
TXN005550,730.46,3,Bills,Web,Pune,0,1335,1,0
TXN005551,46.19,0,Food,Android,Delhi,0,402,0,0
TXN005552,241.76,3,Entertainment,Android,Delhi,0,851,0,0
TXN005553,120.64,3,Other,iOS,Hyderabad,0,2488,0,0
TXN005554,319.39,8,Entertainment,Android,Mumbai,0,2756,0,0
TXN005555,137.51,7,Travel,Android,Hyderabad,1,1266,0,0
TXN005556,26.02,1,Food,Android,Pune,1,250,0,0
TXN005557,162.5,22,Travel,iOS,Hyderabad,0,1663,0,0
TXN005558,522.51,5,Food,Android,Pune,0,2652,0,0
TXN005559,143.3,22,Other,Android,Mumbai,0,1016,0,0
TXN005560,376.21,10,Travel,Android,Pune,0,583,0,0
TXN005561,42.32,3,Travel,Android,Pune,2,2838,0,0
TXN005562,143.81,13,Food,Android,Hyderabad,0,139,0,0
TXN005563,70.15,20,Entertainment,Web,Bangalore,0,2274,0,0
TXN005564,363.72,21,Shopping,Android,Chennai,1,2961,0,0
TXN005565,154.13,8,Entertainment,Android,Chennai,0,1775,0,0
TXN005566,339.71,1,Shopping,Web,Bangalore,0,978,0,0
TXN005567,547.44,0,Food,iOS,Delhi,0,2461,0,0
TXN005568,340.34,3,Bills,Android,Hyderabad,0,482,1,0
TXN005569,205.97,11,Entertainment,Android,Chennai,1,136,1,0
TXN005570,44.8,4,Travel,iOS,Mumbai,0,34,1,0
TXN005571,147.92,8,Entertainment,Android,Pune,1,1197,0,0
TXN005572,78.28,21,Food,iOS,Pune,1,166,0,0
TXN005573,98.21,3,Bills,Android,Delhi,0,822,0,0
TXN005574,94.69,15,Bills,Android,Chennai,0,2243,0,0
TXN005575,45.79,1,Entertainment,iOS,Hyderabad,0,1701,0,0
TXN005576,14.17,15,Entertainment,Android,Chennai,0,1693,0,0
TXN005577,66.57,15,Other,Android,Hyderabad,0,444,0,0
TXN005578,187.18,20,Entertainment,iOS,Delhi,0,2457,0,0
TXN005579,29.44,23,Food,Android,Pune,1,226,0,0
TXN005580,151.23,23,Shopping,Android,Bangalore,0,1549,0,0
TXN005581,1451.46,21,Other,iOS,Pune,0,625,1,1
TXN005582,506.57,10,Shopping,iOS,Hyderabad,1,1555,0,0
TXN005583,1066.62,0,Travel,Android,Hyderabad,0,2229,1,1
TXN005584,237.31,14,Food,iOS,Delhi,0,730,0,0
TXN005585,602.45,23,Other,Android,Delhi,2,752,0,0
TXN005586,62.26,3,Bills,iOS,Mumbai,1,2105,0,0
TXN005587,68.5,17,Other,iOS,Pune,0,123,0,0
TXN005588,5.55,16,Travel,iOS,Pune,1,2924,0,0
TXN005589,616.08,6,Bills,iOS,Delhi,0,143,0,0
TXN005590,942.36,17,Other,Android,Chennai,0,870,0,1
TXN005591,76.42,12,Bills,Android,Hyderabad,1,1177,0,0
TXN005592,109.43,19,Entertainment,Android,Bangalore,0,1604,0,0
TXN005593,60.06,19,Bills,Android,Delhi,0,1980,0,0
TXN005594,234.91,9,Other,Android,Hyderabad,0,2334,0,0
TXN005595,572.45,0,Bills,Web,Bangalore,0,42,1,0
TXN005596,18.33,1,Food,iOS,Mumbai,1,769,0,0
TXN005597,242.58,16,Entertainment,Android,Chennai,0,2631,0,0
TXN005598,106.48,21,Entertainment,iOS,Mumbai,1,1238,0,0
TXN005599,170.05,2,Travel,iOS,Delhi,0,2112,0,0
TXN005600,257.44,16,Entertainment,Android,Chennai,0,2626,0,0
TXN005601,118.41,11,Shopping,Android,Mumbai,1,279,0,0
TXN005602,131.07,23,Food,Android,Hyderabad,0,1692,0,0
TXN005603,114.82,11,Travel,Android,Delhi,0,276,0,0
TXN005604,475.51,19,Shopping,iOS,Pune,0,1716,0,0
TXN005605,245.31,9,Bills,Web,Mumbai,0,2902,0,0
TXN005606,193.39,6,Shopping,Android,Chennai,1,1356,0,0
TXN005607,32.29,9,Travel,iOS,Chennai,0,157,0,0
TXN005608,94.23,17,Entertainment,Android,Pune,1,2017,0,0
TXN005609,436.33,21,Food,iOS,Bangalore,1,1402,0,0
TXN005610,155.28,5,Travel,iOS,Chennai,0,2711,0,0
TXN005611,327.48,6,Shopping,Android,Chennai,0,2451,0,0
TXN005612,1236.22,16,Shopping,iOS,Delhi,0,1286,0,1
TXN005613,516.11,11,Travel,Android,Chennai,0,952,0,0
TXN005614,165.97,16,Other,Android,Bangalore,0,2671,0,0
TXN005615,80.38,17,Other,iOS,Chennai,0,93,0,0
TXN005616,6.93,13,Travel,Android,Bangalore,0,1059,0,0
TXN005617,121.26,10,Other,Android,Hyderabad,0,2876,0,0
TXN005618,100.36,1,Travel,iOS,Bangalore,0,1257,0,0
TXN005619,237.09,20,Entertainment,Android,Delhi,0,1561,0,0
TXN005620,123.39,0,Travel,Android,Mumbai,0,2676,0,0
TXN005621,101.04,10,Bills,Android,Pune,0,186,0,0
TXN005622,17.54,1,Food,Android,Mumbai,0,416,0,0
TXN005623,48.04,15,Food,Android,Hyderabad,0,900,0,0
TXN005624,262.95,21,Bills,Android,Delhi,0,1273,0,0
TXN005625,1163.39,2,Shopping,iOS,Hyderabad,0,1263,0,1
TXN005626,132.02,19,Shopping,Web,Hyderabad,2,2225,1,0
TXN005627,219.94,0,Shopping,Android,Chennai,0,2797,0,0
TXN005628,465.44,20,Shopping,Android,Chennai,0,1111,0,0
TXN005629,56.09,19,Entertainment,iOS,Delhi,0,2134,0,0
TXN005630,230.48,7,Bills,Web,Mumbai,1,100,0,0
TXN005631,61.03,18,Food,Android,Bangalore,2,526,0,0
TXN005632,418.97,0,Bills,iOS,Chennai,0,289,0,0
TXN005633,177.98,4,Food,Android,Delhi,0,1411,0,0
TXN005634,212.33,0,Shopping,Web,Delhi,0,1537,0,0
TXN005635,58.03,10,Entertainment,Android,Mumbai,0,1406,0,0
TXN005636,346.69,20,Travel,Web,Delhi,2,2782,1,0
TXN005637,1811.04,8,Travel,Android,Pune,1,1933,0,1
TXN005638,44.28,4,Other,Web,Delhi,0,458,0,0
TXN005639,98.72,1,Shopping,Android,Mumbai,0,171,0,0
TXN005640,195.96,12,Shopping,Android,Chennai,0,1686,0,0
TXN005641,381.34,17,Bills,iOS,Mumbai,0,1489,1,0
TXN005642,75.83,11,Entertainment,iOS,Hyderabad,0,2331,0,0
TXN005643,4.95,13,Entertainment,iOS,Chennai,0,1818,0,0
TXN005644,758.26,4,Bills,Android,Hyderabad,0,805,0,1
TXN005645,369.67,23,Entertainment,iOS,Delhi,0,345,0,0
TXN005646,18.33,9,Entertainment,Web,Hyderabad,0,1351,0,0
TXN005647,71.59,19,Travel,Android,Mumbai,0,1709,0,0
TXN005648,974.4,1,Entertainment,iOS,Mumbai,0,1220,0,1
TXN005649,843.33,3,Shopping,iOS,Bangalore,1,380,0,1
TXN005650,457.77,11,Travel,iOS,Pune,1,2119,0,0
TXN005651,120.14,10,Shopping,iOS,Delhi,0,431,0,0
TXN005652,163.95,3,Shopping,iOS,Mumbai,0,420,0,0
TXN005653,126.84,10,Bills,iOS,Chennai,1,2465,0,0
TXN005654,574.72,8,Other,iOS,Mumbai,0,1149,0,0
TXN005655,51.88,9,Entertainment,Web,Chennai,1,1511,0,0
TXN005656,56.43,5,Entertainment,iOS,Delhi,1,2255,0,0
TXN005657,498.86,14,Entertainment,iOS,Pune,0,2831,0,0
TXN005658,140.72,9,Entertainment,Android,Bangalore,1,2890,0,0
TXN005659,776.01,21,Travel,Android,Bangalore,1,2556,0,1
TXN005660,66.3,20,Food,iOS,Hyderabad,0,587,0,0
TXN005661,138.97,5,Shopping,iOS,Mumbai,0,2515,0,0
TXN005662,49.06,0,Other,Android,Delhi,1,1611,0,0
TXN005663,149.73,20,Other,Android,Hyderabad,0,1278,0,0
TXN005664,25.17,21,Food,Android,Delhi,0,2855,0,0
TXN005665,82.67,23,Food,iOS,Delhi,0,2187,1,0
TXN005666,26.48,19,Food,iOS,Hyderabad,0,1296,0,0
TXN005667,341.28,20,Travel,Web,Delhi,0,2596,0,0
TXN005668,350.69,3,Food,Android,Hyderabad,0,343,0,0
TXN005669,18.61,22,Travel,Android,Pune,1,2892,0,0
TXN005670,735.58,21,Bills,Android,Mumbai,1,889,0,1
TXN005671,2971.73,13,Bills,Android,Hyderabad,1,188,0,1
TXN005672,156.84,19,Other,iOS,Mumbai,0,1030,0,0
TXN005673,68.76,21,Bills,Android,Bangalore,1,2232,0,0
TXN005674,4399.28,19,Travel,Android,Hyderabad,0,423,0,1
TXN005675,30.49,7,Travel,Android,Pune,0,678,0,0
TXN005676,152.04,10,Shopping,Android,Bangalore,1,2949,0,0
TXN005677,184.11,14,Food,Android,Hyderabad,0,887,0,0
TXN005678,745.59,18,Entertainment,Android,Delhi,0,1615,0,1
TXN005679,228.53,7,Entertainment,Android,Bangalore,0,2178,0,0
TXN005680,81.58,12,Food,Android,Chennai,0,2655,0,0
TXN005681,47.4,17,Entertainment,Android,Chennai,3,988,0,0
TXN005682,98.48,21,Entertainment,iOS,Chennai,3,2831,0,0
TXN005683,44.33,23,Entertainment,Web,Bangalore,0,1712,0,0
TXN005684,157.18,16,Other,Android,Mumbai,0,1295,0,0
TXN005685,75.41,5,Travel,iOS,Hyderabad,0,1169,0,0
TXN005686,24.71,14,Travel,Web,Delhi,0,301,1,0
TXN005687,669.26,12,Travel,Android,Delhi,0,1697,0,0
TXN005688,81.68,17,Food,Android,Bangalore,1,1358,0,0
TXN005689,32.4,10,Bills,Android,Chennai,0,2057,0,0
TXN005690,121.28,12,Other,Android,Pune,0,2772,0,0
TXN005691,161.1,0,Other,iOS,Delhi,1,1769,0,0
TXN005692,18.25,17,Entertainment,Android,Pune,0,1297,0,0
TXN005693,220.96,4,Shopping,iOS,Pune,1,178,0,0
TXN005694,42.24,5,Travel,Android,Delhi,0,2716,0,0
TXN005695,1156.59,0,Other,Web,Mumbai,0,961,0,1
TXN005696,278.31,6,Other,Web,Delhi,1,2053,0,0
TXN005697,91.85,3,Shopping,Web,Delhi,0,1372,0,0
TXN005698,60.69,8,Entertainment,iOS,Hyderabad,2,327,0,0
TXN005699,130.85,14,Other,Android,Delhi,1,1998,0,0
TXN005700,309.62,5,Other,iOS,Hyderabad,0,2148,0,0
TXN005701,143.94,16,Bills,Android,Chennai,0,626,0,0
TXN005702,114.37,19,Shopping,iOS,Mumbai,0,2727,0,0
TXN005703,159.18,17,Entertainment,Android,Pune,0,306,0,0
TXN005704,71.91,21,Entertainment,Android,Delhi,1,1005,0,0
TXN005705,98.31,3,Travel,Web,Mumbai,0,2652,0,0
TXN005706,12.15,8,Bills,Android,Pune,0,118,0,0
TXN005707,477.46,13,Entertainment,Android,Mumbai,0,2154,0,0
TXN005708,212.42,2,Bills,Android,Pune,0,2196,1,0
TXN005709,58.67,0,Travel,iOS,Pune,3,2895,1,0
TXN005710,1448.79,10,Shopping,iOS,Mumbai,1,312,1,1
TXN005711,164.75,0,Other,iOS,Bangalore,0,258,0,0
TXN005712,42.8,11,Other,iOS,Hyderabad,0,1189,0,0
TXN005713,414.92,8,Food,Android,Pune,1,2491,0,0
TXN005714,239.29,4,Food,Android,Pune,0,152,0,0
TXN005715,238.29,14,Food,iOS,Pune,1,1764,0,0
TXN005716,89.04,17,Other,iOS,Pune,0,2107,0,0
TXN005717,254.83,8,Bills,Android,Mumbai,0,47,0,0
TXN005718,108.41,12,Food,Android,Pune,1,2100,0,0
TXN005719,289.2,12,Shopping,Android,Chennai,1,1091,0,0
TXN005720,15.09,23,Entertainment,Android,Delhi,1,2073,0,0
TXN005721,88.18,12,Bills,Android,Pune,0,1414,0,0
TXN005722,1172.14,9,Other,Android,Mumbai,0,1172,0,1
TXN005723,59.12,9,Shopping,Android,Pune,0,1851,0,0
TXN005724,71.91,21,Other,Android,Mumbai,3,2537,0,0
TXN005725,86.7,6,Bills,iOS,Pune,1,2151,0,0
TXN005726,34.54,21,Bills,iOS,Delhi,0,612,0,0
TXN005727,10.49,4,Bills,Android,Pune,1,302,0,0
TXN005728,112.54,19,Travel,Android,Chennai,0,1533,0,0
TXN005729,174.69,6,Entertainment,Web,Pune,0,2044,1,0
TXN005730,139.35,19,Food,Android,Pune,0,977,0,0
TXN005731,124.73,9,Travel,Web,Mumbai,0,1900,1,0
TXN005732,156.28,9,Entertainment,Android,Mumbai,1,2062,0,0
TXN005733,506.44,20,Other,iOS,Pune,0,2084,0,0
TXN005734,118.09,23,Food,Android,Chennai,0,2805,0,0
TXN005735,74.52,12,Travel,Android,Mumbai,0,530,0,0
TXN005736,105.92,14,Travel,Web,Chennai,0,1121,0,0
TXN005737,297.44,5,Shopping,Web,Mumbai,0,2507,0,0
TXN005738,807.9,19,Travel,Android,Delhi,0,2624,0,1
TXN005739,69.84,11,Bills,Web,Chennai,0,2106,0,0
TXN005740,167.12,18,Other,Android,Delhi,1,1409,0,0
TXN005741,222.75,10,Travel,iOS,Delhi,1,1957,0,0
TXN005742,45.1,5,Bills,Android,Mumbai,1,891,0,0
TXN005743,152.09,0,Entertainment,Android,Chennai,0,1914,0,0
TXN005744,25.56,1,Entertainment,iOS,Bangalore,0,479,0,0
TXN005745,17.76,22,Bills,Android,Delhi,0,1457,0,0
TXN005746,230.46,14,Shopping,Android,Delhi,0,654,0,0
TXN005747,93.63,3,Shopping,Android,Delhi,0,365,0,0
TXN005748,189.19,4,Entertainment,Android,Mumbai,1,1921,0,0
TXN005749,145.26,14,Other,iOS,Mumbai,3,930,0,0
TXN005750,45.99,10,Travel,Android,Delhi,0,422,1,0
TXN005751,140.57,9,Entertainment,iOS,Pune,0,2045,0,0
TXN005752,33.79,16,Entertainment,Android,Mumbai,0,2626,0,0
TXN005753,787.74,1,Bills,Android,Mumbai,0,2559,0,1
TXN005754,29.16,19,Shopping,Android,Mumbai,1,452,0,0
TXN005755,117.34,23,Other,iOS,Hyderabad,0,1628,0,0
TXN005756,42.49,9,Bills,Android,Chennai,0,276,0,0
TXN005757,294.27,19,Entertainment,Android,Mumbai,0,2629,0,0
TXN005758,99.71,2,Food,Android,Hyderabad,1,2141,1,0
TXN005759,79.65,18,Travel,iOS,Hyderabad,1,2812,0,0
TXN005760,413.16,4,Entertainment,Android,Mumbai,1,1175,0,0
TXN005761,153.75,2,Bills,iOS,Pune,0,672,0,0
TXN005762,275.88,7,Food,Android,Hyderabad,1,1864,0,0
TXN005763,45.71,4,Food,Android,Bangalore,0,1178,0,0
TXN005764,27.5,11,Entertainment,Android,Hyderabad,1,1876,0,0
TXN005765,168.79,13,Other,Android,Chennai,0,137,0,0
TXN005766,101.23,6,Shopping,Android,Hyderabad,0,2263,0,0
TXN005767,314.73,10,Food,Web,Mumbai,0,1514,0,0
TXN005768,134.84,7,Travel,Android,Pune,2,2692,0,0
TXN005769,189.82,4,Bills,Android,Delhi,1,48,1,0
TXN005770,21.16,7,Bills,Android,Bangalore,0,2989,0,0
TXN005771,1430.99,11,Bills,Android,Hyderabad,1,2171,0,1
TXN005772,121.86,14,Entertainment,Android,Pune,0,1408,0,0
TXN005773,342.79,18,Bills,iOS,Bangalore,2,1951,0,0
TXN005774,54.42,15,Bills,Android,Chennai,0,157,0,0
TXN005775,214.78,13,Travel,iOS,Hyderabad,0,2392,0,0
TXN005776,31.08,6,Shopping,Android,Hyderabad,0,2058,0,0
TXN005777,255.31,7,Other,Android,Bangalore,1,2459,0,0
TXN005778,96.82,6,Entertainment,Android,Hyderabad,2,1824,0,0
TXN005779,153.7,17,Entertainment,Android,Hyderabad,0,1975,0,0
TXN005780,342.94,23,Bills,Android,Delhi,1,1913,0,0
TXN005781,33.82,5,Travel,Android,Bangalore,0,1451,0,0
TXN005782,65.28,18,Food,Android,Mumbai,0,1681,0,0
TXN005783,256.93,3,Bills,iOS,Mumbai,0,2588,0,0
TXN005784,1840.63,22,Bills,Android,Chennai,1,2549,0,1
TXN005785,125.75,2,Entertainment,iOS,Delhi,1,1315,0,0
TXN005786,301.68,16,Entertainment,Android,Bangalore,1,790,0,0
TXN005787,130.53,21,Bills,iOS,Bangalore,1,731,0,0
TXN005788,1526.44,18,Entertainment,Android,Delhi,0,1532,0,1
TXN005789,18.23,14,Travel,Android,Delhi,0,2581,0,0
TXN005790,166.26,5,Food,Web,Chennai,0,762,0,0
TXN005791,21.1,11,Food,Android,Mumbai,1,2333,0,0
TXN005792,7.33,18,Food,iOS,Pune,0,2369,0,0
TXN005793,212.08,5,Bills,iOS,Bangalore,0,1194,0,0
TXN005794,175.46,10,Other,Android,Pune,1,2981,1,0
TXN005795,105.45,19,Bills,Web,Delhi,0,1342,0,0
TXN005796,130.66,19,Bills,iOS,Bangalore,0,2840,0,0
TXN005797,6111.69,9,Travel,iOS,Mumbai,0,886,0,1
TXN005798,108.87,15,Food,Web,Bangalore,0,173,0,0
TXN005799,273.73,17,Entertainment,Android,Pune,1,114,1,0
TXN005800,68.09,13,Entertainment,Android,Bangalore,0,2769,0,0
TXN005801,211.51,3,Shopping,iOS,Delhi,0,130,0,0
TXN005802,111.51,11,Shopping,Android,Delhi,1,234,0,0
TXN005803,90.68,19,Other,Android,Delhi,0,1855,0,0
TXN005804,1316.43,22,Entertainment,Android,Mumbai,1,2204,0,1
TXN005805,609.49,20,Food,Web,Hyderabad,3,2950,0,0
TXN005806,174.88,7,Bills,Android,Mumbai,0,336,0,0
TXN005807,9.35,6,Entertainment,iOS,Delhi,1,2337,0,0
TXN005808,96.23,8,Other,Android,Chennai,0,2254,0,0
TXN005809,3803.33,23,Other,Android,Bangalore,0,756,0,1
TXN005810,112.53,16,Entertainment,iOS,Bangalore,1,229,0,0
TXN005811,557.72,9,Shopping,Web,Pune,0,542,0,0
TXN005812,837.42,2,Food,Android,Bangalore,1,463,0,1
TXN005813,193.01,20,Entertainment,Android,Pune,0,2586,0,0
TXN005814,54.04,7,Bills,Android,Bangalore,0,1518,0,0
TXN005815,7.99,13,Bills,iOS,Chennai,0,1317,0,0
TXN005816,337.31,6,Travel,Android,Pune,0,608,1,0
TXN005817,55.83,15,Bills,Android,Delhi,1,1914,1,0
TXN005818,183.35,17,Entertainment,iOS,Hyderabad,1,147,0,0
TXN005819,33.12,10,Entertainment,Android,Bangalore,0,115,0,0
TXN005820,107.96,5,Bills,Android,Pune,1,264,0,0
TXN005821,154.54,19,Shopping,iOS,Hyderabad,0,351,0,0
TXN005822,204.86,20,Food,Web,Pune,0,2335,0,0
TXN005823,38.95,13,Other,Web,Mumbai,0,2094,0,0
TXN005824,624.09,20,Entertainment,Android,Mumbai,0,1638,0,0
TXN005825,72.51,12,Bills,Web,Bangalore,0,2750,0,0
TXN005826,19.9,3,Other,iOS,Delhi,0,2554,0,0
TXN005827,130.21,19,Bills,Android,Chennai,1,1786,0,0
TXN005828,154.66,19,Entertainment,iOS,Pune,0,723,0,0
TXN005829,179.96,10,Travel,Android,Bangalore,0,1417,0,0
TXN005830,760.94,17,Food,iOS,Mumbai,0,2696,0,1
TXN005831,111.75,0,Entertainment,iOS,Mumbai,1,2979,0,0
TXN005832,128.57,11,Other,iOS,Pune,2,977,0,0
TXN005833,39.5,17,Bills,Android,Pune,1,2890,0,0
TXN005834,397.29,6,Travel,iOS,Pune,0,798,0,0
TXN005835,185.15,11,Entertainment,Android,Hyderabad,0,2925,0,0
TXN005836,89.65,0,Food,Web,Chennai,0,2896,0,0
TXN005837,15.1,21,Travel,iOS,Pune,0,424,0,0
TXN005838,839.91,3,Other,Android,Pune,1,819,0,1
TXN005839,34.01,17,Bills,Android,Bangalore,4,1727,0,0
TXN005840,73.0,14,Shopping,iOS,Delhi,0,926,0,0
TXN005841,228.15,2,Food,Android,Hyderabad,0,2410,0,0
TXN005842,35.31,6,Travel,iOS,Chennai,3,395,1,0
TXN005843,24.72,5,Entertainment,Android,Hyderabad,0,846,0,0
TXN005844,11.6,14,Entertainment,iOS,Pune,2,2583,0,0
TXN005845,352.55,14,Travel,Android,Delhi,0,1735,0,0
TXN005846,77.15,5,Entertainment,Android,Pune,1,633,1,0
TXN005847,4977.7,7,Travel,Web,Mumbai,1,259,0,1
TXN005848,45.01,7,Food,iOS,Pune,0,2939,0,0
TXN005849,49.12,21,Entertainment,Android,Bangalore,0,1815,0,0
TXN005850,75.3,0,Food,Web,Bangalore,1,2305,0,0
TXN005851,198.69,12,Bills,Android,Delhi,0,1761,0,0
TXN005852,84.42,22,Bills,iOS,Pune,1,961,0,0
TXN005853,309.45,23,Bills,Android,Bangalore,0,725,0,0
TXN005854,45.86,20,Bills,Android,Bangalore,1,1634,0,0
TXN005855,28.28,12,Entertainment,Android,Pune,1,1099,0,0
TXN005856,17.15,10,Travel,Android,Hyderabad,1,44,1,0
TXN005857,10.3,3,Entertainment,iOS,Delhi,1,1396,0,0
TXN005858,79.7,6,Other,iOS,Hyderabad,0,165,0,0
TXN005859,103.42,11,Entertainment,Android,Bangalore,2,1687,0,0
TXN005860,69.57,12,Food,Android,Pune,0,2773,0,0
TXN005861,659.9,21,Travel,iOS,Chennai,0,1320,0,0
TXN005862,647.84,11,Shopping,Android,Pune,0,2788,0,0
TXN005863,99.31,15,Shopping,Android,Chennai,0,714,1,0
TXN005864,17.24,5,Travel,Android,Hyderabad,0,651,0,0
TXN005865,75.19,13,Shopping,Android,Mumbai,1,1852,0,0
TXN005866,72.26,18,Travel,Android,Pune,0,2252,0,0
TXN005867,67.45,15,Food,iOS,Mumbai,0,530,0,0
TXN005868,64.25,3,Food,Android,Delhi,1,1375,1,0
TXN005869,67.75,4,Entertainment,iOS,Chennai,0,905,1,0
TXN005870,93.33,8,Shopping,Android,Chennai,1,2445,0,0
TXN005871,69.22,23,Travel,iOS,Hyderabad,0,805,1,0
TXN005872,190.56,2,Food,Android,Pune,0,438,0,0
TXN005873,228.71,21,Entertainment,iOS,Bangalore,0,2862,0,0
TXN005874,49.76,9,Shopping,Android,Delhi,0,1723,0,0
TXN005875,682.17,16,Shopping,Android,Hyderabad,0,437,0,0
TXN005876,45.78,18,Shopping,iOS,Mumbai,0,2843,0,0
TXN005877,21.3,9,Food,Android,Pune,0,337,0,0
TXN005878,234.38,11,Food,iOS,Bangalore,0,92,0,0
TXN005879,55.65,22,Shopping,Web,Delhi,0,2138,0,0
TXN005880,218.23,6,Food,Android,Pune,0,536,1,0
TXN005881,8.29,17,Shopping,Android,Bangalore,0,285,0,0
TXN005882,789.14,18,Bills,Android,Mumbai,0,106,0,1
TXN005883,332.54,14,Food,iOS,Hyderabad,1,1940,0,0
TXN005884,24.52,6,Travel,Android,Hyderabad,1,119,0,0
TXN005885,25.17,11,Food,iOS,Chennai,0,394,0,0
TXN005886,1104.03,21,Shopping,iOS,Pune,1,1856,0,1
TXN005887,61.26,6,Travel,Android,Hyderabad,0,2349,0,0
TXN005888,54.54,9,Entertainment,iOS,Chennai,1,678,0,0
TXN005889,9.78,23,Travel,Android,Hyderabad,0,1328,0,0
TXN005890,97.42,21,Travel,Android,Delhi,0,1989,0,0
TXN005891,112.93,19,Food,iOS,Pune,1,69,0,0
TXN005892,350.23,9,Other,Android,Mumbai,1,2251,0,0
TXN005893,27.69,22,Travel,Android,Pune,0,1552,0,0
TXN005894,23.94,4,Travel,iOS,Pune,0,2720,0,0
TXN005895,254.97,17,Shopping,iOS,Bangalore,0,695,0,0
TXN005896,496.74,8,Food,Android,Mumbai,1,2661,0,0
TXN005897,22.52,15,Shopping,iOS,Mumbai,0,355,1,0
TXN005898,543.38,6,Food,Android,Chennai,0,754,0,0
TXN005899,155.25,9,Entertainment,iOS,Chennai,0,312,1,0
TXN005900,550.14,4,Other,iOS,Delhi,0,1347,0,0
TXN005901,136.42,6,Travel,Android,Bangalore,2,243,0,0
TXN005902,7.19,4,Food,Android,Hyderabad,0,2036,0,0
TXN005903,123.67,14,Travel,iOS,Hyderabad,1,118,1,0
TXN005904,529.63,18,Travel,iOS,Mumbai,0,1636,0,0
TXN005905,50.78,9,Bills,Android,Pune,0,1899,1,0
TXN005906,93.17,7,Shopping,Android,Delhi,0,413,0,0
TXN005907,120.14,23,Other,Android,Pune,0,1222,0,0
TXN005908,4.57,8,Food,Android,Bangalore,0,855,0,0
TXN005909,1102.81,10,Entertainment,iOS,Hyderabad,1,1978,0,1
TXN005910,50.32,21,Other,Android,Mumbai,0,464,0,0
TXN005911,272.29,1,Bills,iOS,Delhi,0,2685,0,0
TXN005912,133.75,2,Shopping,Web,Bangalore,0,348,0,0
TXN005913,671.25,12,Entertainment,Web,Pune,1,2096,0,0
TXN005914,241.6,10,Entertainment,Android,Mumbai,0,2744,0,0
TXN005915,111.95,9,Travel,iOS,Mumbai,0,1106,0,0
TXN005916,50.79,14,Shopping,Web,Pune,0,894,0,0
TXN005917,386.61,5,Bills,Android,Delhi,1,2506,0,0
TXN005918,15.67,0,Food,Android,Delhi,0,1576,0,0
TXN005919,322.17,13,Food,Web,Delhi,1,2965,1,0
TXN005920,39.69,17,Bills,Android,Delhi,0,134,0,0
TXN005921,666.97,23,Travel,Web,Bangalore,0,762,0,0
TXN005922,180.11,10,Travel,Android,Delhi,0,371,0,0
TXN005923,321.48,7,Entertainment,Android,Delhi,0,2097,0,0
TXN005924,163.76,21,Shopping,Android,Delhi,0,885,0,0
TXN005925,18.12,2,Entertainment,Android,Bangalore,0,1017,0,0
TXN005926,52.83,13,Food,Android,Hyderabad,1,284,0,0
TXN005927,332.58,1,Bills,Android,Mumbai,1,671,0,0
TXN005928,181.27,15,Shopping,Android,Chennai,0,453,0,0
TXN005929,612.28,5,Bills,Android,Pune,0,2223,0,0
TXN005930,240.79,0,Shopping,Android,Mumbai,0,1135,1,0
TXN005931,46.52,13,Other,iOS,Bangalore,0,2591,0,0
TXN005932,57.1,9,Food,Android,Pune,0,1868,0,0
TXN005933,167.92,5,Food,iOS,Delhi,0,1486,0,0
TXN005934,9.24,8,Other,iOS,Bangalore,1,404,0,0
TXN005935,1105.59,6,Shopping,Android,Hyderabad,0,789,0,1
TXN005936,252.17,1,Travel,Android,Chennai,0,948,0,0
TXN005937,647.06,10,Shopping,Web,Hyderabad,1,76,0,0
TXN005938,22.27,13,Food,iOS,Delhi,0,529,0,0
TXN005939,660.82,4,Bills,Android,Bangalore,0,2584,0,0
TXN005940,2159.86,8,Entertainment,iOS,Bangalore,0,1177,0,1
TXN005941,30.42,6,Bills,Android,Delhi,0,2422,0,0
TXN005942,374.53,13,Food,Android,Delhi,1,458,0,0
TXN005943,148.61,15,Bills,Android,Chennai,0,818,0,0
TXN005944,23.26,21,Travel,Android,Hyderabad,0,1484,0,0
TXN005945,268.13,15,Travel,Web,Delhi,1,1085,0,0
TXN005946,403.56,6,Shopping,iOS,Delhi,2,2063,0,0
TXN005947,72.14,9,Bills,iOS,Hyderabad,1,816,0,0
TXN005948,601.3,20,Bills,Android,Delhi,0,1199,0,0
TXN005949,20.08,5,Food,Android,Pune,0,2695,0,0
TXN005950,24.69,16,Shopping,Android,Chennai,0,2747,0,0
TXN005951,174.85,0,Shopping,Android,Chennai,0,1146,1,0
TXN005952,153.0,1,Bills,Android,Hyderabad,0,275,0,0
TXN005953,62.81,13,Entertainment,iOS,Mumbai,1,1714,0,0
TXN005954,392.1,3,Bills,Android,Chennai,1,333,0,0
TXN005955,280.64,8,Bills,Web,Bangalore,1,2054,0,0
TXN005956,415.62,22,Bills,Web,Bangalore,0,479,0,0
TXN005957,128.03,5,Travel,iOS,Mumbai,2,970,0,0
TXN005958,305.85,16,Other,iOS,Chennai,1,563,0,0
TXN005959,86.94,20,Shopping,Android,Delhi,0,2645,0,0
TXN005960,1745.13,10,Other,Android,Pune,1,2501,0,1
TXN005961,55.98,3,Travel,Web,Mumbai,0,2115,0,0
TXN005962,1856.33,20,Entertainment,iOS,Delhi,0,2608,0,1
TXN005963,154.76,8,Food,Android,Pune,0,2682,1,0
TXN005964,28.49,15,Entertainment,iOS,Bangalore,0,1935,0,0
TXN005965,766.39,2,Shopping,Web,Pune,0,911,0,1
TXN005966,172.62,3,Food,Android,Mumbai,0,2292,0,0
TXN005967,412.13,23,Other,Android,Chennai,0,982,0,0
TXN005968,644.6,2,Entertainment,Web,Bangalore,0,2333,0,0
TXN005969,222.64,12,Shopping,Android,Chennai,3,1559,0,0
TXN005970,72.92,18,Entertainment,Android,Delhi,0,1485,0,0
TXN005971,478.6,20,Food,Android,Chennai,1,1528,0,0
TXN005972,148.55,0,Food,iOS,Pune,1,586,0,0
TXN005973,337.99,22,Entertainment,iOS,Mumbai,1,2292,0,0
TXN005974,11.2,22,Travel,Android,Delhi,0,2393,0,0
TXN005975,253.76,5,Entertainment,Android,Mumbai,1,802,0,0
TXN005976,68.97,21,Other,Android,Pune,0,943,0,0
TXN005977,1079.2,2,Entertainment,Android,Delhi,0,1018,0,1
TXN005978,313.47,2,Entertainment,Android,Mumbai,1,1019,0,0
TXN005979,197.91,15,Travel,Android,Bangalore,0,1562,0,0
TXN005980,266.02,9,Bills,Android,Mumbai,0,2052,0,0
TXN005981,44.78,16,Food,Web,Bangalore,1,1694,0,0
TXN005982,1040.97,6,Other,Android,Pune,1,1221,0,1
TXN005983,1619.13,12,Shopping,Android,Hyderabad,0,980,0,1
TXN005984,237.82,10,Food,Android,Chennai,0,2820,0,0
TXN005985,1000.73,9,Food,iOS,Delhi,0,892,1,1
TXN005986,74.97,6,Bills,Android,Chennai,0,1220,0,0
TXN005987,57.02,23,Food,Android,Pune,0,1660,0,0
TXN005988,155.88,5,Food,iOS,Bangalore,0,2072,0,0
TXN005989,250.12,23,Travel,Web,Bangalore,0,617,0,0
TXN005990,92.5,0,Travel,iOS,Bangalore,0,2998,0,0
TXN005991,282.96,16,Travel,Android,Mumbai,0,1300,0,0
TXN005992,214.36,11,Travel,Android,Chennai,0,712,0,0
TXN005993,44.79,3,Travel,iOS,Bangalore,0,1357,0,0
TXN005994,276.59,2,Other,Android,Hyderabad,1,1534,0,0
TXN005995,418.31,5,Shopping,Android,Pune,0,323,0,0
TXN005996,182.32,15,Bills,Web,Bangalore,0,887,0,0
TXN005997,591.81,12,Entertainment,iOS,Chennai,0,2869,0,0
TXN005998,34.44,8,Other,iOS,Bangalore,0,283,0,0
TXN005999,260.22,10,Travel,iOS,Bangalore,0,2825,1,0
TXN006000,36.44,19,Bills,iOS,Delhi,0,2521,0,0
TXN006001,38.98,20,Entertainment,iOS,Bangalore,1,942,0,0
TXN006002,69.61,12,Food,Android,Chennai,1,1218,0,0
TXN006003,47.92,22,Other,Web,Pune,0,2348,0,0
TXN006004,76.89,18,Food,Android,Delhi,0,1841,0,0
TXN006005,114.78,2,Bills,iOS,Delhi,0,699,0,0
TXN006006,405.28,11,Shopping,Android,Bangalore,0,941,0,0
TXN006007,100.95,18,Shopping,Android,Bangalore,0,1609,0,0
TXN006008,22.14,7,Bills,iOS,Hyderabad,0,1752,0,0
TXN006009,582.94,13,Shopping,Android,Chennai,1,188,0,0
TXN006010,54.35,21,Shopping,iOS,Pune,0,2836,0,0
TXN006011,138.32,8,Food,iOS,Chennai,1,1350,0,0
TXN006012,253.62,23,Shopping,Android,Mumbai,0,2584,0,0
TXN006013,188.58,16,Shopping,Android,Pune,0,1641,1,0
TXN006014,551.71,5,Bills,Android,Mumbai,1,415,0,0
TXN006015,263.7,3,Shopping,iOS,Chennai,1,1573,0,0
TXN006016,52.8,3,Other,Android,Bangalore,2,1131,0,0
TXN006017,2026.92,18,Travel,Android,Delhi,0,1672,0,1
TXN006018,187.39,11,Travel,Android,Hyderabad,0,1093,0,0
TXN006019,124.36,1,Bills,iOS,Bangalore,0,2694,0,0
TXN006020,471.87,16,Travel,iOS,Pune,0,2742,0,0
TXN006021,200.2,14,Food,Android,Pune,1,2395,0,0
TXN006022,239.62,9,Other,iOS,Delhi,1,1623,0,0
TXN006023,2953.13,2,Other,iOS,Pune,1,1380,1,1
TXN006024,106.68,19,Bills,iOS,Chennai,0,203,0,0
TXN006025,101.36,3,Shopping,Android,Pune,0,388,0,0
TXN006026,170.7,21,Travel,iOS,Bangalore,1,1719,0,0
TXN006027,536.9,0,Food,Android,Pune,1,839,0,0
TXN006028,24.34,0,Bills,iOS,Hyderabad,0,2645,0,0
TXN006029,14.03,17,Bills,iOS,Pune,0,972,1,0
TXN006030,73.37,3,Shopping,iOS,Mumbai,0,463,0,0
TXN006031,20.89,22,Entertainment,Android,Delhi,0,458,0,0
TXN006032,89.14,21,Travel,iOS,Bangalore,0,1974,0,0
TXN006033,271.24,14,Food,Android,Hyderabad,0,2385,0,0
TXN006034,50.96,22,Bills,Android,Bangalore,0,1711,0,0
TXN006035,26.78,20,Travel,Android,Chennai,1,1444,0,0
TXN006036,161.29,21,Food,iOS,Delhi,0,307,0,0
TXN006037,417.82,9,Other,Android,Chennai,1,2451,0,0
TXN006038,19.41,16,Other,Android,Pune,2,197,0,0
TXN006039,397.14,21,Food,Android,Chennai,2,1489,0,0
TXN006040,395.74,11,Other,iOS,Pune,0,2447,0,0
TXN006041,466.33,19,Bills,iOS,Mumbai,1,2905,0,0
TXN006042,640.45,11,Travel,iOS,Chennai,0,2662,0,0
TXN006043,2084.78,15,Food,Android,Hyderabad,0,2456,0,1
TXN006044,96.8,4,Bills,Web,Delhi,0,2154,0,0
TXN006045,169.27,15,Travel,iOS,Mumbai,2,598,0,0
TXN006046,90.04,16,Travel,iOS,Bangalore,0,2176,0,0
TXN006047,148.77,22,Bills,iOS,Chennai,1,2240,1,0
TXN006048,933.97,14,Travel,Web,Bangalore,0,1328,0,1
TXN006049,29.55,12,Entertainment,iOS,Mumbai,0,2994,0,0
TXN006050,52.81,7,Food,Android,Bangalore,0,2474,0,0
TXN006051,774.81,20,Food,Android,Hyderabad,0,2866,0,1
TXN006052,504.74,1,Travel,iOS,Mumbai,1,373,0,0
TXN006053,95.99,7,Bills,iOS,Delhi,1,572,0,0
TXN006054,413.76,9,Shopping,iOS,Delhi,0,1083,0,0
TXN006055,223.51,6,Other,Android,Delhi,0,2613,1,0
TXN006056,898.14,9,Travel,Android,Delhi,1,2685,0,1
TXN006057,162.29,3,Shopping,iOS,Mumbai,0,183,0,0
TXN006058,508.14,10,Travel,iOS,Mumbai,0,2947,0,0
TXN006059,3534.81,8,Shopping,iOS,Pune,1,2958,0,1
TXN006060,304.21,3,Travel,Android,Mumbai,0,1945,0,0
TXN006061,157.46,2,Bills,Android,Chennai,1,361,0,0
TXN006062,353.17,10,Other,Android,Pune,0,2484,0,0
TXN006063,95.74,2,Shopping,Android,Mumbai,1,155,0,0
TXN006064,2605.97,17,Entertainment,Android,Mumbai,0,1337,0,1
TXN006065,184.21,18,Bills,iOS,Mumbai,2,2670,0,0
TXN006066,106.96,13,Other,Web,Delhi,1,1900,0,0
TXN006067,54.44,23,Travel,Android,Hyderabad,1,2520,0,0
TXN006068,553.72,10,Shopping,iOS,Delhi,1,1874,0,0
TXN006069,420.16,23,Other,iOS,Pune,1,191,0,0
TXN006070,81.71,1,Food,Web,Hyderabad,0,1414,0,0
TXN006071,296.41,1,Bills,Web,Hyderabad,1,159,0,0
TXN006072,24.28,1,Shopping,Android,Hyderabad,0,2358,0,0
TXN006073,185.3,9,Bills,Android,Pune,0,1909,0,0
TXN006074,255.52,22,Shopping,Android,Pune,1,2940,1,0
TXN006075,1151.47,14,Food,iOS,Delhi,0,1505,0,1
TXN006076,58.85,21,Entertainment,iOS,Chennai,0,1187,0,0
TXN006077,32.01,11,Food,Android,Bangalore,0,924,0,0
TXN006078,50.68,10,Travel,iOS,Chennai,0,719,0,0
TXN006079,29.85,16,Bills,Android,Delhi,0,2550,0,0
TXN006080,738.03,17,Entertainment,Web,Hyderabad,0,34,0,1
TXN006081,951.81,13,Bills,Android,Bangalore,1,1875,0,1
TXN006082,217.95,16,Other,Android,Chennai,0,807,0,0
TXN006083,642.62,14,Shopping,Android,Pune,0,2159,0,0
TXN006084,174.3,11,Travel,Android,Pune,1,250,0,0
TXN006085,132.41,15,Travel,iOS,Mumbai,0,2920,0,0
TXN006086,99.52,22,Bills,Android,Pune,0,2830,0,0
TXN006087,102.26,5,Travel,iOS,Chennai,1,1659,0,0
TXN006088,23.16,1,Bills,Android,Delhi,1,904,0,0
TXN006089,203.79,1,Shopping,Android,Bangalore,0,2146,0,0
TXN006090,141.4,15,Shopping,iOS,Mumbai,0,1571,0,0
TXN006091,363.01,1,Bills,Web,Pune,0,1771,0,0
TXN006092,166.04,7,Food,Android,Pune,0,1581,0,0
TXN006093,122.09,6,Food,Web,Bangalore,0,171,0,0
TXN006094,52.17,0,Shopping,iOS,Bangalore,0,830,0,0
TXN006095,161.84,3,Entertainment,Android,Chennai,2,2581,0,0
TXN006096,359.92,10,Food,iOS,Pune,1,1410,0,0
TXN006097,37.64,19,Bills,Android,Hyderabad,0,994,0,0
TXN006098,164.84,6,Shopping,Android,Pune,0,1989,0,0
TXN006099,196.3,17,Travel,iOS,Chennai,0,2117,1,0
TXN006100,62.7,3,Travel,Android,Mumbai,0,2577,0,0
TXN006101,73.3,16,Food,Android,Delhi,0,2784,0,0
TXN006102,195.73,10,Entertainment,Android,Pune,0,1023,1,0
TXN006103,38.09,10,Other,iOS,Chennai,0,2587,1,0
TXN006104,225.86,19,Food,iOS,Hyderabad,1,2322,0,0
TXN006105,50.68,10,Entertainment,Android,Hyderabad,0,291,0,0
TXN006106,531.35,14,Food,iOS,Chennai,0,2021,0,0
TXN006107,2453.8,13,Travel,Android,Mumbai,0,572,1,1
TXN006108,52.83,16,Entertainment,iOS,Hyderabad,0,2111,0,0
TXN006109,281.76,1,Travel,Web,Hyderabad,0,517,0,0
TXN006110,62.05,17,Bills,iOS,Pune,0,1810,0,0
TXN006111,517.57,15,Bills,Android,Pune,0,1888,1,0
TXN006112,32.51,11,Shopping,iOS,Mumbai,0,2547,0,0
TXN006113,264.2,9,Travel,Android,Mumbai,0,2857,0,0
TXN006114,52.06,15,Travel,iOS,Mumbai,1,2371,0,0
TXN006115,115.77,2,Shopping,Android,Mumbai,1,2288,0,0
TXN006116,43.07,7,Bills,Android,Chennai,0,916,0,0
TXN006117,398.15,21,Bills,Android,Chennai,0,917,0,0
TXN006118,54.36,21,Entertainment,Android,Bangalore,1,408,0,0
TXN006119,287.83,23,Entertainment,iOS,Bangalore,1,1812,1,0
TXN006120,98.21,1,Other,iOS,Bangalore,0,2410,0,0
TXN006121,129.36,21,Bills,Android,Hyderabad,0,306,0,0
TXN006122,177.2,0,Other,Android,Mumbai,0,2667,0,0
TXN006123,59.49,13,Food,Android,Chennai,0,1729,0,0
TXN006124,191.03,3,Travel,iOS,Chennai,1,527,0,0
TXN006125,931.13,3,Entertainment,Android,Mumbai,0,1444,0,1
TXN006126,58.34,8,Food,Android,Bangalore,0,2154,0,0
TXN006127,605.57,2,Entertainment,Android,Pune,0,2496,1,0
TXN006128,895.8,4,Shopping,iOS,Hyderabad,0,2766,0,1
TXN006129,55.74,0,Travel,Android,Chennai,2,638,0,0
TXN006130,25.89,21,Other,Android,Delhi,0,1296,0,0
TXN006131,213.23,18,Other,iOS,Hyderabad,1,2571,0,0
TXN006132,76.95,0,Entertainment,Android,Hyderabad,1,388,0,0
TXN006133,1397.34,9,Bills,Android,Bangalore,0,280,0,1
TXN006134,154.74,21,Other,Android,Mumbai,0,2869,0,0
TXN006135,56.68,11,Shopping,Web,Delhi,0,307,0,0
TXN006136,37.47,9,Shopping,Android,Bangalore,0,200,0,0
TXN006137,548.88,1,Bills,Android,Mumbai,1,1232,0,0
TXN006138,74.78,15,Shopping,Android,Delhi,0,1549,0,0
TXN006139,156.43,7,Travel,iOS,Pune,1,2766,0,0
TXN006140,467.3,13,Entertainment,Android,Pune,0,2571,0,0
TXN006141,83.0,14,Shopping,iOS,Chennai,1,405,0,0
TXN006142,140.45,15,Travel,iOS,Delhi,1,307,0,0
TXN006143,145.49,10,Bills,Web,Bangalore,1,2412,0,0
TXN006144,336.97,11,Entertainment,iOS,Delhi,1,1071,0,0
TXN006145,301.54,1,Bills,Android,Delhi,1,2377,1,0
TXN006146,113.96,3,Entertainment,Android,Delhi,0,138,0,0
TXN006147,160.19,2,Shopping,Android,Chennai,2,1085,0,0
TXN006148,95.0,8,Shopping,iOS,Pune,0,1495,0,0
TXN006149,25.2,17,Entertainment,iOS,Pune,0,1109,0,0
TXN006150,202.17,18,Travel,iOS,Mumbai,0,1793,0,0
TXN006151,1437.46,6,Travel,Android,Delhi,0,2524,1,1
TXN006152,51.39,3,Travel,iOS,Hyderabad,0,2569,0,0
TXN006153,58.7,5,Food,Web,Bangalore,1,630,0,0
TXN006154,52.2,18,Other,Web,Hyderabad,3,918,0,0
TXN006155,354.08,0,Other,iOS,Mumbai,0,161,0,0
TXN006156,254.22,15,Other,iOS,Bangalore,0,2883,1,0
TXN006157,122.7,10,Travel,Android,Mumbai,1,1291,0,0
TXN006158,49.32,21,Shopping,Android,Bangalore,0,279,1,0
TXN006159,165.81,3,Food,Android,Pune,0,1095,0,0
TXN006160,22.7,17,Travel,Android,Pune,0,1026,0,0
TXN006161,176.29,22,Shopping,Android,Hyderabad,1,260,0,0
TXN006162,422.35,4,Food,iOS,Hyderabad,1,1939,0,0
TXN006163,33.07,21,Shopping,iOS,Chennai,1,857,0,0
TXN006164,23.59,5,Entertainment,Android,Mumbai,1,433,0,0
TXN006165,987.65,1,Shopping,Android,Hyderabad,1,2268,1,1
TXN006166,71.23,11,Food,Android,Bangalore,0,156,0,0
TXN006167,580.06,21,Travel,Android,Delhi,0,1698,0,0
TXN006168,123.37,8,Other,Android,Delhi,0,2454,0,0
TXN006169,122.2,19,Food,Web,Delhi,0,2875,0,0
TXN006170,251.16,11,Travel,Android,Chennai,0,604,0,0
TXN006171,51.38,12,Travel,Android,Hyderabad,0,269,0,0
TXN006172,173.99,21,Bills,Android,Mumbai,0,1496,0,0
TXN006173,93.9,22,Entertainment,iOS,Mumbai,0,308,0,0
TXN006174,30.43,16,Bills,iOS,Chennai,0,2647,0,0
TXN006175,222.51,4,Other,Android,Bangalore,0,717,0,0
TXN006176,108.21,19,Food,Web,Pune,0,2832,0,0
TXN006177,122.92,12,Bills,iOS,Hyderabad,0,1443,0,0
TXN006178,34.74,12,Other,Android,Hyderabad,0,392,0,0
TXN006179,1001.93,9,Travel,Android,Bangalore,0,203,0,1
TXN006180,424.99,14,Food,Android,Bangalore,0,884,0,0
TXN006181,472.0,14,Bills,Android,Hyderabad,2,2334,0,0
TXN006182,102.87,17,Shopping,iOS,Hyderabad,0,2177,0,0
TXN006183,18.63,17,Other,Android,Delhi,0,2564,0,0
TXN006184,1546.12,1,Other,Android,Mumbai,0,1401,1,1
TXN006185,137.92,22,Entertainment,Android,Delhi,0,2622,0,0
TXN006186,60.43,10,Shopping,Android,Delhi,0,1205,0,0
TXN006187,244.73,12,Food,iOS,Mumbai,0,2659,0,0
TXN006188,602.17,10,Bills,Android,Chennai,0,2731,0,0
TXN006189,144.36,3,Travel,Android,Pune,0,2323,0,0
TXN006190,688.35,14,Bills,iOS,Chennai,1,125,0,0
TXN006191,544.35,21,Food,Android,Chennai,0,368,0,0
TXN006192,40.79,22,Food,Android,Chennai,0,1507,0,0
TXN006193,66.12,10,Food,Android,Bangalore,0,1137,0,0
TXN006194,468.27,17,Food,Android,Delhi,0,154,0,0
TXN006195,5.73,15,Other,Android,Bangalore,0,2417,0,0
TXN006196,124.05,9,Bills,Android,Bangalore,0,680,0,0
TXN006197,26.66,11,Shopping,Android,Mumbai,0,1562,0,0
TXN006198,83.78,12,Travel,iOS,Chennai,0,2749,0,0
TXN006199,103.69,8,Travel,Android,Hyderabad,1,1466,0,0
TXN006200,96.55,20,Entertainment,Web,Chennai,0,168,0,0
TXN006201,76.5,12,Other,Android,Delhi,1,462,1,0
TXN006202,39.78,5,Food,iOS,Bangalore,0,1009,0,0
TXN006203,2322.25,5,Food,iOS,Delhi,0,2155,0,1
TXN006204,1395.43,10,Food,Android,Bangalore,0,2808,0,1
TXN006205,36.8,18,Other,iOS,Bangalore,0,733,0,0
TXN006206,990.83,10,Shopping,iOS,Bangalore,0,2455,0,1
TXN006207,91.89,9,Food,Android,Hyderabad,0,1987,0,0
TXN006208,173.3,22,Entertainment,Web,Chennai,0,1241,0,0
TXN006209,137.56,14,Entertainment,Android,Bangalore,1,2785,0,0
TXN006210,67.24,12,Shopping,Android,Mumbai,0,1444,0,0
TXN006211,483.29,22,Other,iOS,Pune,1,1915,0,0
TXN006212,172.62,7,Food,Android,Pune,1,1639,0,0
TXN006213,83.78,4,Bills,iOS,Bangalore,1,932,0,0
TXN006214,31.02,1,Bills,iOS,Chennai,0,2892,0,0
TXN006215,50.79,15,Travel,Web,Chennai,1,2220,0,0
TXN006216,20.7,12,Shopping,Android,Hyderabad,0,1860,0,0
TXN006217,150.61,18,Bills,Web,Bangalore,0,1091,0,0
TXN006218,35.3,8,Travel,Android,Mumbai,1,1089,0,0
TXN006219,107.91,14,Entertainment,Android,Hyderabad,0,144,0,0
TXN006220,768.26,5,Travel,Android,Hyderabad,0,543,0,1
TXN006221,625.88,7,Food,iOS,Bangalore,0,340,0,0
TXN006222,142.77,23,Food,Android,Bangalore,0,1819,0,0
TXN006223,133.69,13,Entertainment,iOS,Hyderabad,0,1279,0,0
TXN006224,1416.37,4,Shopping,Android,Hyderabad,0,874,0,1
TXN006225,277.25,16,Other,Android,Hyderabad,0,54,0,0
TXN006226,100.15,21,Food,Web,Delhi,0,811,0,0
TXN006227,26.81,6,Food,Android,Hyderabad,0,2566,0,0
TXN006228,238.09,8,Travel,Android,Chennai,1,1446,0,0
TXN006229,401.49,15,Travel,iOS,Pune,2,1230,0,0
TXN006230,69.55,17,Travel,Android,Mumbai,0,403,0,0
TXN006231,210.49,12,Bills,iOS,Mumbai,1,704,1,0
TXN006232,95.94,17,Entertainment,Android,Pune,1,2803,0,0
TXN006233,119.0,9,Shopping,Android,Bangalore,2,1314,0,0
TXN006234,7.5,0,Travel,Android,Hyderabad,0,265,0,0
TXN006235,113.73,20,Shopping,Android,Mumbai,0,1515,0,0
TXN006236,474.97,17,Travel,iOS,Mumbai,1,686,0,0
TXN006237,69.57,18,Food,Android,Chennai,0,1563,0,0
TXN006238,158.07,1,Shopping,iOS,Chennai,0,2146,0,0
TXN006239,59.91,3,Bills,Android,Delhi,0,1304,0,0
TXN006240,228.73,10,Travel,Android,Pune,0,2643,0,0
TXN006241,114.45,2,Other,iOS,Delhi,0,2764,0,0
TXN006242,48.08,8,Entertainment,iOS,Mumbai,0,764,0,0
TXN006243,734.41,9,Food,iOS,Bangalore,1,1050,0,1
TXN006244,452.47,1,Travel,iOS,Mumbai,0,603,0,0
TXN006245,71.82,6,Shopping,Android,Bangalore,1,1972,0,0
TXN006246,269.71,14,Travel,iOS,Mumbai,0,2426,0,0
TXN006247,282.84,18,Food,Android,Chennai,1,2093,0,0
TXN006248,320.78,9,Entertainment,Android,Hyderabad,0,238,0,0
TXN006249,19.43,23,Entertainment,Web,Mumbai,1,2724,0,0
TXN006250,496.67,19,Entertainment,Android,Delhi,1,1003,0,0
TXN006251,74.92,13,Other,iOS,Bangalore,0,2761,1,0
TXN006252,96.6,3,Food,Android,Bangalore,1,1958,0,0
TXN006253,3517.33,10,Other,Android,Mumbai,0,868,0,1
TXN006254,213.2,2,Other,Android,Bangalore,0,1645,0,0
TXN006255,93.36,22,Travel,iOS,Delhi,0,1753,0,0
TXN006256,10.52,16,Food,Android,Chennai,0,2471,0,0
TXN006257,786.6,6,Food,Android,Hyderabad,0,2716,0,1
TXN006258,29.54,10,Travel,iOS,Hyderabad,1,2457,0,0
TXN006259,44.52,17,Bills,Android,Bangalore,0,930,0,0
TXN006260,99.72,13,Other,Android,Mumbai,1,1060,0,0
TXN006261,812.16,13,Entertainment,iOS,Bangalore,1,2099,0,1
TXN006262,375.36,5,Shopping,Web,Delhi,0,565,0,0
TXN006263,122.8,8,Other,Android,Pune,0,411,0,0
TXN006264,214.85,21,Shopping,iOS,Mumbai,1,2437,0,0
TXN006265,72.21,2,Travel,Android,Chennai,1,2840,0,0
TXN006266,175.49,16,Shopping,Android,Delhi,0,1203,0,0
TXN006267,162.07,11,Bills,iOS,Chennai,0,2240,1,0
TXN006268,474.62,3,Food,Web,Mumbai,1,2059,0,0
TXN006269,473.72,19,Entertainment,Android,Chennai,0,1236,0,0
TXN006270,268.48,15,Shopping,Android,Delhi,1,1811,0,0
TXN006271,96.08,23,Shopping,Android,Delhi,0,1184,0,0
TXN006272,361.47,9,Travel,Android,Bangalore,0,1420,0,0
TXN006273,132.91,6,Travel,iOS,Pune,1,1927,0,0
TXN006274,40.52,9,Food,Android,Mumbai,1,304,0,0
TXN006275,91.47,6,Entertainment,Android,Hyderabad,0,455,0,0
TXN006276,164.26,22,Shopping,iOS,Pune,1,1562,0,0
TXN006277,442.42,17,Food,iOS,Hyderabad,0,2714,0,0
TXN006278,119.08,8,Entertainment,Android,Chennai,0,2804,0,0
TXN006279,34.78,21,Food,iOS,Hyderabad,0,2993,1,0
TXN006280,158.87,17,Shopping,Web,Hyderabad,0,419,0,0
TXN006281,170.06,16,Travel,Android,Delhi,0,300,0,0
TXN006282,185.49,10,Travel,iOS,Delhi,0,98,0,0
TXN006283,447.58,0,Travel,iOS,Delhi,1,486,0,0
TXN006284,504.07,16,Bills,Android,Hyderabad,0,375,1,0
TXN006285,72.74,3,Food,Android,Chennai,0,1852,0,0
TXN006286,70.85,3,Shopping,iOS,Mumbai,1,803,0,0
TXN006287,42.6,13,Food,Android,Bangalore,0,1200,1,0
TXN006288,343.29,8,Travel,Android,Chennai,1,1580,0,0
TXN006289,844.36,12,Other,Android,Delhi,1,989,0,1
TXN006290,101.69,15,Other,iOS,Chennai,0,1392,0,0
TXN006291,111.08,0,Food,Android,Mumbai,0,1135,0,0
TXN006292,862.76,2,Entertainment,Android,Pune,1,2037,0,1
TXN006293,272.24,18,Other,Android,Delhi,0,1104,1,0
TXN006294,250.51,7,Other,iOS,Mumbai,0,2344,0,0
TXN006295,35.55,17,Food,Android,Pune,0,879,0,0
TXN006296,335.11,5,Bills,Android,Bangalore,0,521,0,0
TXN006297,48.67,19,Bills,Android,Chennai,2,1862,0,0
TXN006298,38.06,5,Travel,Android,Bangalore,0,1026,0,0
TXN006299,97.89,4,Shopping,Android,Hyderabad,0,2334,0,0
TXN006300,73.48,11,Entertainment,iOS,Chennai,1,2086,0,0
TXN006301,113.76,8,Shopping,iOS,Pune,0,350,1,0
TXN006302,26.33,8,Shopping,iOS,Hyderabad,0,401,0,0
TXN006303,468.99,16,Entertainment,Android,Mumbai,1,1838,0,0
TXN006304,574.34,18,Bills,Android,Hyderabad,0,2400,0,0
TXN006305,14.34,16,Other,Web,Pune,1,1396,1,0
TXN006306,480.17,21,Travel,Android,Pune,0,2997,0,0
TXN006307,56.11,15,Food,iOS,Mumbai,0,1201,0,0
TXN006308,415.04,11,Bills,Web,Bangalore,0,2269,0,0
TXN006309,136.71,2,Travel,iOS,Delhi,0,945,0,0
TXN006310,153.63,13,Other,Android,Bangalore,0,1177,0,0
TXN006311,118.85,16,Bills,Android,Hyderabad,2,1257,0,0
TXN006312,635.59,21,Entertainment,Android,Mumbai,1,1390,0,0
TXN006313,33.53,15,Shopping,iOS,Hyderabad,0,114,0,0
TXN006314,307.79,20,Entertainment,iOS,Pune,0,965,0,0
TXN006315,556.46,11,Other,iOS,Delhi,0,1525,0,0
TXN006316,350.59,23,Food,Android,Chennai,0,2484,1,0
TXN006317,2415.44,1,Entertainment,iOS,Chennai,1,1588,1,1
TXN006318,78.67,7,Other,iOS,Chennai,0,1173,0,0
TXN006319,468.14,11,Shopping,Android,Hyderabad,2,1109,0,0
TXN006320,130.67,20,Bills,Android,Chennai,1,2478,0,0
TXN006321,652.03,15,Travel,iOS,Mumbai,1,543,0,0
TXN006322,147.05,7,Other,Android,Delhi,2,391,0,0
TXN006323,93.18,15,Other,Android,Pune,1,62,0,0
TXN006324,711.44,9,Food,Android,Bangalore,2,2070,0,0
TXN006325,82.28,19,Bills,iOS,Pune,0,1814,1,0
TXN006326,27.24,14,Other,Android,Mumbai,0,2826,0,0
TXN006327,79.82,3,Other,Android,Delhi,2,649,0,0
TXN006328,311.95,14,Travel,iOS,Bangalore,0,300,0,0
TXN006329,788.75,3,Shopping,iOS,Chennai,0,1415,0,1
TXN006330,169.59,10,Entertainment,iOS,Bangalore,0,2751,0,0
TXN006331,721.86,5,Bills,Android,Hyderabad,0,473,0,0
TXN006332,29.08,3,Travel,iOS,Hyderabad,0,1836,0,0
TXN006333,87.19,8,Travel,iOS,Chennai,1,177,0,0
TXN006334,104.97,8,Entertainment,Web,Chennai,0,2548,1,0
TXN006335,129.35,2,Bills,Android,Mumbai,0,572,0,0
TXN006336,164.17,22,Bills,Android,Mumbai,0,2335,0,0
TXN006337,340.05,4,Shopping,Android,Pune,0,298,0,0
TXN006338,87.03,14,Bills,iOS,Hyderabad,1,2055,1,0
TXN006339,175.36,8,Other,Android,Delhi,1,381,0,0
TXN006340,140.59,1,Entertainment,Android,Mumbai,0,398,0,0
TXN006341,48.86,2,Bills,Android,Delhi,1,2477,0,0
TXN006342,129.49,20,Shopping,Android,Pune,1,812,0,0
TXN006343,124.91,11,Travel,Android,Hyderabad,0,2102,1,0
TXN006344,121.74,15,Other,Web,Mumbai,1,361,0,0
TXN006345,154.18,4,Bills,iOS,Delhi,0,2617,0,0
TXN006346,162.52,9,Entertainment,Android,Pune,1,2182,0,0
TXN006347,88.34,14,Bills,Android,Delhi,0,809,0,0
TXN006348,683.52,13,Food,Android,Mumbai,1,2966,0,0
TXN006349,36.47,13,Shopping,iOS,Chennai,0,2802,0,0
TXN006350,62.48,22,Travel,Android,Pune,1,1513,0,0
TXN006351,4171.19,12,Food,Web,Pune,0,2515,0,1
TXN006352,42.71,15,Entertainment,iOS,Bangalore,2,2221,0,0
TXN006353,29.24,7,Bills,Android,Chennai,1,2779,0,0
TXN006354,358.3,7,Shopping,iOS,Pune,0,103,0,0
TXN006355,12.27,16,Other,iOS,Bangalore,2,1045,0,0
TXN006356,111.91,16,Bills,Android,Delhi,0,1959,0,0
TXN006357,1948.84,2,Bills,Android,Mumbai,0,991,1,1
TXN006358,23.24,0,Bills,iOS,Pune,0,1105,0,0
TXN006359,13.76,16,Other,Android,Hyderabad,2,827,0,0
TXN006360,24.56,23,Bills,Android,Mumbai,0,1069,0,0
TXN006361,436.17,15,Shopping,Android,Chennai,0,2215,0,0
TXN006362,572.34,16,Other,Android,Bangalore,1,2732,0,0
TXN006363,80.23,1,Other,Android,Mumbai,0,823,0,0
TXN006364,336.92,13,Food,Web,Bangalore,2,218,0,0
TXN006365,787.06,6,Entertainment,iOS,Chennai,0,1045,1,1
TXN006366,1267.52,18,Other,iOS,Chennai,0,556,0,1
TXN006367,110.43,0,Food,iOS,Mumbai,0,1699,0,0
TXN006368,9.38,16,Shopping,iOS,Pune,0,2206,0,0
TXN006369,55.42,9,Entertainment,Web,Hyderabad,1,2191,0,0
TXN006370,88.93,5,Other,Android,Pune,0,1140,0,0
TXN006371,108.77,6,Travel,iOS,Hyderabad,0,2303,0,0
TXN006372,118.46,5,Food,Android,Bangalore,1,2201,0,0
TXN006373,568.31,4,Shopping,iOS,Mumbai,2,1672,0,0
TXN006374,684.93,1,Shopping,iOS,Delhi,1,2206,0,0
TXN006375,120.78,17,Shopping,Web,Chennai,2,2422,0,0
TXN006376,554.56,23,Entertainment,Android,Pune,0,323,0,0
TXN006377,227.97,16,Bills,Android,Bangalore,0,2541,0,0
TXN006378,160.36,23,Travel,Android,Chennai,0,2828,0,0
TXN006379,440.47,22,Entertainment,Android,Bangalore,1,1606,0,0
TXN006380,161.86,6,Entertainment,Android,Mumbai,0,1501,0,0
TXN006381,1753.51,20,Other,Android,Bangalore,1,1191,0,1
TXN006382,26.41,18,Food,iOS,Bangalore,1,533,0,0
TXN006383,79.98,6,Travel,Android,Delhi,0,2532,0,0
TXN006384,127.51,22,Shopping,iOS,Bangalore,1,355,0,0
TXN006385,251.47,6,Entertainment,Android,Hyderabad,0,1610,0,0
TXN006386,679.63,15,Travel,Android,Bangalore,0,821,1,0
TXN006387,144.13,11,Food,iOS,Bangalore,1,2390,0,0
TXN006388,26.93,14,Bills,iOS,Mumbai,0,581,0,0
TXN006389,407.9,14,Travel,Android,Bangalore,2,322,1,0
TXN006390,367.22,10,Shopping,iOS,Delhi,0,1824,0,0
TXN006391,14.44,1,Entertainment,iOS,Mumbai,0,993,0,0
TXN006392,147.74,2,Bills,iOS,Chennai,1,1633,0,0
TXN006393,22.02,18,Food,iOS,Hyderabad,0,406,0,0
TXN006394,66.85,19,Shopping,Android,Hyderabad,1,2822,0,0
TXN006395,50.23,14,Bills,Web,Chennai,0,926,0,0
TXN006396,391.94,15,Other,iOS,Bangalore,0,1659,0,0
TXN006397,170.75,0,Other,Web,Delhi,0,748,0,0
TXN006398,31.73,14,Food,iOS,Delhi,1,330,0,0
TXN006399,426.7,11,Shopping,iOS,Delhi,0,322,1,0
TXN006400,26.56,6,Entertainment,Android,Delhi,0,143,0,0
TXN006401,220.55,6,Food,Android,Bangalore,1,1608,1,0
TXN006402,55.88,10,Bills,Web,Chennai,1,2849,0,0
TXN006403,95.7,19,Shopping,iOS,Chennai,1,2276,0,0
TXN006404,271.82,10,Other,Android,Hyderabad,0,663,0,0
TXN006405,277.48,16,Other,Android,Chennai,0,570,0,0
TXN006406,738.31,2,Travel,iOS,Delhi,1,1921,0,1
TXN006407,134.46,15,Shopping,Android,Bangalore,0,903,0,0
TXN006408,214.38,4,Bills,Android,Mumbai,0,2589,0,0
TXN006409,87.77,1,Bills,Android,Mumbai,0,2833,0,0
TXN006410,184.64,22,Travel,iOS,Delhi,0,1551,0,0
TXN006411,251.48,6,Bills,Android,Pune,0,2366,0,0
TXN006412,131.9,9,Shopping,Android,Hyderabad,1,1490,0,0
TXN006413,17.04,4,Other,iOS,Mumbai,0,1798,0,0
TXN006414,220.91,14,Food,iOS,Pune,0,1582,0,0
TXN006415,229.86,11,Other,Android,Delhi,1,1705,0,0
TXN006416,65.61,9,Other,Android,Bangalore,0,542,0,0
TXN006417,31.78,21,Shopping,iOS,Mumbai,2,1237,0,0
TXN006418,872.23,16,Bills,iOS,Delhi,0,52,0,1
TXN006419,267.66,19,Travel,Android,Mumbai,0,1572,1,0
TXN006420,112.74,19,Travel,Android,Bangalore,3,1618,0,0
TXN006421,37.92,10,Entertainment,iOS,Chennai,1,1797,0,0
TXN006422,55.36,7,Travel,Web,Chennai,0,2539,0,0
TXN006423,708.47,14,Travel,Android,Bangalore,1,1663,0,0
TXN006424,175.07,1,Bills,Android,Bangalore,0,1306,0,0
TXN006425,76.65,16,Food,Android,Chennai,0,2286,0,0
TXN006426,273.59,22,Food,Android,Bangalore,0,103,0,0
TXN006427,55.85,5,Bills,Android,Bangalore,1,2514,0,0
TXN006428,898.76,20,Travel,Android,Bangalore,0,1918,0,1
TXN006429,752.47,12,Shopping,iOS,Chennai,1,386,0,1
TXN006430,84.78,7,Other,Android,Chennai,1,705,0,0
TXN006431,69.8,10,Other,iOS,Pune,1,2889,0,0
TXN006432,6.41,14,Food,iOS,Mumbai,0,1419,0,0
TXN006433,25.08,12,Bills,iOS,Chennai,0,151,0,0
TXN006434,29.74,17,Shopping,Web,Mumbai,0,680,0,0
TXN006435,174.55,17,Travel,iOS,Chennai,1,477,0,0
TXN006436,100.34,16,Bills,Web,Hyderabad,0,2226,0,0
TXN006437,29.54,21,Food,Android,Mumbai,1,417,0,0
TXN006438,105.91,12,Shopping,Android,Bangalore,2,1398,0,0
TXN006439,272.16,2,Shopping,Android,Hyderabad,0,2566,0,0
TXN006440,279.61,20,Food,Android,Pune,1,2624,0,0
TXN006441,15.19,23,Shopping,Android,Chennai,0,832,0,0
TXN006442,127.24,6,Other,iOS,Chennai,0,2112,0,0
TXN006443,28.22,11,Food,Android,Pune,1,1220,0,0
TXN006444,437.94,3,Other,iOS,Hyderabad,0,2878,1,0
TXN006445,380.31,23,Bills,Android,Delhi,2,1130,1,0
TXN006446,50.52,10,Entertainment,iOS,Bangalore,0,1430,0,0
TXN006447,59.19,13,Travel,Android,Mumbai,0,1797,0,0
TXN006448,85.33,17,Bills,Web,Hyderabad,0,2384,0,0
TXN006449,9.94,6,Other,Android,Mumbai,0,323,0,0
TXN006450,222.11,4,Travel,Web,Chennai,2,1607,0,0
TXN006451,106.97,15,Travel,Android,Delhi,1,202,0,0
TXN006452,475.43,10,Other,iOS,Pune,0,1216,0,0
TXN006453,39.72,21,Other,Android,Delhi,0,1478,0,0
TXN006454,70.6,2,Food,iOS,Mumbai,0,333,0,0
TXN006455,24.34,15,Entertainment,iOS,Pune,0,1876,0,0
TXN006456,44.47,10,Other,iOS,Chennai,1,2981,0,0
TXN006457,35.93,9,Travel,Android,Pune,0,695,0,0
TXN006458,490.37,22,Travel,iOS,Pune,0,2952,1,0
TXN006459,64.21,22,Bills,Android,Delhi,1,1791,0,0
TXN006460,172.26,1,Entertainment,Android,Bangalore,0,1690,0,0
TXN006461,93.98,15,Entertainment,Android,Chennai,0,2960,0,0
TXN006462,32.35,16,Travel,Android,Hyderabad,0,2746,0,0
TXN006463,121.27,9,Entertainment,iOS,Hyderabad,0,2900,0,0
TXN006464,304.58,17,Bills,Android,Hyderabad,0,1759,0,0
TXN006465,34.84,11,Food,Android,Bangalore,2,1379,0,0
TXN006466,391.87,7,Travel,iOS,Chennai,0,1828,0,0
TXN006467,53.53,2,Shopping,Web,Pune,0,1640,1,0
TXN006468,83.13,19,Travel,iOS,Mumbai,1,152,0,0
TXN006469,280.57,23,Travel,iOS,Mumbai,0,1133,1,0
TXN006470,66.95,2,Food,iOS,Chennai,0,2498,0,0
TXN006471,155.26,5,Other,iOS,Bangalore,0,1312,0,0
TXN006472,101.73,1,Other,Web,Chennai,0,2194,0,0
TXN006473,173.34,2,Shopping,Android,Mumbai,0,2981,0,0
TXN006474,8.53,16,Shopping,Android,Chennai,0,197,0,0
TXN006475,16.52,8,Shopping,iOS,Hyderabad,0,558,0,0
TXN006476,310.8,3,Other,Web,Pune,0,411,0,0
TXN006477,515.23,21,Food,Android,Chennai,1,2819,0,0
TXN006478,49.77,22,Entertainment,iOS,Pune,0,1417,0,0
TXN006479,110.74,1,Shopping,iOS,Delhi,0,274,0,0
TXN006480,211.38,23,Entertainment,Android,Chennai,0,1978,0,0
TXN006481,340.99,8,Bills,Android,Mumbai,1,99,0,0
TXN006482,13.02,13,Food,iOS,Mumbai,2,1872,0,0
TXN006483,51.25,10,Entertainment,Android,Pune,1,1806,0,0
TXN006484,99.57,1,Other,Android,Mumbai,0,1382,0,0
TXN006485,345.08,20,Other,Web,Hyderabad,1,1437,0,0
TXN006486,2975.35,1,Shopping,iOS,Mumbai,1,1759,1,1
TXN006487,112.89,4,Shopping,iOS,Delhi,1,854,1,0
TXN006488,27.43,6,Entertainment,iOS,Chennai,0,198,0,0
TXN006489,240.5,21,Other,iOS,Bangalore,0,1285,0,0
TXN006490,724.29,3,Entertainment,iOS,Mumbai,1,1147,0,0
TXN006491,168.95,13,Bills,Android,Chennai,0,2013,0,0
TXN006492,50.0,1,Food,iOS,Hyderabad,0,2721,0,0
TXN006493,468.53,22,Other,iOS,Chennai,0,488,0,0
TXN006494,329.06,11,Travel,iOS,Mumbai,0,548,0,0
TXN006495,43.32,9,Other,Android,Mumbai,0,1647,0,0
TXN006496,234.56,0,Bills,Android,Pune,0,165,0,0
TXN006497,491.13,18,Other,Android,Mumbai,1,1915,1,0
TXN006498,612.94,22,Bills,iOS,Delhi,0,2668,0,0
TXN006499,137.04,15,Other,Web,Chennai,0,1495,0,0
TXN006500,96.57,14,Bills,Web,Pune,1,2599,1,0
TXN006501,647.25,13,Shopping,Android,Bangalore,0,1163,0,0
TXN006502,34.74,8,Entertainment,Android,Delhi,0,792,1,0
TXN006503,251.21,20,Other,Android,Bangalore,1,223,1,0
TXN006504,28.67,22,Food,Android,Mumbai,1,2960,0,0
TXN006505,532.96,14,Shopping,iOS,Bangalore,1,2796,0,0
TXN006506,108.89,6,Bills,Web,Bangalore,0,977,0,0
TXN006507,680.14,3,Food,Android,Delhi,0,1279,0,0
TXN006508,267.65,20,Shopping,Android,Delhi,0,2400,0,0
TXN006509,34.2,17,Travel,Android,Chennai,1,1313,1,0
TXN006510,820.2,7,Other,Android,Bangalore,1,2678,0,1
TXN006511,954.79,11,Other,iOS,Delhi,0,2146,0,1
TXN006512,427.84,14,Bills,iOS,Chennai,1,2004,0,0
TXN006513,59.51,14,Shopping,iOS,Bangalore,2,1904,0,0
TXN006514,102.8,16,Shopping,iOS,Bangalore,0,1436,0,0
TXN006515,176.71,1,Bills,Android,Pune,0,2562,0,0
TXN006516,63.79,11,Travel,Android,Mumbai,2,1612,0,0
TXN006517,1130.95,2,Other,Android,Delhi,0,1848,0,1
TXN006518,176.48,6,Entertainment,iOS,Hyderabad,0,1711,0,0
TXN006519,5.79,5,Travel,iOS,Pune,1,1014,0,0
TXN006520,223.01,13,Bills,iOS,Delhi,0,2521,0,0
TXN006521,97.73,22,Entertainment,Android,Pune,2,608,0,0
TXN006522,135.65,4,Shopping,iOS,Mumbai,0,1567,0,0
TXN006523,95.36,3,Travel,Android,Pune,1,424,1,0
TXN006524,390.9,14,Travel,Android,Pune,0,2059,0,0
TXN006525,568.85,6,Other,Android,Chennai,0,2834,0,0
TXN006526,208.44,2,Other,Android,Delhi,3,1154,1,0
TXN006527,98.77,12,Entertainment,iOS,Bangalore,0,170,0,0
TXN006528,141.23,9,Shopping,iOS,Hyderabad,0,1221,0,0
TXN006529,151.95,22,Travel,Android,Chennai,0,553,0,0
TXN006530,56.66,1,Entertainment,Android,Delhi,0,2564,0,0
TXN006531,297.29,11,Travel,Android,Chennai,1,101,0,0
TXN006532,257.77,23,Other,Android,Bangalore,0,705,0,0
TXN006533,942.49,21,Shopping,Android,Pune,0,2109,0,1
TXN006534,669.43,11,Shopping,iOS,Hyderabad,0,2262,0,0
TXN006535,65.18,18,Food,Android,Bangalore,0,1193,1,0
TXN006536,397.17,18,Entertainment,iOS,Hyderabad,0,1967,0,0
TXN006537,47.41,20,Other,Android,Chennai,0,2572,0,0
TXN006538,342.11,2,Other,Android,Pune,0,709,0,0
TXN006539,79.84,5,Other,Android,Pune,0,971,0,0
TXN006540,43.47,1,Bills,iOS,Delhi,0,452,0,0
TXN006541,207.69,23,Travel,Android,Hyderabad,0,604,1,0
TXN006542,5.99,12,Shopping,Android,Bangalore,0,1786,0,0
TXN006543,18.15,8,Travel,Web,Hyderabad,0,269,0,0
TXN006544,119.94,12,Travel,Android,Chennai,1,1364,0,0
TXN006545,163.85,22,Bills,Web,Pune,0,837,0,0
TXN006546,95.28,13,Shopping,Android,Chennai,0,1978,0,0
TXN006547,22.3,18,Food,iOS,Chennai,0,2430,0,0
TXN006548,55.62,10,Other,Android,Delhi,0,270,0,0
TXN006549,237.33,13,Entertainment,Android,Chennai,0,713,0,0
TXN006550,298.31,15,Travel,Android,Delhi,0,2609,0,0
TXN006551,145.55,9,Bills,Android,Mumbai,2,2035,0,0
TXN006552,594.79,19,Bills,iOS,Hyderabad,0,2930,0,0
TXN006553,239.1,15,Entertainment,iOS,Pune,0,386,0,0
TXN006554,60.52,1,Entertainment,Android,Pune,0,2104,0,0
TXN006555,106.0,15,Shopping,Android,Bangalore,0,323,0,0
TXN006556,27.57,13,Travel,Android,Pune,0,1015,0,0
TXN006557,130.35,20,Travel,iOS,Delhi,0,2431,0,0
TXN006558,563.7,17,Entertainment,Android,Pune,0,105,0,0
TXN006559,337.76,5,Other,Android,Delhi,0,957,1,0
TXN006560,798.24,6,Food,iOS,Pune,0,1284,0,1
TXN006561,103.19,12,Travel,Android,Bangalore,1,2952,0,0
TXN006562,746.44,1,Bills,Android,Hyderabad,1,1755,0,1
TXN006563,117.69,14,Other,Android,Chennai,2,1433,0,0
TXN006564,867.75,16,Entertainment,iOS,Hyderabad,0,2119,0,1
TXN006565,144.57,12,Travel,Android,Delhi,1,444,0,0
TXN006566,346.78,6,Shopping,iOS,Chennai,1,2310,0,0
TXN006567,871.43,0,Entertainment,Android,Mumbai,1,2915,0,1
TXN006568,117.67,2,Bills,Android,Bangalore,0,104,0,0
TXN006569,192.88,19,Shopping,iOS,Hyderabad,0,665,0,0
TXN006570,696.9,17,Entertainment,Android,Chennai,0,923,0,0
TXN006571,126.52,6,Entertainment,Android,Bangalore,0,1303,0,0
TXN006572,30.41,20,Travel,Android,Hyderabad,1,2481,0,0
TXN006573,1942.26,16,Shopping,Android,Delhi,0,1584,0,1
TXN006574,84.46,11,Entertainment,iOS,Delhi,0,666,0,0
TXN006575,179.56,15,Other,Android,Delhi,0,2555,0,0
TXN006576,594.2,23,Bills,iOS,Mumbai,1,2467,0,0
TXN006577,71.51,9,Shopping,iOS,Pune,1,853,0,0
TXN006578,44.28,22,Other,iOS,Delhi,0,668,0,0
TXN006579,201.24,15,Travel,iOS,Delhi,1,1519,0,0
TXN006580,17.26,19,Food,iOS,Pune,0,641,0,0
TXN006581,105.06,17,Entertainment,Android,Delhi,1,2841,0,0
TXN006582,199.15,14,Food,Android,Chennai,0,2375,0,0
TXN006583,107.35,22,Entertainment,Android,Bangalore,0,2649,0,0
TXN006584,23.29,10,Other,iOS,Mumbai,1,1309,0,0
TXN006585,1005.27,17,Travel,iOS,Hyderabad,0,85,0,1
TXN006586,168.05,5,Travel,Android,Pune,0,288,0,0
TXN006587,826.65,0,Travel,iOS,Pune,0,524,0,1
TXN006588,108.63,22,Travel,iOS,Pune,1,2120,0,0
TXN006589,51.62,6,Shopping,Android,Mumbai,0,441,0,0
TXN006590,205.0,11,Shopping,Android,Bangalore,0,1190,0,0
TXN006591,114.56,19,Entertainment,Android,Delhi,0,369,1,0
TXN006592,36.11,3,Shopping,iOS,Pune,0,2351,0,0
TXN006593,865.88,9,Entertainment,Android,Delhi,0,2839,0,1
TXN006594,70.34,20,Shopping,Android,Hyderabad,1,1074,0,0
TXN006595,16.31,1,Shopping,Web,Pune,0,2231,1,0
TXN006596,730.55,8,Shopping,iOS,Mumbai,0,2612,1,0
TXN006597,81.03,9,Bills,Android,Mumbai,0,935,0,0
TXN006598,71.57,19,Travel,Android,Hyderabad,2,2578,0,0
TXN006599,17.84,10,Bills,Android,Mumbai,0,969,0,0
TXN006600,1198.86,13,Shopping,Web,Mumbai,0,1834,0,1
TXN006601,31.58,2,Shopping,Web,Mumbai,0,210,0,0
TXN006602,159.2,0,Bills,iOS,Pune,1,1811,0,0
TXN006603,443.7,6,Other,Android,Hyderabad,0,1749,0,0
TXN006604,246.18,3,Entertainment,Android,Pune,2,2729,0,0
TXN006605,138.16,6,Travel,Android,Hyderabad,0,1560,0,0
TXN006606,19.26,15,Entertainment,Android,Bangalore,0,513,0,0
TXN006607,56.17,9,Other,Android,Mumbai,0,32,0,0
TXN006608,185.93,14,Travel,iOS,Bangalore,0,704,1,0
TXN006609,57.71,15,Food,Android,Chennai,0,2821,0,0
TXN006610,189.43,5,Travel,Android,Chennai,1,890,0,0
TXN006611,336.33,3,Entertainment,iOS,Mumbai,0,187,0,0
TXN006612,471.07,3,Travel,Android,Delhi,1,2660,0,0
TXN006613,34.08,23,Food,iOS,Chennai,0,915,0,0
TXN006614,2071.39,22,Food,Android,Delhi,0,494,1,1
TXN006615,372.78,3,Shopping,Android,Bangalore,2,2251,0,0
TXN006616,148.11,21,Food,Android,Mumbai,1,2985,0,0
TXN006617,548.64,21,Bills,Web,Bangalore,0,1751,0,0
TXN006618,2536.37,16,Entertainment,iOS,Pune,2,527,1,1
TXN006619,26.4,12,Bills,Android,Bangalore,0,2902,0,0
TXN006620,113.26,1,Other,Android,Hyderabad,0,1469,0,0
TXN006621,8.55,19,Bills,iOS,Mumbai,1,1678,0,0
TXN006622,187.01,5,Entertainment,Android,Hyderabad,1,2317,0,0
TXN006623,230.09,21,Other,Web,Bangalore,1,1885,0,0
TXN006624,141.6,0,Bills,Web,Delhi,1,2279,0,0
TXN006625,67.66,7,Bills,iOS,Mumbai,0,769,0,0
TXN006626,12.69,17,Other,Web,Mumbai,0,351,0,0
TXN006627,232.35,20,Bills,Android,Chennai,0,2731,0,0
TXN006628,851.09,3,Food,Android,Delhi,0,2215,0,1
TXN006629,73.02,4,Entertainment,Android,Pune,0,1157,0,0
TXN006630,251.66,4,Entertainment,Android,Delhi,1,2397,0,0
TXN006631,22.61,14,Entertainment,Web,Bangalore,1,818,0,0
TXN006632,256.89,9,Bills,Android,Bangalore,0,2854,0,0
TXN006633,92.57,7,Food,iOS,Bangalore,0,678,0,0
TXN006634,59.45,6,Entertainment,iOS,Chennai,0,431,0,0
TXN006635,59.59,11,Travel,Android,Delhi,0,1173,1,0
TXN006636,92.54,10,Entertainment,Android,Hyderabad,0,2146,0,0
TXN006637,234.84,12,Shopping,Android,Delhi,0,2139,0,0
TXN006638,30.74,14,Travel,Android,Hyderabad,0,1709,1,0
TXN006639,92.15,16,Entertainment,Android,Mumbai,0,2198,0,0
TXN006640,141.21,21,Bills,Android,Hyderabad,0,2593,0,0
TXN006641,39.69,21,Entertainment,iOS,Mumbai,1,2708,0,0
TXN006642,1281.77,17,Food,iOS,Pune,0,1154,0,1
TXN006643,53.29,7,Food,Android,Pune,0,1285,0,0
TXN006644,66.47,5,Entertainment,Android,Bangalore,1,1771,0,0
TXN006645,45.88,10,Bills,iOS,Delhi,0,2702,0,0
TXN006646,1284.57,8,Bills,Android,Bangalore,1,2409,0,1
TXN006647,288.15,4,Bills,Android,Delhi,0,1301,0,0
TXN006648,48.24,6,Entertainment,iOS,Hyderabad,0,1215,0,0
TXN006649,559.74,21,Entertainment,Web,Delhi,1,1825,0,0
TXN006650,188.83,14,Shopping,Web,Hyderabad,0,2056,0,0
TXN006651,202.09,20,Food,Android,Delhi,0,775,0,0
TXN006652,98.16,21,Travel,Android,Mumbai,1,445,0,0
TXN006653,60.38,3,Travel,Android,Hyderabad,0,2975,0,0
TXN006654,222.59,18,Food,Web,Bangalore,0,599,0,0
TXN006655,77.16,12,Other,Android,Bangalore,0,179,0,0
TXN006656,1313.05,0,Shopping,Android,Bangalore,1,2096,0,1
TXN006657,32.36,0,Food,iOS,Bangalore,0,49,1,0
TXN006658,937.66,21,Shopping,Web,Mumbai,0,2433,1,1
TXN006659,129.85,13,Other,iOS,Mumbai,1,2833,0,0
TXN006660,212.49,8,Shopping,Android,Chennai,0,1999,0,0
TXN006661,403.34,23,Bills,Android,Chennai,0,817,1,0
TXN006662,69.67,11,Food,iOS,Chennai,0,2378,1,0
TXN006663,418.68,17,Travel,iOS,Pune,0,1909,0,0
TXN006664,5.76,8,Entertainment,Android,Chennai,0,1292,1,0
TXN006665,62.55,7,Other,Android,Delhi,0,2902,0,0
TXN006666,48.97,13,Other,iOS,Pune,0,60,0,0
TXN006667,32.98,8,Entertainment,Android,Hyderabad,1,2540,0,0
TXN006668,114.67,19,Food,iOS,Bangalore,1,1611,0,0
TXN006669,235.78,1,Entertainment,Android,Delhi,0,932,0,0
TXN006670,344.88,0,Shopping,Android,Pune,0,846,0,0
TXN006671,198.16,12,Entertainment,Web,Mumbai,0,436,0,0
TXN006672,66.76,9,Shopping,Android,Bangalore,0,1018,0,0
TXN006673,231.09,7,Shopping,iOS,Hyderabad,0,2630,0,0
TXN006674,172.28,6,Travel,Android,Hyderabad,1,2977,0,0
TXN006675,456.35,23,Entertainment,Android,Mumbai,0,2172,0,0
TXN006676,377.03,11,Travel,iOS,Bangalore,1,2671,0,0
TXN006677,153.94,16,Entertainment,iOS,Chennai,1,1162,0,0
TXN006678,50.57,11,Shopping,iOS,Bangalore,0,188,0,0
TXN006679,67.79,15,Entertainment,Android,Bangalore,1,2124,0,0
TXN006680,76.73,9,Other,Android,Hyderabad,0,2433,0,0
TXN006681,101.66,11,Other,Web,Mumbai,3,1583,0,0
TXN006682,204.72,10,Travel,Android,Bangalore,1,231,0,0
TXN006683,350.1,13,Bills,iOS,Delhi,1,1316,0,0
TXN006684,139.58,21,Other,Android,Delhi,0,2627,0,0
TXN006685,151.31,19,Travel,Web,Mumbai,3,1071,0,0
TXN006686,176.26,12,Bills,Web,Chennai,0,1062,0,0
TXN006687,79.91,1,Food,Android,Pune,1,904,0,0
TXN006688,48.89,19,Travel,iOS,Bangalore,1,1371,1,0
TXN006689,18.06,6,Other,Android,Pune,1,1949,0,0
TXN006690,64.45,0,Other,Android,Bangalore,1,69,1,0
TXN006691,261.85,2,Entertainment,Android,Hyderabad,1,1526,0,0
TXN006692,63.85,19,Bills,iOS,Bangalore,0,642,0,0
TXN006693,111.57,11,Other,Android,Pune,0,87,0,0
TXN006694,259.75,4,Entertainment,iOS,Chennai,1,1762,0,0
TXN006695,277.22,11,Bills,Android,Bangalore,0,2695,0,0
TXN006696,40.63,2,Travel,Android,Bangalore,1,2427,0,0
TXN006697,491.01,19,Travel,iOS,Hyderabad,0,1328,0,0
TXN006698,574.11,4,Entertainment,Android,Delhi,0,1771,0,0
TXN006699,38.25,0,Travel,iOS,Delhi,0,2363,0,0
TXN006700,55.22,15,Entertainment,iOS,Chennai,2,2122,0,0
TXN006701,619.75,8,Shopping,iOS,Mumbai,0,1003,0,0
TXN006702,124.43,9,Bills,Android,Mumbai,0,2492,0,0
TXN006703,10.34,9,Entertainment,Android,Hyderabad,0,2113,0,0
TXN006704,27.67,12,Bills,iOS,Pune,0,964,0,0
TXN006705,110.03,15,Shopping,iOS,Pune,0,1359,0,0
TXN006706,36.76,19,Bills,Android,Bangalore,1,1915,0,0
TXN006707,90.37,3,Entertainment,iOS,Hyderabad,0,2115,0,0
TXN006708,154.3,13,Travel,Android,Pune,0,2316,1,0
TXN006709,858.09,16,Bills,Android,Delhi,0,2984,0,1
TXN006710,104.74,4,Bills,iOS,Chennai,1,1902,0,0
TXN006711,537.57,12,Other,Android,Mumbai,0,1639,0,0
TXN006712,824.28,2,Other,Android,Bangalore,0,813,0,1
TXN006713,829.79,4,Shopping,Android,Mumbai,0,1512,0,1
TXN006714,208.87,15,Food,Android,Delhi,0,2244,0,0
TXN006715,14.07,18,Travel,iOS,Bangalore,0,1266,0,0
TXN006716,258.01,18,Entertainment,Android,Delhi,0,761,0,0
TXN006717,522.22,16,Shopping,Web,Mumbai,0,1045,0,0
TXN006718,134.66,17,Entertainment,iOS,Mumbai,0,2836,0,0
TXN006719,1204.12,17,Entertainment,Android,Delhi,1,1716,0,1
TXN006720,416.46,22,Bills,Android,Bangalore,1,2398,0,0
TXN006721,293.51,7,Shopping,Android,Delhi,0,986,0,0
TXN006722,546.57,17,Shopping,iOS,Bangalore,0,1235,0,0
TXN006723,221.42,8,Other,Android,Hyderabad,0,1706,0,0
TXN006724,7.45,18,Travel,Android,Hyderabad,0,997,0,0
TXN006725,81.54,9,Food,Android,Bangalore,0,1136,0,0
TXN006726,624.28,1,Entertainment,iOS,Delhi,1,693,0,0
TXN006727,56.31,16,Travel,iOS,Bangalore,1,2181,0,0
TXN006728,113.5,23,Other,iOS,Mumbai,0,1688,0,0
TXN006729,42.36,12,Travel,iOS,Delhi,0,1782,0,0
TXN006730,1262.32,10,Entertainment,Android,Pune,0,904,1,1
TXN006731,1116.32,15,Bills,iOS,Bangalore,0,311,0,1
TXN006732,51.39,19,Bills,Android,Mumbai,1,1991,0,0
TXN006733,177.11,6,Entertainment,Android,Chennai,0,2557,0,0
TXN006734,65.59,2,Other,iOS,Mumbai,1,2694,0,0
TXN006735,310.42,15,Other,Android,Pune,2,2522,0,0
TXN006736,273.59,18,Shopping,Android,Bangalore,0,2991,0,0
TXN006737,393.09,19,Food,iOS,Delhi,1,96,0,0
TXN006738,221.03,15,Bills,Android,Delhi,0,1707,0,0
TXN006739,5026.54,1,Food,Android,Hyderabad,0,477,1,1
TXN006740,43.23,13,Travel,Web,Pune,0,2365,0,0
TXN006741,19.05,19,Travel,Android,Bangalore,0,1241,0,0
TXN006742,92.6,9,Entertainment,iOS,Mumbai,0,642,0,0
TXN006743,22.61,18,Entertainment,iOS,Mumbai,0,2482,0,0
TXN006744,24.76,23,Entertainment,Android,Pune,0,2439,0,0
TXN006745,44.63,10,Other,Android,Bangalore,0,2722,1,0
TXN006746,49.08,17,Bills,iOS,Mumbai,0,608,0,0
TXN006747,47.2,10,Food,iOS,Chennai,0,753,0,0
TXN006748,276.4,8,Travel,Android,Pune,0,2758,0,0
TXN006749,80.85,18,Food,Android,Hyderabad,1,2079,0,0
TXN006750,119.65,19,Bills,Android,Delhi,0,1182,1,0
TXN006751,434.02,9,Food,iOS,Mumbai,0,1972,0,0
TXN006752,59.17,2,Food,Android,Chennai,0,2253,0,0
TXN006753,108.04,2,Other,Web,Bangalore,1,1846,0,0
TXN006754,230.19,23,Entertainment,Web,Mumbai,0,119,0,0
TXN006755,14.44,7,Other,iOS,Pune,2,1942,0,0
TXN006756,8.48,5,Other,iOS,Bangalore,3,1888,0,0
TXN006757,224.83,19,Food,Android,Chennai,1,1148,0,0
TXN006758,267.85,0,Food,Android,Chennai,1,1656,0,0
TXN006759,1767.05,19,Other,iOS,Delhi,0,2794,1,1
TXN006760,179.42,23,Food,Android,Bangalore,0,972,0,0
TXN006761,396.9,5,Other,Android,Hyderabad,0,1428,0,0
TXN006762,117.38,1,Shopping,iOS,Delhi,0,1112,0,0
TXN006763,212.02,18,Other,Android,Bangalore,0,1996,1,0
TXN006764,1097.41,6,Travel,iOS,Bangalore,2,771,0,1
TXN006765,11.6,10,Travel,Android,Chennai,1,2131,0,0
TXN006766,243.8,10,Food,Android,Pune,0,2840,0,0
TXN006767,1925.04,3,Other,Android,Chennai,0,1612,1,1
TXN006768,208.19,19,Other,Web,Bangalore,1,2735,1,0
TXN006769,1075.66,15,Entertainment,iOS,Pune,0,2286,0,1
TXN006770,69.75,4,Entertainment,Android,Pune,0,2195,0,0
TXN006771,142.81,23,Entertainment,Android,Chennai,0,246,0,0
TXN006772,154.51,6,Other,Web,Bangalore,0,2711,0,0
TXN006773,10.37,15,Other,Android,Bangalore,1,1207,0,0
TXN006774,36.53,14,Travel,Android,Pune,1,1358,0,0
TXN006775,39.8,4,Bills,Android,Delhi,1,907,0,0
TXN006776,398.01,0,Food,iOS,Delhi,0,1956,0,0
TXN006777,422.67,19,Travel,Android,Hyderabad,1,1211,0,0
TXN006778,218.95,21,Entertainment,Android,Delhi,2,1662,0,0
TXN006779,398.98,21,Travel,iOS,Mumbai,0,2230,1,0
TXN006780,121.88,8,Travel,Android,Mumbai,0,822,0,0
TXN006781,627.86,20,Travel,iOS,Chennai,0,952,0,0
TXN006782,149.99,4,Entertainment,Android,Pune,0,64,1,0
TXN006783,159.08,21,Bills,Android,Mumbai,0,2184,0,0
TXN006784,107.91,5,Shopping,Android,Delhi,0,1391,0,0
TXN006785,337.42,2,Food,iOS,Pune,1,2966,0,0
TXN006786,89.53,5,Food,Android,Hyderabad,3,2347,1,0
TXN006787,479.01,7,Travel,Android,Bangalore,0,1728,0,0
TXN006788,38.15,5,Bills,iOS,Hyderabad,0,1599,0,0
TXN006789,39.7,15,Entertainment,iOS,Delhi,1,2988,0,0
TXN006790,338.63,15,Shopping,Android,Delhi,0,2986,0,0
TXN006791,133.45,20,Shopping,Android,Delhi,1,2817,0,0
TXN006792,86.08,2,Travel,Android,Chennai,0,2501,0,0
TXN006793,431.85,16,Travel,iOS,Mumbai,0,2265,0,0
TXN006794,71.61,20,Entertainment,iOS,Delhi,0,2578,0,0
TXN006795,116.72,5,Entertainment,iOS,Bangalore,0,2879,0,0
TXN006796,795.58,5,Other,iOS,Mumbai,2,298,0,1
TXN006797,941.03,21,Entertainment,iOS,Mumbai,0,2337,0,1
TXN006798,979.34,18,Travel,Android,Chennai,1,1962,0,1
TXN006799,105.79,19,Bills,Android,Hyderabad,0,1101,0,0
TXN006800,649.92,14,Travel,iOS,Pune,0,137,0,0
TXN006801,47.53,18,Travel,Android,Mumbai,2,2804,0,0
TXN006802,49.98,1,Shopping,Android,Mumbai,2,1402,0,0
TXN006803,8.84,7,Entertainment,Android,Delhi,0,2612,0,0
TXN006804,1104.82,6,Food,Web,Bangalore,1,608,0,1
TXN006805,52.63,7,Entertainment,Android,Delhi,0,2749,0,0
TXN006806,127.51,12,Other,Android,Bangalore,0,544,1,0
TXN006807,49.78,21,Bills,iOS,Mumbai,0,937,1,0
TXN006808,341.79,14,Bills,Android,Bangalore,0,2201,0,0
TXN006809,94.56,11,Entertainment,Web,Delhi,1,1249,0,0
TXN006810,31.01,14,Entertainment,Android,Delhi,0,2622,0,0
TXN006811,252.14,13,Travel,iOS,Hyderabad,1,1085,0,0
TXN006812,26.56,6,Food,Android,Chennai,1,2734,0,0
TXN006813,54.33,16,Travel,iOS,Hyderabad,1,1638,1,0
TXN006814,11.84,4,Shopping,iOS,Mumbai,0,2586,0,0
TXN006815,26.88,19,Shopping,iOS,Bangalore,0,2354,0,0
TXN006816,183.87,9,Bills,iOS,Delhi,0,1312,0,0
TXN006817,14.05,18,Bills,Android,Delhi,0,1284,0,0
TXN006818,25.09,17,Food,Web,Delhi,1,322,0,0
TXN006819,147.99,23,Bills,iOS,Pune,3,2313,0,0
TXN006820,77.3,9,Other,iOS,Delhi,0,574,0,0
TXN006821,1620.43,1,Shopping,iOS,Pune,1,1741,1,1
TXN006822,1340.34,5,Food,Android,Mumbai,0,2735,0,1
TXN006823,52.38,2,Shopping,iOS,Chennai,1,2720,0,0
TXN006824,289.62,18,Entertainment,Android,Hyderabad,0,674,1,0
TXN006825,364.72,4,Entertainment,iOS,Pune,0,1257,0,0
TXN006826,72.46,6,Food,Android,Hyderabad,3,1581,0,0
TXN006827,24.66,6,Travel,Android,Pune,0,888,1,0
TXN006828,146.24,9,Other,Web,Delhi,0,614,0,0
TXN006829,120.61,0,Other,Web,Delhi,0,2767,0,0
TXN006830,87.98,10,Bills,iOS,Bangalore,0,2072,0,0
TXN006831,252.34,22,Food,iOS,Delhi,0,2262,0,0
TXN006832,60.29,6,Other,iOS,Hyderabad,0,1622,0,0
TXN006833,37.25,5,Bills,iOS,Bangalore,0,1416,0,0
TXN006834,169.17,5,Shopping,Android,Bangalore,0,2163,0,0
TXN006835,235.84,12,Travel,Web,Delhi,0,862,0,0
TXN006836,36.16,15,Bills,iOS,Bangalore,1,2902,0,0
TXN006837,452.01,12,Entertainment,iOS,Chennai,0,2780,0,0
TXN006838,17.73,1,Entertainment,Web,Delhi,0,224,0,0
TXN006839,74.16,18,Shopping,iOS,Chennai,1,2082,0,0
TXN006840,108.9,18,Food,Android,Delhi,0,435,0,0
TXN006841,69.17,18,Bills,Web,Pune,0,2974,0,0
TXN006842,75.33,17,Shopping,Android,Chennai,0,204,0,0
TXN006843,1401.49,5,Entertainment,iOS,Delhi,0,1998,0,1
TXN006844,53.46,1,Entertainment,Android,Hyderabad,0,1185,0,0
TXN006845,2777.94,18,Entertainment,iOS,Pune,0,1971,0,1
TXN006846,250.77,5,Travel,iOS,Pune,1,629,1,0
TXN006847,165.75,19,Travel,iOS,Pune,1,2772,0,0
TXN006848,262.83,22,Entertainment,Android,Delhi,0,139,0,0
TXN006849,3089.96,21,Other,Android,Hyderabad,0,2689,0,1
TXN006850,45.05,14,Food,iOS,Mumbai,1,1506,0,0
TXN006851,38.69,5,Travel,Web,Pune,0,2916,0,0
TXN006852,59.99,2,Bills,Android,Mumbai,0,257,0,0
TXN006853,154.25,10,Travel,Android,Delhi,0,773,0,0
TXN006854,18.71,7,Bills,Android,Pune,0,776,0,0
TXN006855,152.45,21,Travel,Web,Hyderabad,0,2568,0,0
TXN006856,1132.58,17,Entertainment,iOS,Hyderabad,1,1321,0,1
TXN006857,177.98,16,Bills,Web,Pune,0,2745,0,0
TXN006858,104.46,18,Food,iOS,Bangalore,0,2591,0,0
TXN006859,70.68,18,Travel,Android,Bangalore,0,2956,0,0
TXN006860,436.25,23,Travel,iOS,Pune,1,688,0,0
TXN006861,55.09,20,Entertainment,Android,Chennai,0,1394,0,0
TXN006862,1360.59,16,Bills,Android,Bangalore,1,2382,0,1
TXN006863,1510.25,3,Other,Android,Delhi,0,397,1,1
TXN006864,201.97,6,Entertainment,Android,Bangalore,1,601,0,0
TXN006865,146.38,4,Bills,Android,Bangalore,0,2887,0,0
TXN006866,511.22,15,Travel,Android,Delhi,0,804,0,0
TXN006867,552.12,5,Travel,Android,Delhi,1,839,0,0
TXN006868,56.42,13,Travel,Android,Chennai,0,2262,1,0
TXN006869,78.9,19,Travel,iOS,Hyderabad,0,813,0,0
TXN006870,30.36,1,Shopping,Android,Bangalore,0,1680,0,0
TXN006871,242.47,17,Travel,Android,Pune,1,1475,0,0
TXN006872,330.28,17,Travel,Android,Pune,1,329,0,0
TXN006873,29.37,12,Other,iOS,Mumbai,0,1309,0,0
TXN006874,85.95,17,Other,iOS,Hyderabad,0,2311,0,0
TXN006875,29.47,16,Bills,iOS,Delhi,1,2890,0,0
TXN006876,50.47,12,Travel,iOS,Pune,2,2320,0,0
TXN006877,287.5,11,Travel,Android,Bangalore,1,699,0,0
TXN006878,61.55,2,Bills,Android,Chennai,0,1441,0,0
TXN006879,103.44,21,Travel,Android,Mumbai,0,379,0,0
TXN006880,21.06,6,Travel,Web,Hyderabad,0,2368,0,0
TXN006881,185.75,0,Entertainment,iOS,Bangalore,0,2650,1,0
TXN006882,140.73,4,Shopping,Android,Delhi,0,1560,0,0
TXN006883,61.88,20,Bills,Android,Hyderabad,0,1698,0,0
TXN006884,118.3,0,Entertainment,Android,Mumbai,0,1387,0,0
TXN006885,184.26,3,Other,Android,Delhi,0,2973,0,0
TXN006886,55.82,0,Food,iOS,Mumbai,0,1478,0,0
TXN006887,25.24,12,Food,iOS,Bangalore,0,2886,0,0
TXN006888,1295.55,13,Other,iOS,Hyderabad,1,1925,0,1
TXN006889,69.41,14,Shopping,Android,Chennai,2,1849,0,0
TXN006890,132.14,16,Food,Android,Bangalore,0,167,0,0
TXN006891,499.2,11,Shopping,iOS,Pune,1,2195,0,0
TXN006892,10248.29,6,Food,iOS,Bangalore,0,666,0,1
TXN006893,33.34,22,Food,Android,Chennai,0,1233,0,0
TXN006894,254.63,18,Entertainment,Android,Chennai,0,251,0,0
TXN006895,63.49,22,Food,iOS,Pune,1,1423,0,0
TXN006896,77.75,2,Other,Android,Pune,0,189,0,0
TXN006897,62.54,17,Shopping,Android,Delhi,0,1257,0,0
TXN006898,38.44,3,Travel,Android,Mumbai,0,2634,0,0
TXN006899,141.24,2,Travel,iOS,Bangalore,0,557,0,0
TXN006900,25.29,11,Travel,Android,Delhi,0,2679,0,0
TXN006901,462.28,22,Shopping,iOS,Pune,0,2880,0,0
TXN006902,158.54,11,Shopping,Android,Delhi,0,646,1,0
TXN006903,246.39,16,Travel,Android,Bangalore,0,2029,0,0
TXN006904,84.82,5,Other,iOS,Mumbai,1,1710,1,0
TXN006905,95.52,14,Food,iOS,Chennai,0,244,0,0
TXN006906,209.57,1,Travel,iOS,Bangalore,0,2503,0,0
TXN006907,36.71,7,Bills,Android,Mumbai,0,1971,0,0
TXN006908,96.58,13,Shopping,Android,Chennai,1,719,0,0
TXN006909,52.9,4,Bills,iOS,Hyderabad,0,1586,0,0
TXN006910,50.97,2,Bills,Android,Bangalore,1,767,0,0
TXN006911,11.8,9,Shopping,Android,Pune,0,802,0,0
TXN006912,740.4,6,Travel,Android,Bangalore,1,1539,0,1
TXN006913,65.11,10,Other,Android,Pune,0,1617,0,0
TXN006914,599.47,14,Entertainment,Android,Mumbai,0,1468,0,0
TXN006915,535.15,1,Bills,Web,Delhi,0,1484,0,0
TXN006916,31.72,4,Travel,iOS,Delhi,0,2672,0,0
TXN006917,40.2,10,Entertainment,Web,Mumbai,0,2005,0,0
TXN006918,3205.44,7,Bills,Web,Bangalore,1,2489,0,1
TXN006919,1213.31,12,Travel,Android,Bangalore,1,172,0,1
TXN006920,142.9,10,Bills,Android,Pune,0,1359,0,0
TXN006921,202.12,16,Travel,iOS,Bangalore,0,446,0,0
TXN006922,69.62,14,Other,iOS,Hyderabad,0,1593,1,0
TXN006923,249.34,0,Food,Android,Pune,0,843,1,0
TXN006924,62.76,18,Food,Android,Delhi,0,2705,0,0
TXN006925,12.95,15,Shopping,Android,Hyderabad,0,2917,1,0
TXN006926,30.39,18,Entertainment,Android,Bangalore,0,1541,0,0
TXN006927,152.22,12,Bills,Android,Delhi,1,1816,0,0
TXN006928,38.2,22,Bills,Android,Pune,0,1678,0,0
TXN006929,136.9,21,Travel,iOS,Bangalore,2,1147,1,0
TXN006930,40.87,22,Entertainment,Android,Pune,0,484,0,0
TXN006931,58.04,3,Bills,Web,Bangalore,1,1710,1,0
TXN006932,413.14,10,Entertainment,Android,Mumbai,0,107,1,0
TXN006933,199.73,17,Entertainment,Web,Delhi,0,676,0,0
TXN006934,146.7,17,Food,Android,Bangalore,3,1132,0,0
TXN006935,426.14,9,Bills,iOS,Chennai,0,869,0,0
TXN006936,264.21,16,Bills,Android,Chennai,0,277,0,0
TXN006937,842.08,12,Shopping,iOS,Pune,1,1180,0,1
TXN006938,85.47,13,Entertainment,iOS,Bangalore,1,2118,0,0
TXN006939,88.63,6,Travel,Android,Mumbai,0,1968,0,0
TXN006940,31.15,9,Food,Android,Pune,0,1755,0,0
TXN006941,88.7,2,Shopping,Android,Bangalore,0,933,0,0
TXN006942,472.35,1,Food,Android,Chennai,0,443,0,0
TXN006943,706.26,18,Travel,Android,Delhi,0,705,0,0
TXN006944,469.83,6,Shopping,iOS,Mumbai,2,2159,0,0
TXN006945,17.24,4,Food,Android,Bangalore,0,1439,0,0
TXN006946,544.45,2,Travel,iOS,Chennai,0,1739,0,0
TXN006947,16.34,1,Other,iOS,Delhi,0,362,0,0
TXN006948,436.04,22,Shopping,iOS,Chennai,0,2373,0,0
TXN006949,95.46,21,Travel,Android,Pune,1,470,0,0
TXN006950,344.83,5,Shopping,iOS,Mumbai,0,2856,0,0
TXN006951,30.0,13,Bills,Android,Pune,0,741,0,0
TXN006952,605.1,6,Bills,Android,Hyderabad,1,524,0,0
TXN006953,25.59,21,Food,Android,Bangalore,1,1987,0,0
TXN006954,66.54,1,Entertainment,Web,Pune,0,558,0,0
TXN006955,44.8,10,Other,iOS,Delhi,1,1640,0,0
TXN006956,18.08,20,Entertainment,Android,Mumbai,0,1847,0,0
TXN006957,166.24,2,Travel,Android,Mumbai,0,2943,0,0
TXN006958,1296.35,8,Shopping,Android,Hyderabad,0,2272,1,1
TXN006959,3641.99,7,Bills,Web,Hyderabad,0,2575,0,1
TXN006960,166.77,10,Entertainment,Web,Bangalore,1,182,1,0
TXN006961,566.81,17,Bills,Android,Pune,2,373,0,0
TXN006962,196.08,0,Other,Android,Bangalore,0,1810,0,0
TXN006963,270.06,14,Travel,iOS,Pune,0,145,0,0
TXN006964,98.44,3,Other,Android,Pune,1,971,0,0
TXN006965,187.56,3,Other,Android,Mumbai,1,133,0,0
TXN006966,282.87,9,Travel,iOS,Pune,2,2325,0,0
TXN006967,74.13,10,Shopping,Android,Bangalore,0,1016,0,0
TXN006968,135.23,17,Other,iOS,Bangalore,0,975,0,0
TXN006969,138.36,22,Entertainment,Android,Hyderabad,0,393,0,0
TXN006970,400.09,14,Travel,iOS,Mumbai,1,2761,0,0
TXN006971,41.3,2,Travel,iOS,Chennai,1,1894,0,0
TXN006972,139.51,6,Bills,Android,Chennai,0,1439,1,0
TXN006973,1472.04,6,Food,iOS,Delhi,0,917,0,1
TXN006974,599.97,16,Other,Android,Hyderabad,0,1202,0,0
TXN006975,749.21,21,Entertainment,Android,Delhi,0,1256,1,1
TXN006976,152.83,19,Shopping,Android,Mumbai,2,2053,0,0
TXN006977,218.15,23,Other,Android,Chennai,0,994,0,0
TXN006978,494.07,15,Shopping,Android,Chennai,0,1843,0,0
TXN006979,965.17,15,Bills,iOS,Chennai,1,2534,0,1
TXN006980,14.27,7,Other,Android,Delhi,1,2088,0,0
TXN006981,30.61,2,Shopping,Android,Bangalore,1,1314,0,0
TXN006982,714.32,19,Other,iOS,Delhi,0,2595,0,0
TXN006983,106.46,14,Travel,iOS,Chennai,1,2302,0,0
TXN006984,66.28,0,Other,Android,Hyderabad,0,1325,0,0
TXN006985,32.95,9,Entertainment,Android,Hyderabad,1,2837,0,0
TXN006986,76.25,1,Other,Android,Pune,1,2123,0,0
TXN006987,27.58,6,Shopping,Android,Delhi,0,437,0,0
TXN006988,1824.96,13,Entertainment,iOS,Pune,1,43,1,1
TXN006989,144.47,15,Shopping,Android,Pune,1,565,0,0
TXN006990,138.44,14,Food,iOS,Delhi,2,394,0,0
TXN006991,300.57,6,Food,Web,Pune,1,283,0,0
TXN006992,470.98,12,Entertainment,iOS,Mumbai,0,2921,0,0
TXN006993,461.77,9,Food,Android,Delhi,0,1460,0,0
TXN006994,538.26,8,Food,iOS,Pune,0,1827,0,0
TXN006995,69.62,8,Travel,iOS,Pune,0,1812,0,0
TXN006996,103.81,5,Shopping,iOS,Delhi,1,518,0,0
TXN006997,373.47,23,Food,iOS,Chennai,2,230,0,0
TXN006998,78.82,11,Entertainment,Android,Pune,0,134,1,0
TXN006999,147.51,22,Travel,iOS,Bangalore,0,257,0,0
TXN007000,239.49,19,Food,Web,Chennai,0,2565,0,0
TXN007001,380.78,19,Other,Android,Bangalore,0,2059,0,0
TXN007002,17.58,21,Entertainment,iOS,Chennai,1,1752,0,0
TXN007003,349.92,13,Shopping,iOS,Chennai,0,482,0,0
TXN007004,112.12,19,Other,iOS,Mumbai,0,2957,0,0
TXN007005,346.87,6,Food,iOS,Pune,0,1735,0,0
TXN007006,377.03,7,Entertainment,Android,Bangalore,3,1240,0,0
TXN007007,1021.98,7,Other,iOS,Chennai,0,1984,0,1
TXN007008,753.06,7,Entertainment,iOS,Chennai,0,582,0,1
TXN007009,746.87,1,Bills,iOS,Bangalore,0,112,0,1
TXN007010,839.16,13,Other,iOS,Mumbai,0,862,0,1
TXN007011,210.54,9,Entertainment,Android,Bangalore,0,2419,0,0
TXN007012,154.26,17,Other,Android,Mumbai,0,176,0,0
TXN007013,423.0,17,Bills,iOS,Mumbai,0,1015,0,0
TXN007014,357.27,17,Shopping,Web,Hyderabad,2,2412,0,0
TXN007015,102.42,15,Shopping,Android,Mumbai,3,2870,0,0
TXN007016,241.24,19,Travel,iOS,Hyderabad,0,2756,0,0
TXN007017,142.29,4,Other,iOS,Pune,0,1821,0,0
TXN007018,53.27,19,Bills,iOS,Delhi,0,2300,0,0
TXN007019,698.23,4,Entertainment,iOS,Mumbai,2,635,0,0
TXN007020,158.58,19,Travel,Android,Bangalore,0,277,0,0
TXN007021,1734.46,22,Other,iOS,Hyderabad,0,493,0,1
TXN007022,21.1,9,Travel,iOS,Delhi,1,2501,0,0
TXN007023,76.09,16,Other,iOS,Pune,1,1321,0,0
TXN007024,154.34,12,Shopping,iOS,Delhi,0,889,0,0
TXN007025,581.06,16,Entertainment,Android,Mumbai,1,1635,0,0
TXN007026,239.69,17,Bills,Web,Bangalore,1,711,1,0
TXN007027,215.42,12,Shopping,iOS,Mumbai,2,427,0,0
TXN007028,38.37,16,Travel,iOS,Chennai,1,2338,0,0
TXN007029,37.03,14,Food,Web,Delhi,0,1473,0,0
TXN007030,218.55,11,Travel,Web,Chennai,0,1496,0,0
TXN007031,28.88,9,Food,iOS,Chennai,0,470,0,0
TXN007032,78.39,12,Other,iOS,Hyderabad,1,1881,0,0
TXN007033,270.72,10,Shopping,Android,Chennai,0,1020,1,0
TXN007034,45.66,2,Other,Android,Delhi,0,619,0,0
TXN007035,1018.85,21,Bills,Android,Delhi,0,1021,0,1
TXN007036,644.66,9,Entertainment,Android,Bangalore,0,2040,0,0
TXN007037,22.52,10,Food,iOS,Mumbai,0,1758,0,0
TXN007038,48.48,5,Entertainment,Android,Bangalore,0,2958,0,0
TXN007039,9.56,0,Other,Web,Bangalore,0,337,0,0
TXN007040,58.03,5,Shopping,iOS,Mumbai,3,2726,0,0
TXN007041,372.29,4,Shopping,Android,Delhi,0,173,0,0
TXN007042,90.32,6,Other,Android,Hyderabad,0,359,0,0
TXN007043,258.0,21,Other,Android,Chennai,1,1934,0,0
TXN007044,23.88,11,Shopping,iOS,Hyderabad,0,813,0,0
TXN007045,386.67,11,Bills,Android,Chennai,1,1019,0,0
TXN007046,76.24,6,Food,iOS,Mumbai,3,2384,0,0
TXN007047,150.6,1,Entertainment,iOS,Mumbai,0,2668,0,0
TXN007048,132.76,0,Travel,iOS,Bangalore,0,2904,0,0
TXN007049,32.27,22,Other,Android,Pune,0,1924,0,0
TXN007050,37.2,17,Other,Android,Pune,0,2533,0,0
TXN007051,474.07,11,Shopping,Android,Mumbai,0,2081,0,0
TXN007052,239.56,6,Entertainment,Android,Chennai,0,1439,0,0
TXN007053,523.25,18,Entertainment,iOS,Pune,0,534,1,0
TXN007054,219.11,21,Bills,Android,Hyderabad,0,215,0,0
TXN007055,176.19,2,Food,Android,Hyderabad,2,2947,0,0
TXN007056,18.7,9,Bills,Android,Hyderabad,0,1115,0,0
TXN007057,107.29,10,Bills,iOS,Pune,0,1334,0,0
TXN007058,143.62,4,Entertainment,Android,Hyderabad,0,1688,0,0
TXN007059,1546.47,1,Food,Android,Bangalore,0,1887,1,1
TXN007060,338.44,7,Food,iOS,Pune,0,2817,0,0
TXN007061,937.55,13,Food,Android,Hyderabad,1,899,0,1
TXN007062,304.01,7,Shopping,Android,Chennai,0,2439,0,0
TXN007063,63.21,22,Food,Android,Bangalore,2,2260,0,0
TXN007064,170.81,5,Entertainment,Web,Bangalore,0,1035,0,0
TXN007065,197.05,0,Shopping,Android,Pune,0,2208,0,0
TXN007066,48.09,23,Travel,Android,Bangalore,0,1995,0,0
TXN007067,93.57,0,Other,Web,Mumbai,1,1722,0,0
TXN007068,115.94,7,Bills,Android,Bangalore,0,2263,0,0
TXN007069,1019.17,10,Food,iOS,Chennai,1,819,0,1
TXN007070,12.22,17,Travel,Android,Pune,0,2955,0,0
TXN007071,630.8,23,Food,Android,Pune,0,2027,0,0
TXN007072,48.22,9,Bills,iOS,Hyderabad,0,1715,0,0
TXN007073,28.6,11,Entertainment,Web,Mumbai,1,2861,0,0
TXN007074,611.51,19,Entertainment,Android,Hyderabad,0,2045,0,0
TXN007075,357.19,22,Bills,iOS,Delhi,0,2241,0,0
TXN007076,668.76,15,Travel,iOS,Mumbai,3,2767,0,0
TXN007077,387.94,4,Shopping,Android,Chennai,0,740,0,0
TXN007078,1757.79,15,Other,iOS,Mumbai,0,628,0,1
TXN007079,290.17,23,Other,Android,Bangalore,0,1232,0,0
TXN007080,123.01,11,Other,Android,Mumbai,0,1699,0,0
TXN007081,223.97,5,Shopping,Android,Bangalore,0,694,0,0
TXN007082,659.95,4,Food,iOS,Hyderabad,0,82,1,0
TXN007083,58.25,0,Bills,Android,Mumbai,0,1807,1,0
TXN007084,67.88,18,Bills,iOS,Mumbai,0,2912,0,0
TXN007085,102.44,9,Shopping,Android,Chennai,1,1340,0,0
TXN007086,11.88,13,Travel,Android,Delhi,0,1436,0,0
TXN007087,175.16,20,Other,iOS,Mumbai,0,608,0,0
TXN007088,15.44,2,Bills,iOS,Hyderabad,1,1390,0,0
TXN007089,158.17,5,Entertainment,Android,Bangalore,0,1236,0,0
TXN007090,419.2,4,Entertainment,Android,Hyderabad,0,2308,0,0
TXN007091,83.74,16,Bills,Web,Pune,0,2466,0,0
TXN007092,1110.47,17,Other,Android,Pune,0,2470,0,1
TXN007093,25.72,11,Other,iOS,Chennai,0,1338,0,0
TXN007094,619.87,4,Other,iOS,Pune,0,1216,0,0
TXN007095,333.67,8,Travel,iOS,Mumbai,0,1157,0,0
TXN007096,18.93,11,Entertainment,Web,Delhi,0,2049,0,0
TXN007097,3838.95,19,Travel,iOS,Delhi,0,2383,0,1
TXN007098,137.48,8,Shopping,Android,Mumbai,0,1324,0,0
TXN007099,51.78,2,Food,Android,Delhi,0,1594,1,0
TXN007100,27.43,0,Other,Android,Hyderabad,1,438,0,0
TXN007101,113.97,21,Shopping,Android,Bangalore,0,1128,0,0
TXN007102,127.37,14,Food,Web,Mumbai,0,1538,0,0
TXN007103,167.87,9,Entertainment,Android,Pune,0,1366,0,0
TXN007104,103.82,13,Food,iOS,Bangalore,1,141,0,0
TXN007105,317.31,6,Food,iOS,Delhi,1,1301,1,0
TXN007106,93.21,3,Bills,iOS,Chennai,1,1872,0,0
TXN007107,14.56,4,Food,iOS,Bangalore,0,2913,0,0
TXN007108,124.06,19,Bills,iOS,Chennai,0,2969,0,0
TXN007109,8.66,15,Food,Android,Hyderabad,0,2835,0,0
TXN007110,226.9,2,Bills,iOS,Chennai,0,520,0,0
TXN007111,45.83,16,Entertainment,Android,Bangalore,1,1623,0,0
TXN007112,180.55,12,Entertainment,Web,Bangalore,0,1705,0,0
TXN007113,718.3,5,Food,Android,Mumbai,0,2557,0,0
TXN007114,47.54,4,Travel,Android,Pune,0,354,0,0
TXN007115,530.33,15,Entertainment,Android,Chennai,1,2562,0,0
TXN007116,88.23,10,Shopping,iOS,Hyderabad,0,2498,0,0
TXN007117,1216.62,16,Shopping,iOS,Mumbai,0,1462,0,1
TXN007118,95.76,4,Bills,Android,Mumbai,1,1889,0,0
TXN007119,54.13,5,Travel,Android,Hyderabad,0,1461,0,0
TXN007120,338.55,9,Other,Android,Mumbai,1,833,0,0
TXN007121,87.97,20,Bills,Android,Hyderabad,2,2839,0,0
TXN007122,54.07,0,Food,Android,Delhi,0,2207,0,0
TXN007123,83.65,20,Entertainment,Android,Mumbai,0,1856,0,0
TXN007124,140.68,9,Travel,iOS,Bangalore,1,1178,0,0
TXN007125,742.94,16,Bills,Android,Delhi,0,313,0,1
TXN007126,14.57,2,Bills,Web,Mumbai,1,2265,0,0
TXN007127,152.58,1,Shopping,Android,Hyderabad,1,2515,0,0
TXN007128,314.15,16,Food,iOS,Delhi,0,1947,0,0
TXN007129,187.19,3,Bills,iOS,Pune,0,901,0,0
TXN007130,714.68,1,Shopping,Android,Delhi,0,73,1,0
TXN007131,135.75,4,Travel,Android,Bangalore,2,1058,0,0
TXN007132,118.93,9,Bills,Android,Mumbai,0,898,0,0
TXN007133,302.11,0,Other,Android,Mumbai,0,2453,0,0
TXN007134,167.2,0,Other,Android,Hyderabad,0,2252,0,0
TXN007135,92.9,3,Shopping,Android,Delhi,1,1212,0,0
TXN007136,275.72,6,Other,Android,Bangalore,0,2106,1,0
TXN007137,67.83,13,Food,Android,Hyderabad,0,2464,0,0
TXN007138,71.28,13,Entertainment,Android,Pune,1,636,0,0
TXN007139,78.76,17,Other,Android,Hyderabad,0,31,0,0
TXN007140,752.71,1,Travel,Android,Bangalore,0,2412,0,1
TXN007141,3.11,0,Bills,iOS,Mumbai,0,2538,0,0
TXN007142,238.58,20,Shopping,iOS,Bangalore,1,2133,0,0
TXN007143,154.64,21,Bills,Web,Mumbai,0,2825,1,0
TXN007144,19.75,15,Entertainment,Android,Chennai,0,427,0,0
TXN007145,215.22,21,Bills,Android,Delhi,0,1580,0,0
TXN007146,262.67,17,Bills,Android,Bangalore,0,626,0,0
TXN007147,301.14,15,Shopping,Android,Pune,0,2969,1,0
TXN007148,6.16,22,Entertainment,iOS,Pune,1,2451,0,0
TXN007149,764.84,21,Travel,Android,Hyderabad,3,1819,0,1
TXN007150,61.23,23,Shopping,iOS,Mumbai,1,1814,0,0
TXN007151,338.28,5,Entertainment,iOS,Delhi,0,844,0,0
TXN007152,361.15,9,Entertainment,Web,Pune,1,1585,0,0
TXN007153,51.83,1,Bills,Android,Delhi,0,2201,0,0
TXN007154,327.85,6,Food,Android,Bangalore,1,687,0,0
TXN007155,93.45,20,Food,Android,Hyderabad,2,259,0,0
TXN007156,12.36,16,Travel,Android,Pune,0,1388,0,0
TXN007157,602.62,2,Bills,Web,Bangalore,1,602,0,0
TXN007158,58.55,19,Food,Android,Hyderabad,0,2198,0,0
TXN007159,53.23,11,Shopping,iOS,Chennai,0,1769,0,0
TXN007160,91.5,1,Travel,Android,Bangalore,0,1535,0,0
TXN007161,205.75,6,Bills,Android,Mumbai,0,546,0,0
TXN007162,138.56,16,Other,Android,Bangalore,0,343,0,0
TXN007163,286.48,18,Shopping,Android,Bangalore,0,1390,0,0
TXN007164,29.74,11,Food,iOS,Pune,0,2154,0,0
TXN007165,60.89,8,Food,Web,Chennai,0,857,0,0
TXN007166,129.13,13,Food,iOS,Pune,0,1706,0,0
TXN007167,1447.31,1,Food,Android,Chennai,1,2177,1,1
TXN007168,129.47,20,Entertainment,Android,Pune,0,325,0,0
TXN007169,545.81,3,Other,iOS,Bangalore,1,1490,0,0
TXN007170,155.44,18,Travel,Android,Hyderabad,0,2784,0,0
TXN007171,83.06,20,Travel,Web,Chennai,0,1704,0,0
TXN007172,110.38,15,Food,Android,Chennai,1,2600,0,0
TXN007173,121.26,21,Travel,Android,Hyderabad,0,807,0,0
TXN007174,306.24,16,Other,Android,Delhi,0,1593,0,0
TXN007175,772.42,1,Shopping,Web,Chennai,1,1172,0,1
TXN007176,228.52,16,Shopping,Android,Chennai,1,424,0,0
TXN007177,616.77,18,Travel,Android,Hyderabad,1,1550,0,0
TXN007178,46.63,7,Food,Android,Hyderabad,0,1302,0,0
TXN007179,90.24,23,Bills,iOS,Bangalore,3,1060,0,0
TXN007180,62.23,19,Other,Android,Bangalore,1,1466,0,0
TXN007181,216.44,5,Food,iOS,Delhi,0,990,0,0
TXN007182,96.47,11,Entertainment,Web,Delhi,1,684,0,0
TXN007183,356.28,22,Bills,Web,Delhi,0,1505,0,0
TXN007184,48.56,17,Other,Android,Mumbai,0,2644,0,0
TXN007185,156.28,1,Entertainment,iOS,Hyderabad,0,1952,0,0
TXN007186,338.4,18,Travel,Android,Chennai,0,1945,0,0
TXN007187,12.45,23,Entertainment,iOS,Hyderabad,0,32,0,0
TXN007188,1893.07,9,Travel,iOS,Hyderabad,0,442,0,1
TXN007189,105.66,2,Entertainment,Android,Delhi,0,49,1,0
TXN007190,13.07,11,Bills,iOS,Hyderabad,1,474,0,0
TXN007191,179.42,15,Entertainment,iOS,Mumbai,0,2304,0,0
TXN007192,154.49,11,Food,Android,Pune,0,1399,0,0
TXN007193,134.52,7,Travel,iOS,Chennai,0,1783,0,0
TXN007194,487.57,4,Shopping,Android,Pune,0,2754,0,0
TXN007195,363.92,10,Entertainment,Android,Delhi,0,1104,0,0
TXN007196,212.18,9,Travel,Android,Bangalore,0,2450,0,0
TXN007197,254.73,2,Shopping,Web,Pune,1,2759,0,0
TXN007198,130.94,22,Travel,Android,Chennai,0,998,0,0
TXN007199,1249.61,8,Travel,iOS,Pune,0,382,0,1
TXN007200,25.15,11,Shopping,iOS,Bangalore,0,507,1,0
TXN007201,175.49,5,Shopping,iOS,Bangalore,0,2321,0,0
TXN007202,160.46,18,Bills,iOS,Hyderabad,0,1610,0,0
TXN007203,393.84,15,Other,Android,Chennai,0,756,0,0
TXN007204,53.91,20,Entertainment,iOS,Mumbai,2,437,0,0
TXN007205,18.31,22,Entertainment,Android,Hyderabad,0,2130,1,0
TXN007206,179.14,23,Travel,iOS,Bangalore,1,1095,0,0
TXN007207,207.99,13,Food,Android,Pune,1,2958,0,0
TXN007208,886.71,3,Food,Android,Chennai,1,882,0,1
TXN007209,32.32,17,Other,Web,Hyderabad,0,1380,0,0
TXN007210,593.26,9,Travel,Android,Chennai,1,2486,0,0
TXN007211,2542.49,17,Bills,Android,Pune,0,1568,0,1
TXN007212,94.32,11,Shopping,Android,Delhi,1,402,0,0
TXN007213,31.53,18,Travel,Android,Mumbai,2,2632,0,0
TXN007214,91.07,7,Entertainment,Android,Mumbai,0,1519,0,0
TXN007215,150.93,0,Food,iOS,Mumbai,0,931,0,0
TXN007216,291.94,13,Food,Web,Bangalore,1,2897,0,0
TXN007217,72.99,22,Food,Android,Bangalore,0,2602,0,0
TXN007218,959.33,5,Bills,Android,Mumbai,0,1503,0,1
TXN007219,38.96,13,Entertainment,iOS,Chennai,0,1677,0,0
TXN007220,18.41,1,Bills,Android,Delhi,0,1052,0,0
TXN007221,560.06,8,Shopping,Web,Bangalore,1,1157,0,0
TXN007222,9.68,11,Travel,Android,Pune,1,2252,0,0
TXN007223,116.17,4,Travel,Android,Hyderabad,0,990,0,0
TXN007224,6255.51,1,Food,Android,Hyderabad,0,351,1,1
TXN007225,146.28,18,Food,iOS,Bangalore,1,1121,0,0
TXN007226,38.67,6,Shopping,iOS,Mumbai,0,1578,0,0
TXN007227,138.54,6,Bills,Android,Chennai,0,2875,0,0
TXN007228,139.64,9,Other,Android,Delhi,1,2569,0,0
TXN007229,179.97,16,Other,Web,Hyderabad,1,2409,0,0
TXN007230,328.56,13,Other,iOS,Bangalore,0,1726,0,0
TXN007231,42.65,10,Entertainment,Android,Chennai,0,1731,0,0
TXN007232,1124.46,19,Shopping,iOS,Mumbai,0,2957,0,1
TXN007233,199.17,5,Travel,iOS,Delhi,0,2943,0,0
TXN007234,355.01,7,Travel,Android,Delhi,0,800,1,0
TXN007235,69.84,18,Bills,Android,Hyderabad,0,2918,0,0
TXN007236,694.82,18,Shopping,iOS,Hyderabad,2,2276,0,0
TXN007237,109.02,23,Entertainment,Android,Pune,0,1697,0,0
TXN007238,207.07,23,Shopping,iOS,Bangalore,0,1145,0,0
TXN007239,48.44,23,Shopping,Android,Delhi,0,519,0,0
TXN007240,44.87,16,Bills,iOS,Mumbai,0,2621,0,0
TXN007241,338.95,23,Entertainment,Android,Mumbai,0,65,0,0
TXN007242,87.15,23,Other,Android,Bangalore,0,1335,0,0
TXN007243,53.27,17,Travel,Android,Delhi,0,2933,0,0
TXN007244,68.59,11,Food,Android,Hyderabad,0,2728,0,0
TXN007245,343.35,8,Other,Android,Pune,2,2870,0,0
TXN007246,69.77,22,Entertainment,Android,Mumbai,0,2924,0,0
TXN007247,128.87,23,Travel,Web,Chennai,1,202,0,0
TXN007248,151.11,15,Other,iOS,Bangalore,2,1729,0,0
TXN007249,14.87,17,Bills,iOS,Mumbai,0,2691,0,0
TXN007250,25.4,15,Entertainment,Android,Chennai,0,319,0,0
TXN007251,222.19,15,Entertainment,Android,Chennai,0,2365,0,0
TXN007252,61.29,3,Travel,Android,Mumbai,1,694,0,0
TXN007253,527.46,22,Travel,iOS,Bangalore,0,2528,1,0
TXN007254,473.51,21,Shopping,Android,Chennai,0,2065,0,0
TXN007255,351.78,6,Shopping,iOS,Chennai,0,150,0,0
TXN007256,1317.81,0,Entertainment,Android,Delhi,0,1110,0,1
TXN007257,134.33,23,Food,Web,Pune,1,136,0,0
TXN007258,323.33,22,Bills,Android,Pune,0,2316,0,0
TXN007259,73.61,19,Travel,Android,Pune,1,1466,0,0
TXN007260,2815.36,0,Shopping,iOS,Delhi,0,50,1,1
TXN007261,1604.17,7,Bills,Web,Pune,1,1638,0,1
TXN007262,150.54,22,Other,iOS,Delhi,1,882,0,0
TXN007263,236.02,7,Other,Android,Chennai,0,1971,0,0
TXN007264,758.36,9,Entertainment,Android,Chennai,1,2088,0,1
TXN007265,124.39,0,Travel,Web,Bangalore,0,2431,0,0
TXN007266,67.49,20,Other,Android,Hyderabad,0,2027,0,0
TXN007267,423.6,20,Travel,Android,Delhi,0,1862,0,0
TXN007268,163.06,13,Shopping,iOS,Pune,0,2163,0,0
TXN007269,184.86,13,Other,iOS,Hyderabad,0,1974,0,0
TXN007270,54.54,9,Food,iOS,Delhi,0,685,1,0
TXN007271,18.89,18,Other,Web,Pune,0,1247,0,0
TXN007272,197.03,15,Travel,Android,Delhi,1,2953,0,0
TXN007273,439.64,8,Food,Android,Pune,1,1039,1,0
TXN007274,113.19,19,Bills,iOS,Bangalore,1,1891,0,0
TXN007275,831.9,15,Other,iOS,Bangalore,0,2751,0,1
TXN007276,63.77,19,Travel,iOS,Mumbai,1,2379,0,0
TXN007277,41.86,7,Other,Web,Delhi,0,1101,0,0
TXN007278,136.91,6,Other,Android,Delhi,0,2823,0,0
TXN007279,134.41,10,Travel,Android,Delhi,0,1346,0,0
TXN007280,373.89,20,Food,Android,Bangalore,2,1075,0,0
TXN007281,58.56,5,Shopping,iOS,Pune,0,2724,0,0
TXN007282,766.41,14,Other,Android,Delhi,0,2252,0,1
TXN007283,1572.31,18,Entertainment,iOS,Mumbai,0,1934,0,1
TXN007284,141.6,13,Bills,Android,Chennai,0,2063,0,0
TXN007285,664.91,14,Travel,Android,Mumbai,1,46,0,0
TXN007286,41.77,5,Other,Android,Pune,1,2473,0,0
TXN007287,539.3,23,Shopping,iOS,Chennai,1,739,0,0
TXN007288,521.51,9,Travel,Android,Bangalore,0,232,0,0
TXN007289,418.27,13,Other,iOS,Pune,1,262,0,0
TXN007290,145.67,15,Bills,Android,Hyderabad,0,816,0,0
TXN007291,4.28,12,Entertainment,Android,Pune,0,1049,0,0
TXN007292,68.71,10,Travel,Android,Bangalore,0,700,1,0
TXN007293,70.03,2,Other,iOS,Hyderabad,0,1168,0,0
TXN007294,45.88,7,Food,Android,Chennai,0,799,0,0
TXN007295,171.86,2,Shopping,Web,Hyderabad,0,1802,0,0
TXN007296,89.77,1,Entertainment,Android,Chennai,0,125,0,0
TXN007297,55.17,20,Travel,Android,Pune,2,669,0,0
TXN007298,41.66,13,Other,Android,Hyderabad,1,303,0,0
TXN007299,62.89,19,Entertainment,Android,Chennai,0,2900,0,0
TXN007300,570.09,20,Food,iOS,Pune,0,1429,0,0
TXN007301,67.14,21,Travel,iOS,Hyderabad,2,1387,0,0
TXN007302,80.0,14,Entertainment,iOS,Chennai,0,2667,0,0
TXN007303,85.8,2,Travel,Android,Mumbai,0,2050,0,0
TXN007304,222.92,0,Travel,Android,Delhi,0,2426,0,0
TXN007305,256.6,14,Entertainment,Android,Mumbai,1,831,0,0
TXN007306,3.84,19,Travel,Android,Bangalore,0,2253,0,0
TXN007307,505.71,21,Food,Android,Hyderabad,0,2440,1,0
TXN007308,831.84,1,Entertainment,Web,Pune,0,1973,1,1
TXN007309,42.09,17,Other,iOS,Chennai,0,2122,0,0
TXN007310,46.21,0,Entertainment,iOS,Mumbai,0,1432,1,0
TXN007311,86.46,8,Food,Android,Mumbai,2,1914,0,0
TXN007312,59.91,2,Food,Android,Pune,0,935,0,0
TXN007313,194.17,1,Food,Android,Chennai,0,459,0,0
TXN007314,14.36,3,Other,Android,Hyderabad,0,705,0,0
TXN007315,38.8,15,Other,iOS,Pune,0,1663,0,0
TXN007316,941.09,21,Travel,Android,Bangalore,2,1360,0,1
TXN007317,48.72,0,Travel,iOS,Bangalore,0,2493,0,0
TXN007318,659.92,8,Bills,Web,Pune,0,1296,0,0
TXN007319,227.33,7,Travel,Android,Bangalore,2,1708,0,0
TXN007320,16.93,5,Food,iOS,Chennai,0,166,0,0
TXN007321,318.11,19,Bills,iOS,Mumbai,0,1111,0,0
TXN007322,128.87,17,Food,Android,Pune,0,961,0,0
TXN007323,85.92,15,Shopping,Web,Bangalore,0,1971,0,0
TXN007324,199.13,7,Other,Android,Mumbai,0,2858,1,0
TXN007325,262.32,22,Entertainment,iOS,Pune,0,198,0,0
TXN007326,346.93,3,Shopping,Android,Bangalore,0,2697,0,0
TXN007327,610.27,2,Other,Android,Bangalore,1,491,0,0
TXN007328,242.2,14,Other,Android,Pune,0,439,1,0
TXN007329,28.48,5,Food,iOS,Hyderabad,0,585,0,0
TXN007330,84.07,0,Travel,Android,Chennai,0,2550,0,0
TXN007331,5072.85,17,Entertainment,Android,Hyderabad,0,627,0,1
TXN007332,354.03,22,Travel,Android,Mumbai,0,2875,0,0
TXN007333,2548.21,10,Travel,Android,Mumbai,0,2666,0,1
TXN007334,791.97,2,Entertainment,iOS,Pune,0,1295,0,1
TXN007335,198.38,12,Entertainment,iOS,Chennai,0,253,1,0
TXN007336,213.08,16,Shopping,iOS,Bangalore,0,855,0,0
TXN007337,142.04,17,Food,iOS,Chennai,1,1904,0,0
TXN007338,18.44,13,Travel,Web,Bangalore,0,1728,0,0
TXN007339,151.66,6,Food,iOS,Delhi,1,2199,0,0
TXN007340,634.48,6,Food,Web,Delhi,0,1561,1,0
TXN007341,72.27,13,Bills,Android,Chennai,0,1752,0,0
TXN007342,243.31,23,Shopping,Android,Delhi,1,273,0,0
TXN007343,412.37,14,Travel,Web,Delhi,0,2298,0,0
TXN007344,49.82,11,Other,iOS,Mumbai,0,64,0,0
TXN007345,86.35,11,Entertainment,iOS,Bangalore,0,1220,0,0
TXN007346,43.75,7,Entertainment,Android,Pune,0,1387,0,0
TXN007347,55.33,15,Food,iOS,Delhi,1,2809,1,0
TXN007348,31.65,8,Shopping,iOS,Hyderabad,1,1118,0,0
TXN007349,50.37,1,Shopping,Android,Mumbai,0,1163,0,0
TXN007350,815.13,13,Travel,Android,Bangalore,0,882,0,1
TXN007351,49.47,23,Travel,Android,Mumbai,0,2488,0,0
TXN007352,172.73,23,Food,Web,Hyderabad,0,1011,1,0
TXN007353,81.17,15,Food,iOS,Pune,1,1448,1,0
TXN007354,610.72,4,Food,Web,Bangalore,0,38,1,0
TXN007355,715.8,4,Bills,Android,Chennai,0,935,0,0
TXN007356,418.59,19,Shopping,Web,Chennai,0,142,0,0
TXN007357,214.3,20,Food,Android,Mumbai,0,971,0,0
TXN007358,112.47,17,Shopping,Android,Pune,0,1372,0,0
TXN007359,35.51,17,Other,Android,Chennai,0,1486,0,0
TXN007360,1528.79,4,Entertainment,Web,Bangalore,0,795,1,1
TXN007361,59.64,10,Entertainment,Android,Hyderabad,0,260,1,0
TXN007362,329.1,12,Shopping,Android,Hyderabad,0,1533,0,0
TXN007363,529.26,2,Other,Android,Chennai,0,541,0,0
TXN007364,76.22,16,Entertainment,Android,Delhi,0,709,1,0
TXN007365,515.75,17,Entertainment,iOS,Delhi,0,1744,0,0
TXN007366,371.32,13,Entertainment,Android,Pune,0,1954,0,0
TXN007367,1180.34,11,Travel,iOS,Delhi,1,2492,0,1
TXN007368,84.5,13,Other,Web,Chennai,0,1956,0,0
TXN007369,31.72,17,Travel,Android,Chennai,0,970,0,0
TXN007370,80.92,19,Shopping,iOS,Chennai,0,2124,1,0
TXN007371,190.69,1,Shopping,Android,Bangalore,1,1846,0,0
TXN007372,159.15,6,Bills,Web,Delhi,1,1138,0,0
TXN007373,92.56,14,Travel,Android,Mumbai,3,2508,1,0
TXN007374,15.01,9,Shopping,iOS,Pune,1,2170,0,0
TXN007375,261.02,14,Travel,iOS,Bangalore,0,188,1,0
TXN007376,1582.58,16,Bills,Android,Pune,0,1617,0,1
TXN007377,259.07,10,Shopping,Android,Pune,2,924,0,0
TXN007378,308.27,1,Shopping,Android,Bangalore,0,1825,0,0
TXN007379,294.99,20,Shopping,Android,Chennai,0,147,0,0
TXN007380,239.0,17,Shopping,iOS,Chennai,0,2054,0,0
TXN007381,453.96,3,Food,Web,Bangalore,0,186,0,0
TXN007382,238.52,8,Other,iOS,Chennai,0,286,0,0
TXN007383,101.98,16,Other,Android,Delhi,0,1889,0,0
TXN007384,57.1,16,Travel,Android,Bangalore,1,2076,0,0
TXN007385,110.08,16,Travel,Android,Pune,0,2545,0,0
TXN007386,216.36,15,Travel,Android,Bangalore,0,2776,0,0
TXN007387,101.57,19,Bills,Web,Bangalore,2,2843,0,0
TXN007388,216.42,7,Food,iOS,Chennai,0,450,0,0
TXN007389,251.38,22,Travel,Android,Bangalore,0,407,0,0
TXN007390,403.35,14,Travel,Android,Mumbai,0,1301,0,0
TXN007391,691.84,0,Shopping,iOS,Mumbai,0,2452,0,0
TXN007392,162.98,18,Shopping,iOS,Delhi,0,541,0,0
TXN007393,30.9,14,Shopping,iOS,Bangalore,0,2719,0,0
TXN007394,98.09,8,Travel,iOS,Bangalore,2,1074,0,0
TXN007395,156.47,4,Shopping,Android,Pune,0,826,0,0
TXN007396,16.4,15,Travel,Web,Chennai,0,1129,0,0
TXN007397,785.56,12,Bills,Android,Pune,0,1391,0,1
TXN007398,176.07,15,Bills,Android,Hyderabad,1,2499,1,0
TXN007399,234.54,21,Entertainment,Web,Pune,1,1734,1,0
TXN007400,764.05,10,Food,Android,Hyderabad,0,819,0,1
TXN007401,69.67,12,Shopping,Android,Bangalore,0,513,0,0
TXN007402,295.55,5,Other,Android,Delhi,0,2503,0,0
TXN007403,130.08,19,Shopping,iOS,Mumbai,0,2217,0,0
TXN007404,119.0,16,Food,Android,Bangalore,0,498,0,0
TXN007405,58.75,4,Food,Android,Bangalore,0,2597,0,0
TXN007406,1095.23,16,Entertainment,Android,Delhi,0,2902,0,1
TXN007407,94.58,0,Food,iOS,Delhi,1,1234,0,0
TXN007408,343.56,4,Travel,Android,Hyderabad,0,233,0,0
TXN007409,15.64,4,Shopping,iOS,Bangalore,0,782,0,0
TXN007410,611.54,6,Food,Android,Bangalore,0,1330,0,0
TXN007411,524.61,15,Travel,iOS,Chennai,0,592,0,0
TXN007412,166.82,17,Food,Android,Mumbai,0,2980,0,0
TXN007413,113.03,5,Other,iOS,Chennai,2,2801,0,0
TXN007414,239.85,1,Travel,iOS,Chennai,0,454,0,0
TXN007415,2313.57,12,Bills,Android,Mumbai,0,1881,0,1
TXN007416,17.89,9,Travel,iOS,Bangalore,0,1609,0,0
TXN007417,379.34,20,Entertainment,iOS,Hyderabad,1,1386,0,0
TXN007418,49.7,19,Travel,Android,Mumbai,0,1736,0,0
TXN007419,144.91,10,Food,iOS,Delhi,0,90,0,0
TXN007420,110.23,20,Bills,iOS,Bangalore,1,869,0,0
TXN007421,88.77,1,Bills,Android,Mumbai,1,1073,0,0
TXN007422,146.56,7,Travel,Android,Mumbai,1,969,0,0
TXN007423,38.05,23,Food,Web,Pune,1,85,0,0
TXN007424,510.31,21,Bills,iOS,Mumbai,0,717,0,0
TXN007425,17.24,18,Other,Web,Hyderabad,0,1383,0,0
TXN007426,283.64,19,Travel,iOS,Chennai,0,940,0,0
TXN007427,100.3,16,Travel,Android,Chennai,0,2838,0,0
TXN007428,36.41,15,Travel,Android,Pune,0,233,0,0
TXN007429,189.21,9,Bills,iOS,Mumbai,0,1493,0,0
TXN007430,22.91,4,Shopping,iOS,Mumbai,1,1237,0,0
TXN007431,155.66,13,Food,Android,Chennai,0,470,0,0
TXN007432,26.91,23,Entertainment,iOS,Hyderabad,0,1098,0,0
TXN007433,258.15,18,Entertainment,iOS,Bangalore,0,2631,0,0
TXN007434,48.95,3,Food,iOS,Chennai,0,2085,0,0
TXN007435,86.38,19,Shopping,Android,Mumbai,1,43,0,0
TXN007436,211.19,15,Food,Android,Hyderabad,1,2306,0,0
TXN007437,58.73,23,Travel,Web,Hyderabad,0,823,0,0
TXN007438,138.44,14,Other,iOS,Pune,0,2179,0,0
TXN007439,24.13,8,Food,Android,Mumbai,0,530,0,0
TXN007440,316.41,2,Food,iOS,Delhi,0,1350,0,0
TXN007441,1233.85,22,Other,Android,Hyderabad,0,1082,0,1
TXN007442,4232.93,8,Bills,Android,Chennai,0,2780,0,1
TXN007443,165.57,17,Entertainment,Android,Delhi,0,1834,0,0
TXN007444,382.16,3,Entertainment,Android,Pune,0,383,0,0
TXN007445,17.52,18,Travel,iOS,Bangalore,0,1011,0,0
TXN007446,900.8,23,Other,iOS,Chennai,0,2058,0,1
TXN007447,376.71,3,Travel,Android,Pune,1,1527,0,0
TXN007448,83.04,8,Bills,iOS,Pune,0,2047,0,0
TXN007449,654.99,0,Travel,iOS,Pune,1,472,0,0
TXN007450,109.36,0,Other,Android,Mumbai,1,332,0,0
TXN007451,85.66,19,Other,iOS,Delhi,0,789,0,0
TXN007452,262.54,18,Shopping,iOS,Pune,0,2601,0,0
TXN007453,41.43,2,Bills,iOS,Pune,0,1671,0,0
TXN007454,505.7,9,Other,iOS,Pune,1,1842,0,0
TXN007455,41.8,11,Other,Android,Chennai,1,545,0,0
TXN007456,42.1,17,Bills,Android,Pune,1,1846,0,0
TXN007457,49.82,13,Food,iOS,Hyderabad,0,2085,0,0
TXN007458,369.22,9,Food,iOS,Mumbai,0,705,0,0
TXN007459,70.8,9,Shopping,Android,Delhi,0,1855,0,0
TXN007460,29.44,17,Other,Android,Hyderabad,0,591,0,0
TXN007461,71.75,23,Bills,iOS,Pune,1,267,0,0
TXN007462,142.81,0,Bills,Android,Mumbai,0,1912,1,0
TXN007463,35.98,14,Food,Android,Mumbai,0,2873,0,0
TXN007464,37.26,7,Entertainment,Android,Delhi,0,890,0,0
TXN007465,1869.74,2,Entertainment,Android,Delhi,0,1180,1,1
TXN007466,52.84,17,Other,Android,Delhi,0,2810,0,0
TXN007467,100.72,8,Food,iOS,Chennai,0,1767,0,0
TXN007468,95.52,15,Other,Android,Mumbai,0,2237,0,0
TXN007469,89.51,20,Travel,Web,Pune,0,1491,0,0
TXN007470,312.82,14,Bills,Web,Bangalore,1,937,0,0
TXN007471,463.02,4,Other,Web,Hyderabad,0,2679,0,0
TXN007472,102.81,12,Shopping,iOS,Delhi,1,1248,0,0
TXN007473,33.66,21,Entertainment,iOS,Mumbai,0,647,0,0
TXN007474,684.94,19,Other,Android,Pune,0,1512,0,0
TXN007475,132.37,6,Travel,Android,Hyderabad,1,100,0,0
TXN007476,1183.68,15,Bills,Android,Bangalore,0,2999,0,1
TXN007477,10.03,6,Travel,Android,Hyderabad,0,2946,0,0
TXN007478,187.63,21,Other,Android,Bangalore,0,1481,0,0
TXN007479,1483.75,15,Bills,Web,Pune,1,1549,0,1
TXN007480,97.13,12,Bills,Android,Delhi,0,2109,0,0
TXN007481,113.23,16,Food,Android,Chennai,0,1265,0,0
TXN007482,211.58,8,Food,iOS,Bangalore,1,876,0,0
TXN007483,75.9,11,Shopping,Android,Delhi,0,492,0,0
TXN007484,102.06,12,Shopping,Web,Hyderabad,1,739,1,0
TXN007485,98.95,8,Travel,Android,Pune,1,2324,0,0
TXN007486,69.9,4,Food,Android,Hyderabad,1,158,0,0
TXN007487,648.48,6,Bills,Web,Hyderabad,1,1763,0,0
TXN007488,258.09,0,Food,iOS,Pune,1,2410,1,0
TXN007489,200.49,3,Bills,Android,Pune,0,1128,0,0
TXN007490,391.62,3,Food,iOS,Chennai,0,1013,0,0
TXN007491,108.07,15,Bills,iOS,Mumbai,0,1143,0,0
TXN007492,58.61,4,Travel,Android,Bangalore,0,2870,0,0
TXN007493,72.01,21,Food,iOS,Pune,0,81,0,0
TXN007494,148.73,3,Entertainment,Web,Mumbai,0,849,0,0
TXN007495,41.64,5,Entertainment,iOS,Hyderabad,0,2123,0,0
TXN007496,81.43,22,Bills,iOS,Chennai,0,1702,0,0
TXN007497,79.89,2,Travel,iOS,Delhi,1,1345,0,0
TXN007498,1899.73,7,Bills,Android,Chennai,0,2214,0,1
TXN007499,5.32,16,Travel,Web,Pune,2,2239,0,0
TXN007500,119.64,17,Shopping,iOS,Mumbai,0,1141,0,0
TXN007501,1177.13,17,Food,Android,Hyderabad,0,1106,0,1
TXN007502,171.78,11,Travel,iOS,Bangalore,0,2186,1,0
TXN007503,366.54,0,Bills,Android,Chennai,0,2122,0,0
TXN007504,167.3,22,Shopping,Android,Mumbai,0,894,0,0
TXN007505,66.63,11,Bills,iOS,Mumbai,0,1002,0,0
TXN007506,10.07,10,Entertainment,iOS,Delhi,0,1647,1,0
TXN007507,189.91,12,Entertainment,iOS,Bangalore,0,856,0,0
TXN007508,58.51,2,Food,Android,Mumbai,1,347,0,0
TXN007509,56.8,7,Other,Android,Bangalore,1,796,0,0
TXN007510,81.55,2,Food,iOS,Hyderabad,0,2508,0,0
TXN007511,1204.52,16,Shopping,Web,Pune,1,728,1,1
TXN007512,2659.27,12,Entertainment,iOS,Chennai,0,2463,0,1
TXN007513,192.61,9,Travel,iOS,Mumbai,1,1654,0,0
TXN007514,84.97,16,Entertainment,Android,Hyderabad,0,1047,0,0
TXN007515,36.14,2,Other,iOS,Delhi,0,985,0,0
TXN007516,260.41,12,Food,Android,Bangalore,1,2979,0,0
TXN007517,1260.78,21,Bills,Android,Pune,0,2614,0,1
TXN007518,110.3,5,Shopping,Android,Hyderabad,1,82,0,0
TXN007519,8.54,13,Other,iOS,Bangalore,1,2457,0,0
TXN007520,331.64,9,Entertainment,Android,Pune,0,1643,0,0
TXN007521,484.19,19,Travel,Android,Bangalore,0,2191,0,0
TXN007522,22.13,15,Other,Android,Mumbai,0,1953,1,0
TXN007523,183.42,17,Travel,iOS,Bangalore,0,889,0,0
TXN007524,255.05,12,Travel,iOS,Hyderabad,0,1365,1,0
TXN007525,135.95,9,Shopping,Android,Delhi,0,287,0,0
TXN007526,57.46,5,Travel,Android,Mumbai,0,2222,0,0
TXN007527,502.26,9,Travel,Android,Chennai,1,2580,0,0
TXN007528,91.46,4,Entertainment,Android,Delhi,0,2032,0,0
TXN007529,24.97,5,Shopping,Android,Hyderabad,0,889,0,0
TXN007530,12.69,6,Bills,Android,Mumbai,0,2691,0,0
TXN007531,673.86,10,Bills,iOS,Pune,1,1343,0,0
TXN007532,311.06,15,Travel,Android,Pune,2,1734,0,0
TXN007533,164.94,11,Other,iOS,Bangalore,0,2851,0,0
TXN007534,87.5,11,Food,Web,Delhi,0,291,0,0
TXN007535,78.67,22,Shopping,Android,Mumbai,0,2617,0,0
TXN007536,40.82,19,Food,Android,Chennai,0,1189,0,0
TXN007537,88.43,4,Shopping,iOS,Chennai,0,1694,0,0
TXN007538,11.66,15,Shopping,Android,Chennai,0,1389,0,0
TXN007539,61.36,5,Entertainment,Android,Pune,0,519,0,0
TXN007540,102.19,8,Travel,Android,Mumbai,0,2032,0,0
TXN007541,308.54,4,Entertainment,Web,Delhi,0,2299,0,0
TXN007542,141.47,20,Other,iOS,Bangalore,0,1389,0,0
TXN007543,385.26,22,Food,Android,Delhi,1,1176,0,0
TXN007544,749.17,15,Food,Android,Bangalore,0,1005,0,1
TXN007545,528.37,17,Bills,Android,Delhi,0,1576,0,0
TXN007546,261.02,18,Other,Android,Delhi,3,1963,0,0
TXN007547,150.54,11,Other,Android,Mumbai,0,1793,0,0
TXN007548,45.74,1,Entertainment,iOS,Chennai,1,2292,0,0
TXN007549,360.66,9,Entertainment,Android,Chennai,0,444,0,0
TXN007550,1113.98,11,Other,Android,Chennai,0,656,0,1
TXN007551,223.75,13,Entertainment,Android,Chennai,1,2803,0,0
TXN007552,1481.35,17,Bills,Android,Delhi,1,2462,0,1
TXN007553,23.79,18,Entertainment,Web,Chennai,1,2021,0,0
TXN007554,37.15,5,Entertainment,Android,Delhi,0,682,0,0
TXN007555,414.16,4,Other,Android,Bangalore,0,720,0,0
TXN007556,203.8,15,Other,Android,Hyderabad,0,542,0,0
TXN007557,718.05,13,Entertainment,Android,Hyderabad,0,2474,0,0
TXN007558,145.68,12,Entertainment,Web,Bangalore,1,839,0,0
TXN007559,52.38,20,Other,Android,Delhi,0,2362,0,0
TXN007560,114.86,1,Food,Android,Chennai,0,2939,0,0
TXN007561,23.59,1,Travel,Android,Mumbai,2,429,0,0
TXN007562,38.31,11,Food,iOS,Delhi,1,2751,0,0
TXN007563,476.72,0,Entertainment,iOS,Delhi,0,532,1,0
TXN007564,422.99,18,Shopping,iOS,Bangalore,0,69,0,0
TXN007565,229.43,15,Shopping,Android,Bangalore,1,378,0,0
TXN007566,18.82,6,Bills,Web,Mumbai,0,251,0,0
TXN007567,96.54,20,Food,Android,Chennai,0,1495,0,0
TXN007568,34.12,6,Other,Android,Hyderabad,0,93,1,0
TXN007569,609.01,15,Bills,iOS,Pune,1,1057,0,0
TXN007570,73.67,5,Bills,Android,Chennai,0,1997,0,0
TXN007571,40.33,17,Shopping,Android,Chennai,1,1509,0,0
TXN007572,153.82,0,Food,Android,Pune,1,2956,1,0
TXN007573,68.84,0,Travel,Android,Pune,0,1037,0,0
TXN007574,880.5,13,Other,Android,Delhi,0,1071,1,1
TXN007575,61.45,5,Food,iOS,Mumbai,0,1053,0,0
TXN007576,27.69,5,Bills,Android,Delhi,0,1395,0,0
TXN007577,11.21,3,Entertainment,iOS,Bangalore,1,1063,1,0
TXN007578,143.03,11,Bills,iOS,Pune,1,1936,0,0
TXN007579,75.62,17,Food,Android,Hyderabad,0,2859,0,0
TXN007580,26.72,9,Shopping,Android,Mumbai,1,380,0,0
TXN007581,618.36,2,Food,iOS,Mumbai,1,2176,0,0
TXN007582,330.53,2,Travel,iOS,Chennai,0,2906,0,0
TXN007583,143.47,7,Other,Android,Delhi,0,927,0,0
TXN007584,762.95,21,Other,Android,Chennai,1,378,0,1
TXN007585,328.67,22,Entertainment,iOS,Chennai,0,606,0,0
TXN007586,55.29,0,Entertainment,iOS,Mumbai,0,1728,0,0
TXN007587,42.65,17,Bills,iOS,Hyderabad,0,2253,0,0
TXN007588,396.06,14,Food,iOS,Bangalore,0,2124,0,0
TXN007589,238.8,20,Other,iOS,Chennai,2,1271,0,0
TXN007590,181.94,19,Shopping,Android,Pune,0,1274,0,0
TXN007591,53.74,16,Travel,iOS,Hyderabad,0,219,0,0
TXN007592,307.83,10,Bills,Web,Pune,1,2977,0,0
TXN007593,59.94,12,Food,Android,Chennai,1,115,0,0
TXN007594,131.32,19,Shopping,iOS,Hyderabad,0,574,0,0
TXN007595,842.47,9,Food,Android,Delhi,0,1983,0,1
TXN007596,67.15,12,Shopping,Android,Pune,1,2684,0,0
TXN007597,22.48,16,Food,Web,Bangalore,0,2407,0,0
TXN007598,41.97,20,Food,Android,Mumbai,1,2496,0,0
TXN007599,489.39,0,Other,Android,Delhi,0,564,0,0
TXN007600,201.48,19,Bills,Android,Chennai,1,1102,0,0
TXN007601,127.15,15,Food,Android,Chennai,0,873,0,0
TXN007602,80.57,15,Food,iOS,Bangalore,0,762,0,0
TXN007603,265.72,20,Bills,Android,Pune,1,1055,0,0
TXN007604,53.57,2,Bills,Android,Pune,0,2945,0,0
TXN007605,214.18,1,Entertainment,Android,Bangalore,0,2231,0,0
TXN007606,61.71,5,Entertainment,Android,Bangalore,1,174,0,0
TXN007607,50.54,10,Other,iOS,Chennai,2,1352,0,0
TXN007608,69.06,2,Bills,iOS,Chennai,1,1662,0,0
TXN007609,94.59,0,Travel,Android,Mumbai,1,1368,0,0
TXN007610,139.97,10,Other,Android,Bangalore,0,1942,0,0
TXN007611,196.87,12,Shopping,iOS,Hyderabad,0,755,0,0
TXN007612,1.78,4,Bills,Android,Mumbai,0,1887,1,0
TXN007613,56.31,17,Entertainment,Android,Hyderabad,0,1639,0,0
TXN007614,92.77,14,Food,iOS,Delhi,0,836,0,0
TXN007615,903.32,17,Bills,Android,Bangalore,0,2615,0,1
TXN007616,40.61,14,Bills,Android,Mumbai,0,1787,0,0
TXN007617,180.43,19,Entertainment,Android,Pune,1,2995,0,0
TXN007618,892.51,19,Entertainment,Android,Mumbai,1,2792,0,1
TXN007619,30.71,19,Travel,Android,Delhi,0,1843,0,0
TXN007620,238.12,6,Other,Web,Delhi,0,373,0,0
TXN007621,56.67,16,Entertainment,Android,Delhi,0,983,0,0
TXN007622,81.0,7,Entertainment,iOS,Mumbai,0,1168,0,0
TXN007623,56.61,12,Entertainment,iOS,Chennai,1,1319,0,0
TXN007624,61.67,15,Other,iOS,Hyderabad,0,511,0,0
TXN007625,3890.51,9,Food,iOS,Pune,1,1163,0,1
TXN007626,408.85,13,Bills,iOS,Pune,0,434,0,0
TXN007627,556.73,5,Bills,Android,Hyderabad,0,2010,0,0
TXN007628,267.84,19,Entertainment,iOS,Pune,0,1688,0,0
TXN007629,21.6,21,Other,Android,Delhi,0,746,0,0
TXN007630,238.4,6,Travel,iOS,Pune,1,1887,0,0
TXN007631,537.82,5,Entertainment,iOS,Chennai,0,2840,0,0
TXN007632,53.3,16,Other,iOS,Chennai,0,1187,0,0
TXN007633,472.67,20,Other,Android,Delhi,0,2590,0,0
TXN007634,345.57,23,Travel,iOS,Bangalore,0,313,0,0
TXN007635,1369.84,7,Other,Android,Mumbai,0,2803,0,1
TXN007636,89.9,11,Bills,iOS,Bangalore,2,1988,0,0
TXN007637,39.76,3,Travel,Android,Chennai,0,153,0,0
TXN007638,96.16,9,Travel,iOS,Delhi,2,1585,1,0
TXN007639,831.05,5,Shopping,iOS,Mumbai,0,1385,0,1
TXN007640,16.54,6,Travel,Android,Hyderabad,0,1912,1,0
TXN007641,12.4,20,Travel,Android,Pune,0,2391,0,0
TXN007642,165.22,7,Food,Android,Chennai,0,1999,0,0
TXN007643,87.26,2,Bills,iOS,Mumbai,1,1734,0,0
TXN007644,149.8,7,Entertainment,iOS,Mumbai,0,639,0,0
TXN007645,461.45,14,Shopping,Android,Bangalore,0,1711,0,0
TXN007646,76.47,20,Travel,Android,Hyderabad,0,2143,0,0
TXN007647,15.68,0,Food,iOS,Bangalore,0,274,0,0
TXN007648,1725.68,12,Food,Android,Bangalore,1,1003,0,1
TXN007649,44.85,21,Other,Web,Bangalore,1,2436,0,0
TXN007650,41.64,17,Entertainment,Android,Bangalore,0,1374,0,0
TXN007651,558.06,14,Entertainment,Android,Chennai,1,155,0,0
TXN007652,93.56,6,Bills,Android,Hyderabad,1,761,0,0
TXN007653,137.54,14,Other,Android,Bangalore,0,2360,1,0
TXN007654,264.9,2,Travel,Android,Chennai,0,59,1,0
TXN007655,544.74,13,Food,Android,Pune,2,1651,0,0
TXN007656,99.47,19,Shopping,Android,Chennai,1,361,1,0
TXN007657,919.6,3,Bills,iOS,Mumbai,1,2845,0,1
TXN007658,11.44,3,Travel,iOS,Mumbai,0,414,0,0
TXN007659,369.35,2,Other,Android,Delhi,0,1278,0,0
TXN007660,54.19,4,Entertainment,iOS,Chennai,0,1350,1,0
TXN007661,770.26,10,Other,Web,Delhi,1,1046,0,1
TXN007662,175.99,7,Travel,Web,Chennai,1,2446,0,0
TXN007663,66.19,1,Other,iOS,Bangalore,0,798,0,0
TXN007664,328.79,15,Entertainment,iOS,Bangalore,0,2722,0,0
TXN007665,433.47,9,Travel,Android,Delhi,2,1698,0,0
TXN007666,320.63,17,Shopping,Android,Bangalore,0,1124,0,0
TXN007667,43.14,6,Bills,Android,Bangalore,0,2359,0,0
TXN007668,83.03,4,Other,iOS,Mumbai,1,2382,0,0
TXN007669,147.69,6,Entertainment,iOS,Bangalore,0,1891,0,0
TXN007670,141.24,20,Shopping,Android,Mumbai,0,1655,0,0
TXN007671,364.93,5,Food,Android,Hyderabad,1,1882,0,0
TXN007672,13.23,23,Shopping,iOS,Chennai,1,288,0,0
TXN007673,221.67,0,Shopping,Android,Mumbai,1,2766,0,0
TXN007674,104.8,10,Shopping,Android,Pune,0,1323,0,0
TXN007675,54.26,12,Entertainment,Android,Pune,0,561,0,0
TXN007676,60.89,11,Food,Web,Mumbai,0,1495,0,0
TXN007677,114.73,0,Bills,Android,Mumbai,0,457,0,0
TXN007678,1.97,20,Shopping,Android,Pune,0,166,0,0
TXN007679,63.97,14,Entertainment,Android,Chennai,2,2780,0,0
TXN007680,51.88,0,Entertainment,Android,Chennai,0,479,0,0
TXN007681,281.28,2,Bills,Android,Chennai,0,134,0,0
TXN007682,56.45,14,Travel,Android,Pune,2,328,0,0
TXN007683,114.65,8,Food,Android,Bangalore,1,2909,0,0
TXN007684,944.57,13,Food,Android,Mumbai,0,126,0,1
TXN007685,489.42,22,Other,iOS,Chennai,0,841,0,0
TXN007686,438.22,21,Shopping,Android,Hyderabad,1,2082,0,0
TXN007687,81.46,23,Travel,iOS,Pune,0,1429,1,0
TXN007688,284.76,7,Food,Android,Chennai,0,2589,0,0
TXN007689,112.09,21,Other,Android,Delhi,1,2964,0,0
TXN007690,117.29,3,Shopping,iOS,Delhi,0,959,0,0
TXN007691,242.65,19,Travel,Android,Mumbai,2,213,0,0
TXN007692,72.5,19,Entertainment,Android,Mumbai,0,1254,0,0
TXN007693,890.34,5,Shopping,Android,Mumbai,0,375,0,1
TXN007694,122.47,0,Travel,iOS,Bangalore,1,1083,1,0
TXN007695,311.7,17,Bills,iOS,Pune,1,853,0,0
TXN007696,851.26,5,Food,Android,Delhi,0,153,0,1
TXN007697,511.83,13,Shopping,iOS,Delhi,0,499,0,0
TXN007698,27.37,10,Other,Android,Mumbai,0,2998,0,0
TXN007699,253.12,16,Entertainment,Web,Pune,0,2401,0,0
TXN007700,411.93,8,Other,Android,Delhi,0,1868,0,0
TXN007701,432.78,21,Shopping,iOS,Delhi,2,2361,0,0
TXN007702,39.02,6,Food,Android,Bangalore,1,1043,0,0
TXN007703,67.46,13,Food,Android,Hyderabad,0,871,0,0
TXN007704,489.54,16,Travel,Android,Mumbai,0,102,0,0
TXN007705,59.49,7,Other,iOS,Hyderabad,0,1180,0,0
TXN007706,103.58,15,Other,iOS,Hyderabad,0,1857,0,0
TXN007707,983.43,11,Entertainment,Android,Bangalore,0,926,0,1
TXN007708,140.14,11,Travel,iOS,Delhi,0,2299,0,0
TXN007709,62.05,4,Entertainment,iOS,Mumbai,0,360,0,0
TXN007710,51.77,4,Shopping,iOS,Chennai,0,2230,0,0
TXN007711,221.24,13,Shopping,Android,Hyderabad,0,2374,0,0
TXN007712,29.97,5,Other,Android,Pune,1,610,0,0
TXN007713,110.3,6,Travel,Android,Hyderabad,0,2808,0,0
TXN007714,221.38,22,Bills,Android,Bangalore,0,1524,0,0
TXN007715,705.55,20,Food,iOS,Hyderabad,1,1110,0,0
TXN007716,330.65,16,Travel,iOS,Hyderabad,0,933,0,0
TXN007717,63.0,8,Travel,iOS,Hyderabad,0,1869,0,0
TXN007718,610.39,21,Shopping,Android,Bangalore,0,2648,0,0
TXN007719,103.6,12,Food,iOS,Delhi,0,1934,0,0
TXN007720,33.69,8,Travel,Android,Pune,1,2881,0,0
TXN007721,120.73,15,Shopping,Web,Hyderabad,0,724,0,0
TXN007722,833.64,3,Shopping,Android,Mumbai,0,2668,0,1
TXN007723,180.96,1,Other,iOS,Pune,0,1898,0,0
TXN007724,150.66,12,Other,iOS,Hyderabad,0,1531,1,0
TXN007725,1058.55,12,Travel,Web,Hyderabad,1,198,1,1
TXN007726,26.64,18,Travel,Android,Mumbai,0,600,1,0
TXN007727,31.73,11,Shopping,Android,Bangalore,0,2166,0,0
TXN007728,21.35,3,Other,Android,Chennai,0,1371,0,0
TXN007729,232.1,9,Travel,Android,Mumbai,1,99,0,0
TXN007730,181.23,15,Food,iOS,Chennai,1,2900,0,0
TXN007731,945.09,23,Shopping,Web,Delhi,0,898,0,1
TXN007732,198.77,18,Shopping,Android,Delhi,1,2689,0,0
TXN007733,91.38,7,Travel,iOS,Hyderabad,0,1029,1,0
TXN007734,148.73,5,Travel,iOS,Pune,1,125,0,0
TXN007735,170.93,3,Travel,Android,Hyderabad,0,819,0,0
TXN007736,19.96,6,Food,Android,Bangalore,1,1428,1,0
TXN007737,3836.82,13,Shopping,iOS,Chennai,0,382,0,1
TXN007738,276.95,12,Bills,Web,Delhi,0,1044,0,0
TXN007739,190.95,20,Food,Android,Delhi,1,2945,0,0
TXN007740,310.5,4,Food,Android,Hyderabad,0,623,0,0
TXN007741,347.68,8,Other,Android,Hyderabad,2,426,0,0
TXN007742,125.38,2,Shopping,iOS,Bangalore,0,1519,0,0
TXN007743,69.58,9,Bills,Android,Hyderabad,1,1844,0,0
TXN007744,304.7,14,Shopping,Android,Pune,0,2576,0,0
TXN007745,235.77,19,Food,iOS,Hyderabad,0,2071,0,0
TXN007746,56.16,20,Travel,iOS,Pune,1,1323,0,0
TXN007747,814.72,16,Shopping,iOS,Pune,1,536,1,1
TXN007748,211.03,22,Shopping,Android,Bangalore,0,955,0,0
TXN007749,356.3,23,Travel,Android,Hyderabad,1,176,0,0
TXN007750,788.64,5,Bills,iOS,Pune,0,2839,0,1
TXN007751,152.36,2,Bills,iOS,Pune,1,717,0,0
TXN007752,217.1,17,Shopping,iOS,Hyderabad,0,2173,0,0
TXN007753,392.3,4,Travel,Web,Hyderabad,0,919,0,0
TXN007754,62.19,12,Other,iOS,Chennai,1,1383,0,0
TXN007755,158.36,0,Shopping,Android,Delhi,0,674,0,0
TXN007756,172.55,16,Travel,Android,Mumbai,1,1988,0,0
TXN007757,47.12,2,Food,iOS,Delhi,2,263,0,0
TXN007758,2395.06,18,Other,iOS,Chennai,0,712,0,1
TXN007759,27.42,20,Travel,Android,Mumbai,0,1456,0,0
TXN007760,31.26,19,Shopping,iOS,Delhi,0,360,0,0
TXN007761,718.43,21,Entertainment,Android,Bangalore,0,2560,0,0
TXN007762,349.3,11,Bills,iOS,Chennai,0,1220,0,0
TXN007763,43.33,7,Shopping,Android,Bangalore,1,2577,0,0
TXN007764,307.58,7,Travel,Android,Bangalore,1,856,0,0
TXN007765,863.87,14,Other,iOS,Delhi,0,778,0,1
TXN007766,143.12,10,Other,Android,Pune,0,2827,0,0
TXN007767,3356.28,19,Travel,Android,Mumbai,0,2171,1,1
TXN007768,18.75,0,Bills,Android,Pune,2,2427,0,0
TXN007769,341.24,15,Shopping,iOS,Hyderabad,1,1292,0,0
TXN007770,601.75,13,Other,iOS,Hyderabad,0,1999,0,0
TXN007771,432.51,6,Other,Web,Chennai,0,232,0,0
TXN007772,116.14,5,Entertainment,iOS,Bangalore,1,243,0,0
TXN007773,104.74,20,Food,iOS,Chennai,0,1319,0,0
TXN007774,252.89,3,Entertainment,Android,Delhi,0,136,0,0
TXN007775,395.01,21,Food,Android,Bangalore,2,880,0,0
TXN007776,305.81,7,Other,Android,Hyderabad,1,2451,0,0
TXN007777,517.01,21,Food,iOS,Delhi,0,1324,0,0
TXN007778,43.7,18,Shopping,iOS,Delhi,0,2624,0,0
TXN007779,112.92,2,Other,Android,Pune,0,1054,0,0
TXN007780,48.04,3,Other,Android,Chennai,0,2636,0,0
TXN007781,93.38,12,Food,Android,Chennai,0,2012,0,0
TXN007782,501.83,20,Travel,Android,Pune,1,1162,0,0
TXN007783,168.95,1,Food,iOS,Mumbai,0,1164,0,0
TXN007784,3388.8,10,Food,iOS,Hyderabad,0,1298,0,1
TXN007785,187.18,15,Bills,iOS,Hyderabad,2,1327,1,0
TXN007786,159.43,9,Bills,Android,Chennai,1,345,0,0
TXN007787,168.58,14,Shopping,Web,Hyderabad,0,687,0,0
TXN007788,69.04,9,Shopping,Android,Hyderabad,0,348,0,0
TXN007789,138.46,1,Travel,Android,Delhi,0,582,0,0
TXN007790,574.41,5,Bills,iOS,Pune,0,2799,0,0
TXN007791,170.16,13,Entertainment,Android,Pune,1,1096,0,0
TXN007792,57.27,1,Shopping,Android,Bangalore,2,2031,0,0
TXN007793,48.91,9,Shopping,Android,Bangalore,0,2813,0,0
TXN007794,86.47,16,Bills,iOS,Mumbai,0,1303,0,0
TXN007795,162.17,7,Bills,iOS,Bangalore,0,1742,0,0
TXN007796,621.6,15,Travel,iOS,Pune,1,1018,0,0
TXN007797,29.71,13,Bills,iOS,Hyderabad,0,2766,0,0
TXN007798,101.11,9,Food,Android,Pune,0,2502,0,0
TXN007799,176.47,12,Other,Android,Delhi,1,2801,0,0
TXN007800,16.44,0,Entertainment,Android,Pune,1,384,1,0
TXN007801,54.58,9,Other,iOS,Bangalore,3,628,0,0
TXN007802,65.64,21,Food,Android,Hyderabad,0,341,0,0
TXN007803,57.1,11,Food,Web,Pune,2,1499,0,0
TXN007804,186.84,16,Other,Android,Hyderabad,0,2706,0,0
TXN007805,122.4,23,Food,iOS,Chennai,0,1792,0,0
TXN007806,76.22,13,Shopping,Web,Pune,0,2651,0,0
TXN007807,248.03,4,Other,Android,Chennai,0,641,1,0
TXN007808,1173.43,18,Food,iOS,Bangalore,0,1735,0,1
TXN007809,1061.15,4,Shopping,Android,Chennai,1,1209,0,1
TXN007810,14.77,14,Bills,Android,Hyderabad,2,817,0,0
TXN007811,296.63,12,Entertainment,Android,Hyderabad,2,576,0,0
TXN007812,119.87,16,Entertainment,iOS,Chennai,0,1491,0,0
TXN007813,178.79,0,Food,Android,Delhi,0,383,0,0
TXN007814,92.03,13,Entertainment,Android,Chennai,1,48,0,0
TXN007815,170.9,3,Shopping,Web,Delhi,0,1415,0,0
TXN007816,177.98,8,Bills,Android,Chennai,1,1061,0,0
TXN007817,74.09,16,Food,Android,Hyderabad,0,1503,0,0
TXN007818,50.62,2,Travel,Web,Pune,1,813,1,0
TXN007819,86.62,12,Other,Android,Hyderabad,0,1426,0,0
TXN007820,196.59,11,Entertainment,Android,Chennai,1,1931,0,0
TXN007821,304.54,15,Entertainment,iOS,Mumbai,0,1974,0,0
TXN007822,413.24,3,Food,Android,Delhi,0,1706,0,0
TXN007823,82.02,17,Other,Android,Mumbai,0,1172,0,0
TXN007824,208.64,22,Other,Android,Hyderabad,0,2534,0,0
TXN007825,471.07,2,Entertainment,iOS,Delhi,0,955,0,0
TXN007826,601.07,16,Entertainment,Android,Pune,0,1500,0,0
TXN007827,138.3,0,Travel,Android,Chennai,1,1221,0,0
TXN007828,113.85,18,Other,Android,Delhi,0,1828,0,0
TXN007829,186.67,21,Shopping,Android,Delhi,0,1773,0,0
TXN007830,37.35,3,Food,iOS,Bangalore,0,2051,0,0
TXN007831,117.64,16,Food,Android,Pune,1,1853,0,0
TXN007832,362.67,6,Travel,iOS,Delhi,0,986,0,0
TXN007833,320.65,1,Travel,Android,Pune,0,2629,0,0
TXN007834,107.31,11,Shopping,Android,Hyderabad,0,1936,0,0
TXN007835,192.72,4,Bills,Android,Pune,0,2924,0,0
TXN007836,55.17,15,Food,Android,Mumbai,0,296,0,0
TXN007837,345.22,7,Other,Android,Mumbai,1,358,0,0
TXN007838,135.18,22,Entertainment,iOS,Pune,2,2358,0,0
TXN007839,106.58,7,Shopping,iOS,Chennai,1,1469,0,0
TXN007840,96.15,12,Food,Android,Bangalore,0,1034,0,0
TXN007841,137.62,13,Other,iOS,Mumbai,0,1767,0,0
TXN007842,86.71,10,Shopping,Web,Mumbai,0,1959,0,0
TXN007843,326.94,5,Bills,Android,Delhi,0,2555,0,0
TXN007844,92.36,15,Other,Android,Pune,0,1494,0,0
TXN007845,1003.81,22,Food,iOS,Hyderabad,2,1649,0,1
TXN007846,861.14,21,Entertainment,Android,Pune,0,94,0,1
TXN007847,50.91,14,Other,iOS,Pune,0,189,0,0
TXN007848,161.36,15,Food,Web,Hyderabad,0,1669,0,0
TXN007849,67.98,12,Shopping,Android,Chennai,0,1916,0,0
TXN007850,100.29,11,Bills,iOS,Hyderabad,1,1229,0,0
TXN007851,1640.76,17,Other,Android,Mumbai,0,1619,0,1
TXN007852,102.61,17,Shopping,Android,Delhi,1,2152,0,0
TXN007853,228.67,13,Shopping,Android,Hyderabad,0,1687,0,0
TXN007854,284.17,1,Travel,Android,Bangalore,0,582,0,0
TXN007855,44.67,21,Shopping,Android,Bangalore,0,2582,0,0
TXN007856,53.19,1,Other,Android,Bangalore,1,1392,0,0
TXN007857,34.91,2,Bills,iOS,Hyderabad,0,2959,0,0
TXN007858,51.26,23,Entertainment,Android,Delhi,0,602,0,0
TXN007859,4.85,7,Travel,Android,Hyderabad,1,1188,0,0
TXN007860,285.29,10,Shopping,Android,Mumbai,0,978,0,0
TXN007861,1745.91,11,Other,Android,Hyderabad,2,2691,0,1
TXN007862,177.22,3,Food,Android,Pune,0,2130,0,0
TXN007863,27.13,8,Travel,iOS,Bangalore,0,257,1,0
TXN007864,68.63,23,Bills,Android,Bangalore,1,2177,0,0
TXN007865,85.57,16,Food,iOS,Pune,0,951,0,0
TXN007866,43.77,23,Bills,Android,Delhi,0,858,0,0
TXN007867,416.64,15,Food,iOS,Chennai,0,1088,0,0
TXN007868,392.41,16,Entertainment,Android,Bangalore,0,288,0,0
TXN007869,37.09,14,Bills,Android,Bangalore,0,1419,0,0
TXN007870,354.28,19,Food,iOS,Chennai,0,2397,0,0
TXN007871,927.21,21,Bills,Android,Hyderabad,0,2216,0,1
TXN007872,1455.45,6,Travel,iOS,Bangalore,0,1955,0,1
TXN007873,4620.48,9,Bills,iOS,Delhi,0,2207,0,1
TXN007874,50.28,3,Other,Android,Hyderabad,0,837,0,0
TXN007875,4398.7,23,Bills,iOS,Hyderabad,0,1436,0,1
TXN007876,97.02,23,Food,iOS,Bangalore,0,647,0,0
TXN007877,72.9,13,Bills,Android,Hyderabad,0,940,0,0
TXN007878,219.75,13,Entertainment,Android,Hyderabad,0,2176,0,0
TXN007879,73.81,13,Shopping,iOS,Delhi,0,803,0,0
TXN007880,239.57,13,Travel,Android,Hyderabad,0,2943,0,0
TXN007881,30.44,21,Other,Android,Pune,1,50,0,0
TXN007882,111.44,19,Food,iOS,Bangalore,1,1789,0,0
TXN007883,694.16,17,Bills,iOS,Bangalore,0,1494,0,0
TXN007884,138.59,14,Bills,iOS,Pune,0,1748,0,0
TXN007885,175.9,22,Bills,iOS,Pune,0,881,0,0
TXN007886,262.52,18,Travel,Android,Pune,0,1408,0,0
TXN007887,604.74,12,Other,Android,Chennai,1,732,0,0
TXN007888,20.36,11,Shopping,iOS,Mumbai,0,2385,0,0
TXN007889,299.29,18,Entertainment,Android,Chennai,0,2535,0,0
TXN007890,107.58,18,Other,iOS,Delhi,0,786,0,0
TXN007891,181.27,19,Entertainment,Android,Delhi,0,550,0,0
TXN007892,529.5,1,Other,Android,Bangalore,0,2712,0,0
TXN007893,35.41,20,Food,iOS,Mumbai,0,1411,0,0
TXN007894,44.03,2,Shopping,Android,Chennai,0,753,0,0
TXN007895,14.55,9,Shopping,Android,Mumbai,1,2033,0,0
TXN007896,76.78,4,Travel,Android,Bangalore,0,1312,0,0
TXN007897,732.54,11,Other,Android,Hyderabad,0,2987,0,1
TXN007898,128.42,6,Bills,Android,Bangalore,0,306,0,0
TXN007899,29.72,8,Shopping,Android,Bangalore,1,2405,0,0
TXN007900,82.86,1,Other,iOS,Mumbai,0,2193,0,0
TXN007901,24.89,9,Bills,iOS,Delhi,1,2068,0,0
TXN007902,38.47,5,Travel,Android,Hyderabad,0,1740,1,0
TXN007903,236.65,11,Other,Android,Hyderabad,1,1351,1,0
TXN007904,36.28,5,Other,iOS,Delhi,2,893,1,0
TXN007905,564.06,2,Food,iOS,Mumbai,1,2629,0,0
TXN007906,136.27,9,Other,Android,Mumbai,1,1111,0,0
TXN007907,164.47,8,Food,Android,Delhi,1,2465,1,0
TXN007908,106.27,19,Bills,Android,Chennai,0,1908,0,0
TXN007909,375.18,4,Bills,Android,Mumbai,1,342,0,0
TXN007910,379.86,2,Shopping,iOS,Delhi,0,2625,0,0
TXN007911,221.86,4,Travel,Web,Chennai,0,282,0,0
TXN007912,292.29,7,Food,iOS,Bangalore,0,947,0,0
TXN007913,115.06,7,Shopping,Web,Hyderabad,0,1505,0,0
TXN007914,284.47,13,Entertainment,Android,Delhi,1,2599,0,0
TXN007915,98.94,23,Shopping,iOS,Mumbai,0,2229,0,0
TXN007916,148.81,21,Bills,Android,Hyderabad,1,1984,0,0
TXN007917,106.74,16,Entertainment,Android,Chennai,1,1935,1,0
TXN007918,85.74,10,Shopping,iOS,Hyderabad,0,81,0,0
TXN007919,64.91,15,Other,Android,Pune,0,1812,1,0
TXN007920,260.14,5,Travel,Android,Delhi,0,1323,0,0
TXN007921,715.32,10,Food,iOS,Bangalore,0,964,0,0
TXN007922,605.06,9,Other,Android,Chennai,0,2662,0,0
TXN007923,32.86,22,Entertainment,iOS,Chennai,0,2327,0,0
TXN007924,697.18,8,Travel,Android,Chennai,0,1727,0,0
TXN007925,101.31,23,Shopping,iOS,Hyderabad,1,625,0,0
TXN007926,305.17,23,Other,Android,Bangalore,0,2912,0,0
TXN007927,50.03,14,Bills,Android,Delhi,0,528,0,0
TXN007928,175.98,6,Bills,Android,Delhi,0,2189,0,0
TXN007929,216.26,17,Travel,iOS,Hyderabad,0,1065,0,0
TXN007930,24.99,0,Bills,iOS,Pune,0,2887,0,0
TXN007931,307.94,14,Food,Android,Delhi,0,499,0,0
TXN007932,746.3,1,Travel,Android,Delhi,0,768,0,1
TXN007933,120.35,21,Travel,Android,Bangalore,0,2581,0,0
TXN007934,759.15,1,Bills,iOS,Hyderabad,0,1702,0,1
TXN007935,118.2,9,Travel,Android,Hyderabad,0,923,0,0
TXN007936,411.37,19,Shopping,Android,Chennai,0,1090,0,0
TXN007937,10.36,14,Entertainment,iOS,Delhi,0,2214,0,0
TXN007938,2704.12,9,Other,iOS,Mumbai,1,493,1,1
TXN007939,892.97,18,Entertainment,Android,Pune,0,1169,0,1
TXN007940,105.47,21,Other,Android,Bangalore,0,1628,0,0
TXN007941,13.92,12,Bills,iOS,Bangalore,0,358,0,0
TXN007942,209.69,23,Food,iOS,Pune,0,1449,0,0
TXN007943,26.24,10,Food,Android,Pune,0,1169,0,0
TXN007944,253.11,21,Bills,Android,Mumbai,0,844,1,0
TXN007945,243.2,1,Bills,Android,Chennai,1,1039,1,0
TXN007946,47.96,20,Travel,iOS,Mumbai,1,358,0,0
TXN007947,569.73,12,Food,iOS,Pune,1,504,0,0
TXN007948,390.21,21,Entertainment,Android,Pune,0,825,1,0
TXN007949,478.66,21,Bills,Android,Mumbai,0,64,0,0
TXN007950,150.0,20,Entertainment,Android,Chennai,1,2440,0,0
TXN007951,27.15,0,Other,iOS,Mumbai,0,195,0,0
TXN007952,479.84,4,Entertainment,Android,Chennai,1,2758,0,0
TXN007953,107.29,20,Food,Android,Pune,0,864,0,0
TXN007954,28.0,21,Other,iOS,Pune,0,2773,0,0
TXN007955,751.78,6,Entertainment,iOS,Pune,0,416,0,1
TXN007956,1843.26,12,Travel,iOS,Delhi,1,2640,0,1
TXN007957,141.25,12,Travel,Android,Chennai,0,1281,1,0
TXN007958,1980.18,19,Food,iOS,Pune,0,2666,0,1
TXN007959,165.6,22,Travel,iOS,Hyderabad,0,2510,0,0
TXN007960,94.01,20,Bills,iOS,Hyderabad,0,2303,0,0
TXN007961,69.65,5,Other,Android,Mumbai,0,1773,0,0
TXN007962,1058.38,19,Food,Android,Hyderabad,1,1022,1,1
TXN007963,58.2,11,Other,iOS,Chennai,1,1728,0,0
TXN007964,358.64,7,Entertainment,Web,Delhi,0,2093,0,0
TXN007965,75.87,8,Bills,iOS,Chennai,0,1221,0,0
TXN007966,85.42,17,Food,iOS,Bangalore,0,866,0,0
TXN007967,510.96,10,Entertainment,Android,Mumbai,0,1726,0,0
TXN007968,94.06,19,Entertainment,Android,Pune,1,1488,0,0
TXN007969,91.31,10,Entertainment,iOS,Delhi,3,2811,0,0
TXN007970,577.88,23,Entertainment,iOS,Mumbai,0,195,0,0
TXN007971,1009.16,23,Entertainment,iOS,Bangalore,0,341,0,1
TXN007972,321.7,14,Food,Web,Hyderabad,1,1795,0,0
TXN007973,67.65,8,Travel,Android,Bangalore,1,2609,0,0
TXN007974,80.42,2,Entertainment,Android,Hyderabad,0,350,0,0
TXN007975,163.35,16,Bills,Web,Mumbai,0,607,0,0
TXN007976,218.14,16,Food,Android,Mumbai,0,304,0,0
TXN007977,45.36,2,Shopping,iOS,Pune,0,1965,0,0
TXN007978,353.42,18,Travel,iOS,Pune,0,2822,0,0
TXN007979,164.45,8,Bills,Android,Mumbai,0,482,0,0
TXN007980,18.94,16,Entertainment,iOS,Pune,1,2069,0,0
TXN007981,48.68,22,Food,Android,Chennai,1,1329,0,0
TXN007982,81.05,17,Food,iOS,Delhi,0,904,0,0
TXN007983,135.99,22,Entertainment,Android,Chennai,0,1707,0,0
TXN007984,1432.44,14,Bills,iOS,Bangalore,0,1687,0,1
TXN007985,197.51,0,Food,iOS,Delhi,0,1770,0,0
TXN007986,54.11,9,Other,Android,Mumbai,2,1144,0,0
TXN007987,193.4,7,Travel,iOS,Mumbai,1,1494,0,0
TXN007988,97.27,9,Bills,Web,Mumbai,0,1687,0,0
TXN007989,219.14,1,Entertainment,iOS,Hyderabad,0,1471,0,0
TXN007990,297.88,18,Bills,Web,Bangalore,0,728,0,0
TXN007991,633.38,13,Other,Android,Chennai,0,2745,0,0
TXN007992,144.15,7,Bills,Android,Pune,0,1472,0,0
TXN007993,1060.77,18,Shopping,Android,Bangalore,0,2336,0,1
TXN007994,441.26,0,Entertainment,Web,Hyderabad,0,912,1,0
TXN007995,63.5,15,Travel,Android,Hyderabad,1,2081,0,0
TXN007996,2104.49,23,Entertainment,Android,Bangalore,0,1459,0,1
TXN007997,219.73,14,Shopping,Android,Hyderabad,0,2146,0,0
TXN007998,54.48,19,Entertainment,Android,Pune,0,902,0,0
TXN007999,1078.68,23,Entertainment,Web,Delhi,1,1284,0,1
TXN008000,1796.03,4,Travel,Android,Mumbai,0,820,1,1
TXN008001,142.65,2,Shopping,Web,Chennai,1,1012,0,0
TXN008002,81.09,16,Entertainment,Android,Hyderabad,0,938,0,0
TXN008003,120.68,9,Other,iOS,Chennai,1,1625,0,0
TXN008004,349.91,4,Entertainment,Android,Mumbai,2,2360,0,0
TXN008005,687.75,10,Food,Android,Pune,0,660,0,0
TXN008006,294.3,5,Entertainment,Android,Bangalore,0,1321,0,0
TXN008007,167.68,3,Travel,Android,Pune,1,78,1,0
TXN008008,895.71,6,Food,Android,Mumbai,1,1785,0,1
TXN008009,101.96,18,Other,Android,Chennai,1,1928,1,0
TXN008010,511.38,6,Other,Android,Delhi,0,2259,0,0
TXN008011,105.04,13,Other,Android,Bangalore,0,2197,0,0
TXN008012,248.94,16,Shopping,iOS,Hyderabad,0,1841,0,0
TXN008013,129.51,22,Other,Android,Delhi,1,2345,0,0
TXN008014,138.79,16,Bills,iOS,Mumbai,0,2848,1,0
TXN008015,94.36,12,Travel,Web,Chennai,0,799,0,0
TXN008016,745.33,0,Shopping,Android,Chennai,2,1529,0,1
TXN008017,61.59,1,Food,Android,Chennai,0,307,0,0
TXN008018,61.05,17,Bills,Android,Mumbai,1,832,0,0
TXN008019,1891.63,3,Shopping,Android,Bangalore,1,1297,1,1
TXN008020,479.82,12,Travel,iOS,Hyderabad,1,2598,0,0
TXN008021,8.48,0,Food,Android,Delhi,1,2932,0,0
TXN008022,75.32,3,Travel,Android,Mumbai,0,1307,0,0
TXN008023,16.87,1,Travel,Android,Chennai,0,814,0,0
TXN008024,47.43,3,Food,iOS,Hyderabad,0,683,0,0
TXN008025,3.43,15,Other,iOS,Chennai,0,273,0,0
TXN008026,125.92,3,Entertainment,Web,Mumbai,0,957,0,0
TXN008027,37.7,8,Travel,Web,Chennai,0,2775,0,0
TXN008028,159.47,16,Other,Android,Mumbai,2,999,0,0
TXN008029,21.11,20,Food,Android,Chennai,0,1629,0,0
TXN008030,163.94,22,Travel,Android,Mumbai,0,1194,1,0
TXN008031,90.21,19,Entertainment,Android,Chennai,0,2751,0,0
TXN008032,899.95,20,Food,Android,Hyderabad,1,1982,0,1
TXN008033,807.25,1,Shopping,Android,Hyderabad,0,1186,0,1
TXN008034,380.85,2,Shopping,Android,Chennai,0,1676,0,0
TXN008035,100.29,22,Other,Android,Chennai,2,2789,0,0
TXN008036,1607.53,14,Shopping,iOS,Mumbai,1,2095,0,1
TXN008037,23.02,6,Bills,Web,Mumbai,0,2049,0,0
TXN008038,27.54,3,Travel,Android,Mumbai,2,2999,0,0
TXN008039,134.22,11,Travel,Android,Bangalore,0,1413,0,0
TXN008040,2219.08,0,Food,Android,Chennai,0,1905,1,1
TXN008041,116.42,16,Bills,iOS,Pune,1,906,0,0
TXN008042,119.12,3,Travel,Web,Chennai,0,1825,0,0
TXN008043,26.3,3,Food,Android,Chennai,0,51,1,0
TXN008044,461.79,21,Entertainment,Android,Chennai,0,2294,0,0
TXN008045,465.83,22,Travel,Android,Mumbai,0,2930,0,0
TXN008046,382.56,8,Other,Android,Mumbai,0,2571,0,0
TXN008047,69.75,20,Travel,iOS,Bangalore,0,230,1,0
TXN008048,63.56,9,Entertainment,Android,Mumbai,0,2057,0,0
TXN008049,31.45,18,Entertainment,Web,Pune,0,1318,0,0
TXN008050,164.13,18,Travel,Android,Chennai,0,2950,0,0
TXN008051,40.59,14,Entertainment,iOS,Chennai,0,2340,0,0
TXN008052,36.13,21,Food,Android,Delhi,0,446,0,0
TXN008053,89.26,16,Travel,Android,Mumbai,0,2143,0,0
TXN008054,82.52,6,Travel,iOS,Delhi,0,1039,1,0
TXN008055,77.82,2,Shopping,Web,Chennai,0,485,0,0
TXN008056,259.75,4,Other,iOS,Mumbai,0,2686,0,0
TXN008057,163.18,15,Travel,iOS,Chennai,1,984,1,0
TXN008058,105.03,22,Shopping,iOS,Delhi,0,1856,0,0
TXN008059,184.86,6,Entertainment,Android,Delhi,1,2170,0,0
TXN008060,45.16,15,Other,iOS,Hyderabad,0,1725,0,0
TXN008061,168.4,8,Other,iOS,Hyderabad,0,798,1,0
TXN008062,177.81,0,Entertainment,Android,Mumbai,0,1682,0,0
TXN008063,24.44,2,Food,Android,Mumbai,1,892,0,0
TXN008064,490.21,7,Shopping,iOS,Mumbai,0,2257,0,0
TXN008065,51.54,17,Travel,iOS,Mumbai,0,2505,0,0
TXN008066,165.4,23,Shopping,Android,Mumbai,0,561,0,0
TXN008067,600.22,23,Entertainment,iOS,Mumbai,0,1406,0,0
TXN008068,450.7,17,Entertainment,iOS,Pune,0,244,0,0
TXN008069,154.66,23,Food,Android,Mumbai,0,1193,0,0
TXN008070,96.06,18,Other,iOS,Delhi,1,1701,0,0
TXN008071,462.67,6,Other,Android,Delhi,0,477,0,0
TXN008072,333.5,19,Entertainment,Android,Delhi,2,2758,0,0
TXN008073,70.67,5,Shopping,iOS,Pune,1,908,0,0
TXN008074,57.18,10,Other,Web,Chennai,1,1687,0,0
TXN008075,12.34,4,Travel,Android,Bangalore,1,1704,0,0
TXN008076,178.54,11,Travel,iOS,Chennai,1,55,0,0
TXN008077,134.39,0,Shopping,Android,Mumbai,2,1603,0,0
TXN008078,580.23,18,Food,iOS,Bangalore,0,2722,0,0
TXN008079,228.35,10,Travel,iOS,Delhi,0,226,0,0
TXN008080,735.89,14,Shopping,iOS,Delhi,0,141,0,1
TXN008081,64.27,15,Shopping,iOS,Hyderabad,1,1708,0,0
TXN008082,581.6,2,Entertainment,iOS,Mumbai,0,2010,0,0
TXN008083,78.67,10,Other,Android,Mumbai,1,1928,0,0
TXN008084,377.33,10,Entertainment,Android,Hyderabad,0,1873,0,0
TXN008085,25.78,9,Other,Android,Chennai,0,1524,0,0
TXN008086,196.79,1,Food,iOS,Hyderabad,0,1422,1,0
TXN008087,13.71,19,Food,Android,Pune,0,411,0,0
TXN008088,107.71,4,Food,Android,Mumbai,0,1363,1,0
TXN008089,251.75,22,Shopping,iOS,Pune,0,407,0,0
TXN008090,79.43,22,Shopping,iOS,Pune,1,1068,1,0
TXN008091,42.08,7,Entertainment,iOS,Pune,1,2858,0,0
TXN008092,409.67,12,Travel,Android,Delhi,0,2031,0,0
TXN008093,131.08,14,Other,Android,Hyderabad,0,52,0,0
TXN008094,82.48,1,Other,Android,Bangalore,0,365,0,0
TXN008095,156.07,11,Food,Android,Delhi,2,1243,0,0
TXN008096,3512.22,23,Other,Android,Chennai,1,2358,0,1
TXN008097,592.41,7,Bills,Android,Delhi,0,2237,0,0
TXN008098,598.9,20,Food,Android,Chennai,0,2361,0,0
TXN008099,250.3,18,Other,iOS,Delhi,1,2168,0,0
TXN008100,181.23,22,Entertainment,Android,Mumbai,0,1681,0,0
TXN008101,8.37,0,Other,Android,Pune,1,522,0,0
TXN008102,65.71,7,Shopping,iOS,Chennai,1,513,0,0
TXN008103,83.37,9,Entertainment,iOS,Chennai,0,169,0,0
TXN008104,15.64,12,Entertainment,iOS,Hyderabad,1,1516,0,0
TXN008105,37.01,4,Entertainment,Android,Delhi,1,1929,1,0
TXN008106,13.78,21,Bills,Web,Chennai,0,1463,1,0
TXN008107,141.74,8,Bills,Web,Chennai,1,2060,0,0
TXN008108,396.44,9,Other,iOS,Delhi,0,1650,0,0
TXN008109,560.11,13,Food,Android,Delhi,1,1666,0,0
TXN008110,244.14,23,Other,Android,Bangalore,0,968,0,0
TXN008111,46.71,10,Other,iOS,Hyderabad,0,2511,0,0
TXN008112,14.61,13,Other,iOS,Chennai,0,1255,0,0
TXN008113,18.02,2,Shopping,Web,Delhi,0,953,0,0
TXN008114,32.37,20,Entertainment,iOS,Chennai,1,54,0,0
TXN008115,51.08,15,Travel,Web,Bangalore,0,1936,0,0
TXN008116,122.52,19,Food,iOS,Bangalore,1,1521,0,0
TXN008117,43.95,16,Food,Web,Chennai,0,1260,1,0
TXN008118,222.91,4,Entertainment,Android,Hyderabad,0,1455,0,0
TXN008119,112.31,6,Food,Android,Mumbai,0,197,0,0
TXN008120,150.3,16,Entertainment,iOS,Chennai,0,1396,0,0
TXN008121,583.07,19,Food,iOS,Bangalore,0,1064,0,0
TXN008122,36.01,21,Other,Android,Hyderabad,0,2488,0,0
TXN008123,245.29,10,Shopping,iOS,Pune,1,1218,0,0
TXN008124,145.95,11,Food,iOS,Delhi,0,169,0,0
TXN008125,99.47,23,Food,Android,Pune,0,2558,0,0
TXN008126,429.37,1,Travel,Android,Hyderabad,0,1315,0,0
TXN008127,426.16,18,Shopping,Web,Hyderabad,0,535,0,0
TXN008128,47.67,4,Other,Android,Chennai,1,867,0,0
TXN008129,119.27,10,Shopping,iOS,Hyderabad,1,969,0,0
TXN008130,207.98,22,Shopping,Android,Delhi,0,242,0,0
TXN008131,106.95,18,Food,iOS,Pune,0,2422,0,0
TXN008132,299.47,6,Bills,Web,Chennai,0,588,0,0
TXN008133,207.98,20,Food,Android,Bangalore,1,2113,0,0
TXN008134,1338.19,21,Entertainment,Android,Delhi,0,1097,0,1
TXN008135,23.66,5,Travel,iOS,Chennai,0,2018,0,0
TXN008136,128.13,10,Shopping,Web,Chennai,0,2996,0,0
TXN008137,49.89,13,Entertainment,Android,Mumbai,0,436,0,0
TXN008138,306.41,3,Other,Android,Delhi,0,116,0,0
TXN008139,21.31,7,Entertainment,Android,Hyderabad,1,1914,0,0
TXN008140,224.88,8,Bills,Android,Delhi,0,1506,0,0
TXN008141,69.68,1,Shopping,Android,Delhi,0,1370,0,0
TXN008142,61.5,10,Food,Web,Mumbai,1,750,0,0
TXN008143,26.16,19,Shopping,Android,Hyderabad,0,195,0,0
TXN008144,84.94,21,Travel,iOS,Pune,0,944,1,0
TXN008145,545.34,6,Shopping,iOS,Mumbai,0,908,0,0
TXN008146,143.99,3,Entertainment,Android,Mumbai,0,2524,0,0
TXN008147,315.2,23,Entertainment,iOS,Mumbai,0,1531,0,0
TXN008148,1093.97,13,Food,iOS,Delhi,0,564,0,1
TXN008149,203.67,23,Food,Android,Pune,1,59,0,0
TXN008150,75.9,0,Food,Android,Mumbai,0,2864,0,0
TXN008151,260.01,23,Other,Android,Bangalore,1,708,0,0
TXN008152,77.23,11,Travel,Android,Hyderabad,0,253,0,0
TXN008153,81.02,18,Other,Android,Pune,1,2183,0,0
TXN008154,23.95,4,Other,Web,Hyderabad,2,1593,0,0
TXN008155,451.02,7,Other,Android,Pune,0,1692,0,0
TXN008156,93.39,10,Shopping,iOS,Mumbai,1,90,0,0
TXN008157,184.66,21,Bills,Android,Pune,0,2253,0,0
TXN008158,42.81,3,Shopping,Web,Delhi,0,1660,0,0
TXN008159,250.42,14,Food,iOS,Pune,1,1516,0,0
TXN008160,59.48,19,Travel,iOS,Chennai,1,2685,0,0
TXN008161,125.2,11,Other,Android,Chennai,2,2218,0,0
TXN008162,425.55,19,Shopping,Android,Delhi,1,115,0,0
TXN008163,383.34,21,Entertainment,iOS,Mumbai,2,664,0,0
TXN008164,144.54,22,Other,iOS,Mumbai,0,382,1,0
TXN008165,17.78,20,Shopping,iOS,Bangalore,0,1477,0,0
TXN008166,5385.0,9,Entertainment,Android,Chennai,0,208,0,1
TXN008167,1205.96,23,Shopping,Web,Chennai,0,611,0,1
TXN008168,353.26,15,Shopping,Web,Hyderabad,0,1979,1,0
TXN008169,60.11,22,Other,iOS,Mumbai,0,2716,0,0
TXN008170,129.5,7,Shopping,Android,Delhi,0,443,0,0
TXN008171,77.32,19,Food,iOS,Mumbai,1,235,0,0
TXN008172,676.29,7,Entertainment,Android,Mumbai,0,979,0,0
TXN008173,203.37,5,Travel,iOS,Bangalore,0,804,0,0
TXN008174,57.92,2,Bills,iOS,Pune,0,1120,0,0
TXN008175,84.36,7,Other,Android,Pune,1,508,1,0
TXN008176,569.88,22,Entertainment,iOS,Delhi,0,1191,0,0
TXN008177,1012.44,9,Food,Android,Bangalore,0,254,0,1
TXN008178,928.9,4,Entertainment,Web,Bangalore,0,1114,0,1
TXN008179,368.13,10,Travel,Android,Bangalore,0,1346,0,0
TXN008180,109.6,3,Other,Android,Pune,0,44,1,0
TXN008181,3.03,16,Entertainment,iOS,Bangalore,0,79,0,0
TXN008182,212.0,2,Food,Android,Mumbai,1,1154,0,0
TXN008183,148.09,17,Other,iOS,Pune,0,993,0,0
TXN008184,175.56,7,Food,Android,Pune,0,1063,0,0
TXN008185,158.33,23,Other,iOS,Hyderabad,0,2833,0,0
TXN008186,30.22,11,Bills,iOS,Mumbai,2,152,0,0
TXN008187,289.71,20,Travel,Android,Bangalore,2,691,0,0
TXN008188,316.92,15,Bills,Web,Bangalore,1,1948,0,0
TXN008189,336.57,13,Shopping,Android,Hyderabad,0,700,0,0
TXN008190,462.15,20,Food,Android,Chennai,0,2330,0,0
TXN008191,306.39,15,Bills,Android,Delhi,0,1385,0,0
TXN008192,90.74,3,Food,iOS,Bangalore,2,1849,0,0
TXN008193,136.32,0,Other,Android,Bangalore,0,1275,0,0
TXN008194,165.56,0,Food,Android,Mumbai,0,2797,0,0
TXN008195,168.89,21,Shopping,Web,Bangalore,0,2352,0,0
TXN008196,491.7,14,Food,Android,Bangalore,1,2581,0,0
TXN008197,321.31,19,Other,Android,Delhi,0,875,0,0
TXN008198,1795.09,19,Other,Android,Mumbai,0,588,0,1
TXN008199,2095.95,2,Bills,Android,Chennai,0,2704,1,1
TXN008200,163.3,13,Travel,Android,Bangalore,1,1973,0,0
TXN008201,1.49,8,Entertainment,Android,Bangalore,0,2773,0,0
TXN008202,654.71,18,Bills,Android,Chennai,1,2447,0,0
TXN008203,77.6,7,Shopping,Android,Hyderabad,1,2600,0,0
TXN008204,56.73,1,Entertainment,Android,Chennai,1,618,0,0
TXN008205,92.01,3,Food,iOS,Chennai,0,1383,0,0
TXN008206,86.84,0,Bills,iOS,Mumbai,0,1274,0,0
TXN008207,309.43,10,Entertainment,Android,Pune,0,376,0,0
TXN008208,22.84,4,Bills,Web,Chennai,1,1619,0,0
TXN008209,40.72,1,Food,iOS,Mumbai,1,88,1,0
TXN008210,224.03,12,Other,Web,Pune,0,2782,0,0
TXN008211,313.42,16,Bills,Android,Chennai,1,2109,0,0
TXN008212,320.49,16,Shopping,iOS,Bangalore,1,237,1,0
TXN008213,57.72,17,Entertainment,Android,Bangalore,0,2415,0,0
TXN008214,45.88,20,Entertainment,iOS,Pune,0,2256,0,0
TXN008215,80.8,8,Entertainment,Android,Hyderabad,1,339,0,0
TXN008216,197.92,5,Bills,Android,Pune,0,2486,0,0
TXN008217,882.34,19,Food,Android,Chennai,0,1691,0,1
TXN008218,12.72,2,Bills,iOS,Delhi,0,2215,0,0
TXN008219,113.88,7,Bills,iOS,Chennai,0,2468,0,0
TXN008220,29.99,2,Other,Android,Pune,1,2459,1,0
TXN008221,20.44,0,Entertainment,Android,Delhi,0,1810,0,0
TXN008222,473.59,19,Food,Web,Pune,1,734,1,0
TXN008223,285.3,12,Travel,iOS,Chennai,0,1918,0,0
TXN008224,254.5,20,Food,iOS,Mumbai,0,1022,0,0
TXN008225,448.2,4,Bills,iOS,Bangalore,1,1564,0,0
TXN008226,83.46,15,Shopping,Android,Delhi,0,2724,0,0
TXN008227,88.31,20,Food,Android,Delhi,0,2122,0,0
TXN008228,2044.43,23,Entertainment,Android,Chennai,0,1926,0,1
TXN008229,110.4,15,Shopping,Android,Bangalore,1,491,0,0
TXN008230,358.58,23,Travel,iOS,Hyderabad,0,1700,0,0
TXN008231,149.55,11,Travel,Android,Delhi,2,2824,0,0
TXN008232,16.15,12,Shopping,Android,Bangalore,0,2664,0,0
TXN008233,12.76,3,Travel,Android,Bangalore,1,2341,0,0
TXN008234,74.09,8,Shopping,Android,Delhi,0,1655,0,0
TXN008235,527.06,15,Bills,iOS,Mumbai,0,634,0,0
TXN008236,382.2,0,Shopping,Android,Pune,2,623,0,0
TXN008237,444.47,4,Bills,Android,Mumbai,2,2070,0,0
TXN008238,45.4,20,Entertainment,iOS,Chennai,1,2248,0,0
TXN008239,1031.79,4,Entertainment,Android,Pune,0,2980,0,1
TXN008240,46.62,23,Travel,Android,Pune,0,1357,0,0
TXN008241,191.6,18,Other,iOS,Chennai,1,1559,1,0
TXN008242,146.58,8,Other,Android,Bangalore,1,1548,0,0
TXN008243,120.46,7,Shopping,iOS,Delhi,1,586,0,0
TXN008244,739.75,18,Bills,iOS,Mumbai,1,2614,0,1
TXN008245,63.68,17,Entertainment,Android,Bangalore,1,2081,0,0
TXN008246,29.38,14,Entertainment,Android,Mumbai,1,2307,0,0
TXN008247,152.02,3,Entertainment,Web,Delhi,0,1495,0,0
TXN008248,91.85,14,Travel,Android,Mumbai,2,1502,0,0
TXN008249,8542.93,12,Entertainment,Web,Hyderabad,1,923,1,1
TXN008250,334.22,17,Other,Android,Chennai,1,224,0,0
TXN008251,90.81,19,Food,iOS,Pune,0,185,0,0
TXN008252,41.79,4,Travel,iOS,Mumbai,1,139,0,0
TXN008253,15.54,17,Shopping,iOS,Delhi,0,1730,0,0
TXN008254,43.37,7,Food,Android,Delhi,1,1951,1,0
TXN008255,170.36,0,Travel,Android,Hyderabad,0,1050,0,0
TXN008256,822.87,18,Travel,Android,Delhi,0,2138,0,1
TXN008257,570.22,22,Bills,Web,Hyderabad,1,1774,0,0
TXN008258,195.37,16,Food,Android,Bangalore,0,666,0,0
TXN008259,100.71,1,Food,Web,Mumbai,0,626,0,0
TXN008260,204.91,18,Other,Android,Delhi,0,2798,0,0
TXN008261,79.65,15,Food,Android,Chennai,0,1096,0,0
TXN008262,1166.82,17,Entertainment,Android,Mumbai,1,1016,0,1
TXN008263,118.27,1,Other,iOS,Hyderabad,1,313,1,0
TXN008264,133.81,5,Entertainment,iOS,Mumbai,0,792,0,0
TXN008265,10.39,6,Other,Android,Mumbai,0,1758,1,0
TXN008266,117.39,5,Shopping,Web,Delhi,1,608,1,0
TXN008267,404.96,5,Other,Android,Chennai,1,748,0,0
TXN008268,41.21,8,Shopping,iOS,Bangalore,2,865,0,0
TXN008269,60.29,7,Other,iOS,Chennai,0,2625,0,0
TXN008270,384.23,23,Shopping,Android,Pune,0,412,0,0
TXN008271,25.23,21,Entertainment,Android,Hyderabad,0,2875,0,0
TXN008272,528.14,20,Other,Android,Pune,2,2426,0,0
TXN008273,78.37,8,Bills,Android,Chennai,1,820,0,0
TXN008274,93.1,11,Other,Web,Chennai,0,476,0,0
TXN008275,38.53,17,Shopping,Web,Hyderabad,1,2018,1,0
TXN008276,233.61,22,Travel,iOS,Chennai,0,2965,0,0
TXN008277,2840.82,5,Entertainment,iOS,Bangalore,0,1584,0,1
TXN008278,379.1,22,Bills,Android,Mumbai,0,2149,0,0
TXN008279,52.61,3,Travel,Android,Bangalore,0,328,0,0
TXN008280,579.84,6,Travel,iOS,Pune,0,678,0,0
TXN008281,101.49,17,Entertainment,iOS,Mumbai,0,2827,0,0
TXN008282,772.31,19,Other,iOS,Mumbai,0,310,0,1
TXN008283,390.73,4,Food,iOS,Chennai,0,1014,0,0
TXN008284,4.34,17,Bills,Android,Mumbai,0,491,0,0
TXN008285,44.48,9,Other,Android,Hyderabad,0,316,0,0
TXN008286,460.94,7,Entertainment,iOS,Bangalore,0,682,0,0
TXN008287,178.04,0,Food,Android,Mumbai,0,862,0,0
TXN008288,43.44,14,Entertainment,iOS,Chennai,0,2747,0,0
TXN008289,69.39,2,Entertainment,Android,Chennai,0,230,1,0
TXN008290,15.07,14,Travel,Android,Chennai,0,1541,0,0
TXN008291,133.48,13,Other,Android,Delhi,0,2618,0,0
TXN008292,2106.59,0,Entertainment,iOS,Bangalore,0,124,1,1
TXN008293,389.91,20,Other,iOS,Chennai,0,1327,0,0
TXN008294,2055.96,7,Food,Android,Hyderabad,0,160,0,1
TXN008295,427.89,6,Travel,Android,Chennai,0,991,0,0
TXN008296,509.27,8,Food,Android,Delhi,0,1350,0,0
TXN008297,1585.88,17,Food,Android,Bangalore,0,143,0,1
TXN008298,233.39,11,Travel,Android,Mumbai,1,2542,0,0
TXN008299,118.55,7,Other,Android,Bangalore,0,2875,0,0
TXN008300,512.44,7,Food,Android,Mumbai,0,2676,0,0
TXN008301,849.47,5,Shopping,Android,Mumbai,0,1275,0,1
TXN008302,83.43,2,Other,Android,Chennai,0,1320,0,0
TXN008303,62.43,1,Entertainment,Android,Pune,0,728,0,0
TXN008304,175.32,13,Travel,Android,Hyderabad,0,2325,0,0
TXN008305,402.54,7,Travel,Android,Hyderabad,0,2688,0,0
TXN008306,386.72,5,Other,Web,Pune,0,592,0,0
TXN008307,26.87,3,Shopping,Android,Chennai,1,1630,0,0
TXN008308,1471.34,4,Shopping,iOS,Delhi,0,2647,1,1
TXN008309,68.76,20,Shopping,Android,Mumbai,1,2253,0,0
TXN008310,107.98,12,Shopping,iOS,Pune,0,1239,1,0
TXN008311,50.24,8,Bills,Web,Hyderabad,0,515,0,0
TXN008312,3781.95,12,Travel,Android,Bangalore,0,706,1,1
TXN008313,198.44,8,Food,iOS,Delhi,0,164,1,0
TXN008314,53.45,23,Travel,Android,Chennai,2,1052,0,0
TXN008315,418.51,23,Travel,Android,Delhi,0,601,0,0
TXN008316,373.52,15,Travel,Android,Hyderabad,0,1447,0,0
TXN008317,118.48,11,Shopping,Android,Pune,0,830,0,0
TXN008318,406.97,1,Shopping,Android,Chennai,1,2768,0,0
TXN008319,55.13,18,Bills,Android,Hyderabad,0,152,0,0
TXN008320,82.15,15,Other,Android,Mumbai,0,1899,0,0
TXN008321,13.3,23,Travel,iOS,Delhi,1,961,0,0
TXN008322,30.3,12,Entertainment,Android,Pune,1,1420,0,0
TXN008323,1298.75,4,Other,Android,Mumbai,0,835,0,1
TXN008324,1063.92,22,Bills,Android,Bangalore,0,1297,0,1
TXN008325,160.6,23,Shopping,Android,Mumbai,0,1876,0,0
TXN008326,1091.73,5,Travel,Android,Delhi,0,2428,0,1
TXN008327,122.48,20,Shopping,Android,Bangalore,0,2508,0,0
TXN008328,110.82,23,Other,Android,Hyderabad,1,2666,0,0
TXN008329,158.83,16,Food,Android,Pune,0,1140,1,0
TXN008330,127.75,16,Shopping,iOS,Bangalore,2,1645,0,0
TXN008331,114.64,16,Shopping,Android,Delhi,0,1462,0,0
TXN008332,585.27,2,Bills,Android,Chennai,0,1527,0,0
TXN008333,177.71,12,Food,Android,Bangalore,0,1946,0,0
TXN008334,348.97,11,Other,Web,Hyderabad,0,114,0,0
TXN008335,511.66,5,Entertainment,iOS,Bangalore,1,2863,0,0
TXN008336,236.47,21,Entertainment,Android,Pune,0,1830,0,0
TXN008337,46.32,20,Entertainment,Android,Mumbai,1,1525,0,0
TXN008338,29.27,12,Travel,Android,Chennai,1,1676,0,0
TXN008339,177.42,13,Entertainment,Android,Delhi,0,2437,1,0
TXN008340,120.84,6,Travel,iOS,Chennai,2,1838,0,0
TXN008341,164.82,4,Other,iOS,Mumbai,2,1915,0,0
TXN008342,145.58,13,Other,Android,Chennai,1,340,0,0
TXN008343,3295.42,17,Shopping,Android,Mumbai,0,339,0,1
TXN008344,30.08,3,Entertainment,iOS,Pune,0,1477,0,0
TXN008345,13.63,0,Bills,iOS,Bangalore,1,2854,0,0
TXN008346,221.15,6,Other,iOS,Delhi,0,2753,0,0
TXN008347,94.47,19,Food,Android,Mumbai,1,2725,1,0
TXN008348,216.87,12,Food,iOS,Mumbai,2,281,0,0
TXN008349,299.06,3,Other,Android,Bangalore,0,1526,0,0
TXN008350,692.93,12,Shopping,Android,Mumbai,0,846,0,0
TXN008351,24.32,3,Food,iOS,Delhi,0,247,0,0
TXN008352,76.09,2,Food,iOS,Hyderabad,0,2247,0,0
TXN008353,248.27,7,Shopping,Android,Chennai,0,1311,0,0
TXN008354,374.11,19,Shopping,iOS,Pune,1,2748,0,0
TXN008355,2063.46,7,Shopping,iOS,Pune,0,105,0,1
TXN008356,467.24,16,Bills,Android,Mumbai,1,2434,0,0
TXN008357,138.64,14,Shopping,iOS,Chennai,0,386,0,0
TXN008358,50.98,3,Shopping,Android,Pune,0,1630,0,0
TXN008359,75.4,5,Shopping,iOS,Chennai,0,2023,0,0
TXN008360,72.88,23,Other,Android,Pune,1,2395,0,0
TXN008361,325.8,21,Entertainment,Android,Hyderabad,0,1151,0,0
TXN008362,202.03,5,Other,iOS,Mumbai,0,2861,0,0
TXN008363,30.31,9,Entertainment,Android,Delhi,0,134,0,0
TXN008364,87.96,3,Bills,Android,Mumbai,0,2724,0,0
TXN008365,425.41,8,Bills,iOS,Chennai,1,2922,0,0
TXN008366,226.33,15,Food,iOS,Bangalore,1,2273,0,0
TXN008367,293.65,6,Other,Android,Hyderabad,0,1796,0,0
TXN008368,234.98,13,Entertainment,Android,Delhi,0,2791,0,0
TXN008369,1044.94,5,Bills,iOS,Delhi,2,937,0,1
TXN008370,197.01,0,Bills,Android,Chennai,0,633,0,0
TXN008371,93.39,17,Other,Android,Delhi,0,1954,0,0
TXN008372,49.46,11,Food,Android,Chennai,0,2124,0,0
TXN008373,200.24,21,Shopping,iOS,Delhi,0,1576,0,0
TXN008374,7.93,14,Travel,Android,Delhi,0,1516,0,0
TXN008375,118.97,0,Food,iOS,Pune,0,592,0,0
TXN008376,115.93,14,Travel,iOS,Pune,0,546,0,0
TXN008377,28.87,14,Food,Android,Chennai,1,333,0,0
TXN008378,48.72,15,Food,Android,Hyderabad,0,828,0,0
TXN008379,392.13,20,Shopping,Android,Delhi,0,2501,1,0
TXN008380,195.75,0,Bills,Android,Mumbai,1,420,0,0
TXN008381,167.69,2,Entertainment,Android,Bangalore,0,2944,0,0
TXN008382,214.35,11,Food,iOS,Pune,2,325,0,0
TXN008383,165.86,6,Shopping,Android,Chennai,0,2018,0,0
TXN008384,659.47,4,Travel,iOS,Delhi,0,511,1,0
TXN008385,172.11,0,Other,iOS,Pune,0,1831,0,0
TXN008386,25.79,0,Other,Android,Hyderabad,0,879,0,0
TXN008387,1049.59,14,Bills,Android,Pune,0,2542,0,1
TXN008388,231.46,7,Other,iOS,Mumbai,0,2069,0,0
TXN008389,73.18,10,Food,iOS,Chennai,0,174,0,0
TXN008390,32.98,13,Travel,Web,Mumbai,1,2000,0,0
TXN008391,238.67,22,Food,Android,Pune,0,2285,0,0
TXN008392,128.95,12,Other,Web,Bangalore,2,475,0,0
TXN008393,981.4,18,Entertainment,Android,Hyderabad,0,443,0,1
TXN008394,97.99,11,Other,Android,Chennai,0,2900,0,0
TXN008395,54.33,21,Entertainment,Android,Chennai,1,1855,0,0
TXN008396,434.83,18,Other,Android,Delhi,0,2018,0,0
TXN008397,450.49,3,Bills,iOS,Mumbai,0,574,1,0
TXN008398,181.7,3,Travel,Android,Chennai,1,1095,0,0
TXN008399,334.16,2,Entertainment,iOS,Mumbai,0,1184,0,0
TXN008400,141.85,5,Shopping,iOS,Bangalore,0,732,0,0
TXN008401,196.5,4,Bills,Web,Delhi,0,785,0,0
TXN008402,600.64,10,Food,Android,Bangalore,0,2469,0,0
TXN008403,314.31,8,Other,iOS,Delhi,0,2138,0,0
TXN008404,121.13,2,Travel,Android,Delhi,0,2747,0,0
TXN008405,752.07,8,Travel,Android,Mumbai,0,2895,0,1
TXN008406,8.69,11,Other,iOS,Pune,0,1122,1,0
TXN008407,1741.48,2,Shopping,Android,Delhi,0,323,1,1
TXN008408,19.16,19,Entertainment,Android,Bangalore,0,1496,0,0
TXN008409,69.93,16,Other,iOS,Pune,0,124,0,0
TXN008410,141.3,20,Travel,Android,Bangalore,0,789,0,0
TXN008411,124.49,11,Shopping,Android,Pune,0,287,0,0
TXN008412,496.55,17,Shopping,Android,Bangalore,0,2285,0,0
TXN008413,41.7,3,Food,Android,Mumbai,2,423,1,0
TXN008414,202.94,9,Shopping,iOS,Mumbai,0,2618,0,0
TXN008415,74.15,17,Bills,Android,Hyderabad,1,763,0,0
TXN008416,211.49,7,Travel,iOS,Chennai,2,1009,0,0
TXN008417,137.31,8,Bills,iOS,Hyderabad,0,519,0,0
TXN008418,165.92,18,Shopping,iOS,Hyderabad,0,485,0,0
TXN008419,76.71,12,Shopping,iOS,Delhi,0,2047,0,0
TXN008420,80.47,5,Bills,Android,Delhi,0,2175,0,0
TXN008421,209.5,21,Food,Android,Hyderabad,0,202,0,0
TXN008422,460.57,6,Shopping,Android,Chennai,0,2716,0,0
TXN008423,72.39,20,Bills,Android,Hyderabad,0,1558,0,0
TXN008424,52.33,5,Bills,Android,Mumbai,1,1665,1,0
TXN008425,309.87,10,Travel,iOS,Bangalore,0,612,0,0
TXN008426,142.74,16,Food,iOS,Hyderabad,1,2775,0,0
TXN008427,402.06,18,Entertainment,Android,Delhi,0,1387,0,0
TXN008428,50.05,11,Bills,Android,Chennai,1,2673,0,0
TXN008429,17.54,20,Travel,Android,Delhi,2,830,0,0
TXN008430,78.29,20,Entertainment,iOS,Mumbai,0,892,0,0
TXN008431,59.17,23,Travel,iOS,Pune,0,1303,0,0
TXN008432,135.02,12,Travel,Android,Delhi,1,1662,0,0
TXN008433,69.12,17,Other,iOS,Pune,0,759,0,0
TXN008434,361.12,6,Food,Android,Delhi,0,411,0,0
TXN008435,105.03,22,Shopping,Android,Chennai,2,2243,0,0
TXN008436,177.78,4,Food,Android,Pune,0,1005,0,0
TXN008437,179.32,15,Entertainment,iOS,Chennai,0,41,0,0
TXN008438,187.53,21,Other,Android,Delhi,0,478,0,0
TXN008439,144.18,3,Food,Android,Delhi,1,217,0,0
TXN008440,273.89,22,Shopping,Android,Hyderabad,0,1558,1,0
TXN008441,57.12,0,Food,Android,Mumbai,1,271,0,0
TXN008442,795.76,3,Food,iOS,Pune,1,2607,0,1
TXN008443,111.74,2,Food,Android,Hyderabad,0,487,0,0
TXN008444,30.76,3,Bills,iOS,Chennai,1,2851,0,0
TXN008445,185.99,0,Bills,Android,Hyderabad,0,2143,0,0
TXN008446,53.44,11,Food,Android,Hyderabad,0,1517,0,0
TXN008447,329.77,12,Shopping,Android,Pune,3,1122,0,0
TXN008448,2103.86,1,Shopping,Android,Delhi,0,668,1,1
TXN008449,57.75,8,Shopping,Android,Delhi,1,1155,0,0
TXN008450,221.15,6,Shopping,Android,Pune,0,1431,0,0
TXN008451,18.05,12,Other,iOS,Mumbai,0,540,0,0
TXN008452,255.87,21,Other,iOS,Bangalore,0,1449,0,0
TXN008453,51.27,1,Travel,iOS,Bangalore,0,732,0,0
TXN008454,70.12,0,Food,Android,Pune,0,656,0,0
TXN008455,39.59,17,Food,Android,Pune,0,269,0,0
TXN008456,357.3,6,Travel,Android,Hyderabad,0,475,0,0
TXN008457,497.09,17,Shopping,iOS,Mumbai,1,2136,0,0
TXN008458,152.64,18,Entertainment,Web,Mumbai,0,1679,0,0
TXN008459,52.6,7,Entertainment,iOS,Chennai,1,2671,0,0
TXN008460,999.67,22,Travel,Android,Delhi,0,2803,0,1
TXN008461,60.31,11,Entertainment,Android,Pune,1,353,0,0
TXN008462,11.08,10,Bills,Android,Pune,0,2086,0,0
TXN008463,257.25,8,Food,Android,Pune,1,1568,0,0
TXN008464,39.42,3,Entertainment,Android,Pune,0,485,0,0
TXN008465,486.06,6,Other,Android,Chennai,1,2854,0,0
TXN008466,93.94,16,Other,Android,Bangalore,1,1391,0,0
TXN008467,306.27,10,Bills,Android,Mumbai,0,1843,1,0
TXN008468,797.75,1,Food,Android,Bangalore,0,642,1,1
TXN008469,34.79,22,Bills,iOS,Delhi,1,2195,0,0
TXN008470,75.25,17,Food,Android,Delhi,0,2530,1,0
TXN008471,135.53,21,Food,Android,Pune,2,2484,0,0
TXN008472,939.23,11,Entertainment,iOS,Delhi,0,621,0,1
TXN008473,67.35,8,Other,iOS,Bangalore,0,2569,0,0
TXN008474,72.72,10,Travel,Android,Mumbai,1,2628,0,0
TXN008475,263.42,4,Entertainment,iOS,Chennai,2,544,0,0
TXN008476,74.24,6,Shopping,Android,Mumbai,0,2615,0,0
TXN008477,178.22,0,Bills,Android,Mumbai,0,1044,0,0
TXN008478,23.06,23,Shopping,Android,Hyderabad,1,1522,0,0
TXN008479,2115.82,4,Food,Android,Mumbai,2,1105,1,1
TXN008480,29.45,5,Entertainment,iOS,Chennai,0,1762,0,0
TXN008481,100.88,12,Shopping,Android,Hyderabad,1,1947,0,0
TXN008482,142.74,10,Shopping,Android,Mumbai,0,2454,0,0
TXN008483,1473.25,7,Other,Web,Hyderabad,0,2291,0,1
TXN008484,30.27,19,Shopping,Android,Mumbai,2,2645,1,0
TXN008485,1604.3,1,Other,iOS,Delhi,0,2563,1,1
TXN008486,368.19,14,Other,Android,Delhi,0,2632,0,0
TXN008487,244.82,9,Food,Android,Mumbai,1,1080,0,0
TXN008488,45.53,7,Other,Android,Hyderabad,0,1610,0,0
TXN008489,294.53,1,Food,iOS,Chennai,0,1355,0,0
TXN008490,62.29,20,Other,iOS,Delhi,0,62,0,0
TXN008491,678.57,14,Other,Android,Hyderabad,1,1180,0,0
TXN008492,46.28,5,Food,Android,Chennai,1,1660,0,0
TXN008493,129.57,4,Shopping,Web,Hyderabad,0,2873,0,0
TXN008494,76.22,21,Bills,iOS,Mumbai,1,2427,0,0
TXN008495,45.38,21,Entertainment,Android,Delhi,0,2943,0,0
TXN008496,361.25,2,Entertainment,Android,Delhi,0,2768,0,0
TXN008497,282.18,10,Food,iOS,Delhi,0,733,1,0
TXN008498,633.22,10,Shopping,Android,Mumbai,1,2624,0,0
TXN008499,17.53,15,Bills,iOS,Chennai,0,2497,1,0
TXN008500,532.19,2,Travel,Android,Chennai,0,2339,1,0
TXN008501,3000.51,8,Food,iOS,Pune,0,522,0,1
TXN008502,86.32,2,Travel,Android,Pune,0,762,0,0
TXN008503,1442.57,18,Entertainment,iOS,Delhi,0,299,0,1
TXN008504,108.22,10,Entertainment,iOS,Pune,2,230,1,0
TXN008505,28.59,13,Bills,iOS,Chennai,0,2901,0,0
TXN008506,102.85,1,Bills,iOS,Pune,0,1644,0,0
TXN008507,522.09,6,Travel,iOS,Pune,0,950,1,0
TXN008508,54.28,9,Entertainment,iOS,Delhi,1,1201,0,0
TXN008509,72.21,9,Bills,Android,Chennai,0,243,1,0
TXN008510,302.55,19,Bills,Android,Delhi,0,943,0,0
TXN008511,148.96,0,Entertainment,iOS,Chennai,0,1710,0,0
TXN008512,299.33,5,Entertainment,iOS,Hyderabad,0,2219,0,0
TXN008513,197.43,20,Shopping,Android,Delhi,2,1591,0,0
TXN008514,263.89,13,Other,iOS,Pune,0,773,0,0
TXN008515,88.34,1,Bills,Android,Pune,0,1725,1,0
TXN008516,195.99,5,Travel,Android,Delhi,1,1402,0,0
TXN008517,48.77,0,Food,iOS,Pune,1,2309,0,0
TXN008518,696.54,2,Food,iOS,Bangalore,0,2520,0,0
TXN008519,69.33,3,Entertainment,iOS,Delhi,1,1636,0,0
TXN008520,575.14,12,Other,iOS,Chennai,0,342,0,0
TXN008521,112.13,2,Travel,Android,Hyderabad,0,230,0,0
TXN008522,189.12,14,Shopping,Android,Hyderabad,0,32,0,0
TXN008523,81.94,12,Bills,iOS,Chennai,1,382,1,0
TXN008524,43.85,21,Shopping,Android,Mumbai,0,1196,0,0
TXN008525,18.29,10,Travel,Android,Pune,0,166,0,0
TXN008526,41.83,3,Shopping,iOS,Delhi,0,2126,0,0
TXN008527,100.62,16,Entertainment,iOS,Hyderabad,0,1225,0,0
TXN008528,191.38,4,Food,iOS,Chennai,1,1209,0,0
TXN008529,498.92,20,Entertainment,iOS,Hyderabad,0,1050,0,0
TXN008530,86.93,23,Bills,Android,Hyderabad,0,1994,0,0
TXN008531,51.5,7,Entertainment,Android,Chennai,1,1834,0,0
TXN008532,26.28,20,Travel,iOS,Bangalore,0,2892,0,0
TXN008533,264.03,23,Travel,iOS,Hyderabad,0,79,0,0
TXN008534,780.42,9,Bills,Android,Hyderabad,1,2252,0,1
TXN008535,678.3,6,Bills,Android,Mumbai,1,2703,0,0
TXN008536,347.9,16,Food,iOS,Bangalore,0,1314,1,0
TXN008537,319.34,6,Shopping,Android,Mumbai,0,804,0,0
TXN008538,1138.14,23,Food,iOS,Chennai,0,1475,0,1
TXN008539,221.07,18,Entertainment,Android,Pune,1,834,1,0
TXN008540,322.26,8,Shopping,Android,Delhi,1,1392,0,0
TXN008541,100.99,23,Bills,iOS,Chennai,0,445,0,0
TXN008542,28.95,1,Travel,Android,Bangalore,2,1307,0,0
TXN008543,65.33,21,Entertainment,Android,Pune,2,2656,0,0
TXN008544,146.79,19,Food,iOS,Chennai,0,1668,0,0
TXN008545,159.64,18,Other,iOS,Bangalore,0,824,0,0
TXN008546,1497.49,5,Other,Android,Pune,1,2051,0,1
TXN008547,163.62,9,Bills,Android,Mumbai,0,592,0,0
TXN008548,610.7,12,Shopping,Android,Hyderabad,1,2765,0,0
TXN008549,88.05,1,Other,iOS,Chennai,0,272,0,0
TXN008550,102.1,9,Shopping,Android,Chennai,0,2258,0,0
TXN008551,30.12,9,Travel,Android,Pune,0,1776,0,0
TXN008552,60.9,4,Bills,Android,Hyderabad,0,1403,0,0
TXN008553,279.33,21,Bills,Android,Chennai,0,1101,0,0
TXN008554,149.77,3,Entertainment,Android,Chennai,0,807,0,0
TXN008555,460.14,22,Entertainment,Android,Pune,3,635,0,0
TXN008556,184.47,1,Shopping,Web,Delhi,1,115,0,0
TXN008557,97.23,6,Other,Web,Pune,2,124,0,0
TXN008558,1954.63,17,Other,Android,Pune,0,75,1,1
TXN008559,132.6,16,Food,iOS,Pune,1,2113,0,0
TXN008560,599.2,10,Shopping,iOS,Delhi,0,39,1,0
TXN008561,91.7,20,Other,Android,Hyderabad,0,2969,0,0
TXN008562,347.76,17,Entertainment,Android,Mumbai,0,1080,0,0
TXN008563,451.97,7,Entertainment,Android,Chennai,2,620,0,0
TXN008564,190.6,11,Entertainment,iOS,Pune,0,1456,0,0
TXN008565,8.8,23,Shopping,iOS,Chennai,0,61,0,0
TXN008566,151.7,0,Bills,Web,Mumbai,1,75,1,0
TXN008567,649.73,19,Food,iOS,Chennai,0,601,1,0
TXN008568,279.49,20,Food,iOS,Mumbai,1,1516,1,0
TXN008569,253.41,11,Entertainment,iOS,Hyderabad,0,46,0,0
TXN008570,18.79,5,Travel,iOS,Hyderabad,0,214,0,0
TXN008571,62.52,2,Shopping,Android,Mumbai,0,2864,0,0
TXN008572,243.14,4,Other,Android,Mumbai,1,1570,0,0
TXN008573,242.85,13,Other,iOS,Bangalore,0,2671,0,0
TXN008574,637.53,11,Bills,iOS,Delhi,0,1108,0,0
TXN008575,124.73,12,Entertainment,Android,Delhi,0,1415,0,0
TXN008576,241.53,12,Travel,iOS,Pune,0,2566,1,0
TXN008577,151.36,16,Entertainment,Web,Chennai,0,2081,0,0
TXN008578,45.41,23,Travel,iOS,Chennai,0,1072,0,0
TXN008579,9.91,14,Food,Android,Mumbai,0,160,0,0
TXN008580,248.94,5,Travel,iOS,Pune,0,2575,0,0
TXN008581,182.86,11,Food,Android,Mumbai,1,2656,0,0
TXN008582,70.68,1,Food,Android,Delhi,0,2258,0,0
TXN008583,21.26,3,Shopping,iOS,Pune,0,2725,0,0
TXN008584,315.98,19,Travel,iOS,Pune,0,2453,0,0
TXN008585,107.87,20,Bills,Android,Chennai,0,674,0,0
TXN008586,289.53,11,Bills,iOS,Delhi,0,508,0,0
TXN008587,1389.72,2,Travel,Android,Hyderabad,0,2616,0,1
TXN008588,11.36,16,Shopping,iOS,Delhi,0,1854,0,0
TXN008589,64.1,5,Bills,iOS,Delhi,0,1371,0,0
TXN008590,115.44,23,Entertainment,Android,Mumbai,0,879,0,0
TXN008591,850.47,16,Bills,Android,Chennai,0,501,0,1
TXN008592,20.83,16,Shopping,Web,Hyderabad,0,823,0,0
TXN008593,1514.79,10,Food,Android,Delhi,1,2564,0,1
TXN008594,174.69,22,Food,Android,Delhi,2,2886,0,0
TXN008595,132.26,6,Food,Android,Mumbai,2,1049,0,0
TXN008596,117.02,1,Shopping,Android,Pune,0,1814,0,0
TXN008597,87.93,18,Food,iOS,Bangalore,0,683,0,0
TXN008598,522.04,1,Food,Android,Chennai,0,2125,0,0
TXN008599,41.17,21,Shopping,iOS,Chennai,0,1741,0,0
TXN008600,224.64,12,Entertainment,Android,Chennai,1,376,0,0
TXN008601,93.6,23,Bills,iOS,Delhi,1,1347,0,0
TXN008602,59.47,23,Shopping,iOS,Delhi,1,2440,0,0
TXN008603,3304.93,15,Shopping,Android,Delhi,0,1077,0,1
TXN008604,245.39,16,Travel,Web,Pune,1,79,0,0
TXN008605,309.8,10,Food,Android,Bangalore,0,711,1,0
TXN008606,581.34,8,Other,iOS,Delhi,1,1148,0,0
TXN008607,26.96,23,Entertainment,Web,Chennai,0,248,0,0
TXN008608,1215.3,8,Other,iOS,Pune,0,410,0,1
TXN008609,7.31,13,Travel,iOS,Chennai,0,682,0,0
TXN008610,59.0,12,Entertainment,Android,Mumbai,0,1789,0,0
TXN008611,85.56,10,Food,Android,Bangalore,0,1332,0,0
TXN008612,298.29,11,Other,Android,Hyderabad,0,1218,0,0
TXN008613,192.96,21,Food,Web,Delhi,0,1930,0,0
TXN008614,121.49,2,Food,Web,Hyderabad,0,1112,1,0
TXN008615,146.29,0,Bills,Android,Delhi,1,471,0,0
TXN008616,45.9,7,Entertainment,Android,Bangalore,0,1860,0,0
TXN008617,24.61,18,Entertainment,Android,Bangalore,0,2671,0,0
TXN008618,354.89,12,Travel,Android,Chennai,2,2327,0,0
TXN008619,341.19,6,Shopping,Android,Bangalore,0,1912,0,0
TXN008620,993.66,12,Food,iOS,Pune,0,1830,0,1
TXN008621,57.51,5,Food,iOS,Pune,0,616,0,0
TXN008622,340.83,2,Other,iOS,Hyderabad,0,947,0,0
TXN008623,105.59,5,Travel,iOS,Hyderabad,1,1038,0,0
TXN008624,619.29,2,Entertainment,iOS,Bangalore,0,1067,0,0
TXN008625,505.91,12,Bills,iOS,Hyderabad,0,756,0,0
TXN008626,191.23,12,Entertainment,Android,Pune,1,991,0,0
TXN008627,98.75,12,Bills,Android,Delhi,1,1132,0,0
TXN008628,470.18,0,Bills,Android,Mumbai,1,463,0,0
TXN008629,322.56,7,Entertainment,iOS,Pune,0,506,0,0
TXN008630,65.28,4,Other,Web,Chennai,1,2814,0,0
TXN008631,30.16,19,Food,iOS,Mumbai,0,269,0,0
TXN008632,104.98,16,Bills,Web,Hyderabad,0,2478,0,0
TXN008633,914.61,8,Other,Android,Chennai,0,558,0,1
TXN008634,587.45,12,Travel,iOS,Mumbai,1,413,0,0
TXN008635,39.06,12,Travel,iOS,Mumbai,0,896,0,0
TXN008636,36.55,4,Bills,iOS,Hyderabad,1,892,0,0
TXN008637,685.14,13,Food,Web,Chennai,0,297,0,0
TXN008638,37.99,10,Bills,iOS,Pune,0,1687,0,0
TXN008639,273.46,13,Travel,Android,Pune,1,1375,0,0
TXN008640,70.86,6,Travel,Android,Chennai,1,2067,0,0
TXN008641,1033.24,23,Entertainment,iOS,Mumbai,0,1452,1,1
TXN008642,58.88,16,Food,Web,Chennai,0,1433,0,0
TXN008643,585.25,3,Entertainment,Android,Pune,0,1019,0,0
TXN008644,185.27,9,Other,iOS,Chennai,3,2923,0,0
TXN008645,200.87,9,Other,iOS,Delhi,0,1546,0,0
TXN008646,13.95,14,Other,Android,Hyderabad,0,2337,0,0
TXN008647,10.55,19,Shopping,Android,Pune,0,2981,0,0
TXN008648,113.9,11,Other,Android,Hyderabad,1,1396,0,0
TXN008649,199.59,8,Bills,Android,Delhi,1,612,0,0
TXN008650,38.47,2,Entertainment,Android,Mumbai,1,558,0,0
TXN008651,40.19,14,Other,Android,Bangalore,0,1957,0,0
TXN008652,291.13,11,Food,Android,Pune,0,1843,0,0
TXN008653,291.61,14,Other,iOS,Mumbai,1,947,0,0
TXN008654,125.8,0,Bills,iOS,Delhi,0,1186,0,0
TXN008655,378.51,14,Bills,iOS,Chennai,0,2598,0,0
TXN008656,36.27,10,Bills,Android,Delhi,2,305,0,0
TXN008657,96.82,4,Bills,Web,Hyderabad,1,152,0,0
TXN008658,1072.18,6,Bills,iOS,Chennai,0,1855,0,1
TXN008659,161.09,11,Food,Web,Mumbai,0,1985,0,0
TXN008660,172.7,19,Shopping,Android,Chennai,0,496,1,0
TXN008661,2361.7,5,Travel,iOS,Hyderabad,0,1401,0,1
TXN008662,27.68,21,Shopping,iOS,Delhi,1,1636,0,0
TXN008663,385.95,2,Travel,Android,Mumbai,0,2109,0,0
TXN008664,1093.11,9,Entertainment,Android,Bangalore,0,203,0,1
TXN008665,100.5,20,Bills,iOS,Bangalore,0,1916,0,0
TXN008666,416.36,21,Entertainment,Android,Delhi,0,1546,1,0
TXN008667,45.68,3,Entertainment,Android,Mumbai,0,2909,0,0
TXN008668,65.1,12,Travel,Android,Mumbai,1,190,0,0
TXN008669,235.56,18,Food,iOS,Chennai,0,2892,0,0
TXN008670,386.94,4,Bills,Web,Pune,0,354,0,0
TXN008671,569.71,22,Other,iOS,Delhi,1,667,0,0
TXN008672,976.09,21,Entertainment,iOS,Chennai,0,314,0,1
TXN008673,136.87,17,Shopping,Android,Delhi,0,216,0,0
TXN008674,621.62,0,Bills,iOS,Hyderabad,0,2072,0,0
TXN008675,98.42,20,Food,Android,Delhi,1,1628,1,0
TXN008676,438.13,20,Bills,iOS,Chennai,1,114,0,0
TXN008677,190.37,15,Other,Android,Mumbai,0,767,1,0
TXN008678,253.36,15,Other,Android,Delhi,2,718,0,0
TXN008679,246.71,15,Entertainment,Android,Mumbai,0,1368,1,0
TXN008680,21.64,21,Shopping,iOS,Hyderabad,0,1499,0,0
TXN008681,38.52,18,Entertainment,Web,Bangalore,2,2316,0,0
TXN008682,167.85,15,Food,Android,Bangalore,0,1331,0,0
TXN008683,19.59,0,Travel,Android,Chennai,0,1517,0,0
TXN008684,402.4,19,Other,iOS,Delhi,1,733,0,0
TXN008685,422.36,19,Shopping,iOS,Hyderabad,0,203,1,0
TXN008686,219.78,9,Other,Android,Hyderabad,1,2749,0,0
TXN008687,38.65,1,Food,Android,Mumbai,0,2943,1,0
TXN008688,777.56,13,Food,Android,Pune,0,754,0,1
TXN008689,1710.69,7,Other,iOS,Chennai,0,120,0,1
TXN008690,177.06,5,Entertainment,Android,Hyderabad,0,1799,0,0
TXN008691,273.87,2,Other,Android,Delhi,0,706,0,0
TXN008692,189.06,15,Entertainment,Android,Hyderabad,0,1376,0,0
TXN008693,280.46,16,Other,iOS,Bangalore,0,2257,0,0
TXN008694,128.58,11,Entertainment,Web,Chennai,0,2504,0,0
TXN008695,142.38,18,Travel,Web,Mumbai,0,138,0,0
TXN008696,440.04,23,Bills,iOS,Delhi,0,2623,0,0
TXN008697,2476.87,19,Bills,iOS,Bangalore,0,730,0,1
TXN008698,27.66,2,Entertainment,Android,Hyderabad,0,2404,1,0
TXN008699,131.03,12,Entertainment,iOS,Chennai,1,1786,0,0
TXN008700,36.0,15,Travel,Android,Chennai,0,714,0,0
TXN008701,1002.68,10,Bills,iOS,Delhi,0,710,0,1
TXN008702,73.31,19,Travel,Web,Mumbai,0,1940,0,0
TXN008703,26.26,15,Food,iOS,Bangalore,1,2001,0,0
TXN008704,319.2,19,Other,Android,Pune,0,2655,0,0
TXN008705,1203.72,1,Bills,iOS,Mumbai,0,1321,0,1
TXN008706,329.09,3,Entertainment,Web,Delhi,1,300,0,0
TXN008707,189.76,3,Shopping,Android,Delhi,0,2715,0,0
TXN008708,242.49,16,Food,iOS,Bangalore,1,1812,0,0
TXN008709,810.63,0,Other,Android,Chennai,1,2581,0,1
TXN008710,51.99,0,Shopping,iOS,Chennai,0,2349,0,0
TXN008711,129.77,4,Travel,Android,Bangalore,0,288,0,0
TXN008712,86.21,21,Other,Android,Mumbai,0,267,0,0
TXN008713,36.55,11,Travel,iOS,Bangalore,0,436,1,0
TXN008714,100.08,5,Travel,Android,Pune,0,2013,0,0
TXN008715,560.74,5,Entertainment,Android,Chennai,1,333,0,0
TXN008716,292.93,16,Travel,iOS,Mumbai,1,1656,0,0
TXN008717,321.56,21,Shopping,iOS,Hyderabad,0,1492,0,0
TXN008718,176.93,12,Food,Android,Mumbai,0,1283,0,0
TXN008719,278.1,7,Entertainment,iOS,Chennai,0,2380,1,0
TXN008720,56.79,23,Food,iOS,Delhi,0,956,0,0
TXN008721,102.37,11,Travel,iOS,Mumbai,1,2028,0,0
TXN008722,186.87,14,Bills,iOS,Mumbai,0,1472,0,0
TXN008723,207.06,18,Other,Android,Delhi,1,193,0,0
TXN008724,217.94,20,Entertainment,Android,Chennai,0,949,0,0
TXN008725,125.71,19,Travel,Android,Hyderabad,0,2431,0,0
TXN008726,94.36,16,Entertainment,Android,Hyderabad,2,2779,0,0
TXN008727,6563.8,8,Bills,Android,Bangalore,0,2865,0,1
TXN008728,440.6,20,Shopping,Android,Hyderabad,0,995,0,0
TXN008729,243.66,17,Shopping,iOS,Hyderabad,0,2786,0,0
TXN008730,112.19,1,Other,iOS,Mumbai,0,890,1,0
TXN008731,86.36,10,Shopping,Web,Bangalore,0,867,0,0
TXN008732,126.85,22,Bills,Android,Hyderabad,0,975,0,0
TXN008733,210.9,19,Food,Android,Mumbai,0,1308,0,0
TXN008734,15.54,16,Bills,Android,Bangalore,1,1618,0,0
TXN008735,22.57,20,Bills,Android,Mumbai,1,510,0,0
TXN008736,69.11,17,Travel,iOS,Delhi,0,1674,0,0
TXN008737,190.29,14,Shopping,Android,Chennai,1,2499,0,0
TXN008738,111.37,6,Entertainment,Android,Chennai,1,2001,0,0
TXN008739,874.58,15,Other,Android,Chennai,1,890,0,1
TXN008740,25.06,0,Food,Android,Hyderabad,0,137,1,0
TXN008741,60.24,17,Entertainment,Android,Chennai,1,1754,0,0
TXN008742,919.76,21,Travel,Android,Chennai,0,1021,0,1
TXN008743,173.7,7,Travel,Android,Bangalore,0,2041,0,0
TXN008744,429.15,6,Food,Android,Bangalore,1,2106,1,0
TXN008745,1739.75,1,Entertainment,Android,Pune,0,2192,1,1
TXN008746,64.55,11,Food,iOS,Bangalore,1,576,0,0
TXN008747,131.74,15,Food,Android,Hyderabad,0,2892,0,0
TXN008748,107.03,8,Shopping,Android,Pune,1,2006,0,0
TXN008749,14.22,19,Entertainment,Android,Pune,1,2749,0,0
TXN008750,102.26,10,Shopping,Android,Chennai,0,2716,0,0
TXN008751,427.21,14,Shopping,Android,Hyderabad,1,2148,0,0
TXN008752,283.92,2,Other,Android,Hyderabad,0,423,0,0
TXN008753,311.97,22,Shopping,Android,Hyderabad,0,1867,0,0
TXN008754,94.57,20,Bills,Android,Hyderabad,0,2687,0,0
TXN008755,67.54,12,Travel,iOS,Hyderabad,0,2686,0,0
TXN008756,680.69,20,Travel,iOS,Hyderabad,1,567,0,0
TXN008757,81.71,12,Bills,Android,Pune,1,1229,0,0
TXN008758,211.22,1,Food,Android,Chennai,0,205,0,0
TXN008759,180.55,5,Entertainment,iOS,Bangalore,0,2090,0,0
TXN008760,857.53,5,Entertainment,iOS,Pune,0,699,0,1
TXN008761,476.13,11,Entertainment,Web,Mumbai,0,253,0,0
TXN008762,31.36,3,Shopping,Android,Mumbai,0,513,0,0
TXN008763,35.69,4,Entertainment,Android,Mumbai,2,2271,0,0
TXN008764,297.29,22,Entertainment,iOS,Delhi,0,154,0,0
TXN008765,137.39,7,Entertainment,iOS,Bangalore,0,548,0,0
TXN008766,85.95,5,Travel,Android,Chennai,0,341,0,0
TXN008767,502.08,20,Bills,iOS,Hyderabad,1,1339,0,0
TXN008768,185.85,2,Other,Android,Mumbai,1,2644,0,0
TXN008769,158.06,22,Food,Android,Bangalore,0,759,0,0
TXN008770,378.34,7,Bills,Android,Chennai,0,1270,0,0
TXN008771,94.62,18,Entertainment,Android,Mumbai,0,1470,0,0
TXN008772,974.79,20,Food,iOS,Bangalore,0,1223,0,1
TXN008773,57.65,10,Food,iOS,Pune,1,547,0,0
TXN008774,326.46,17,Bills,iOS,Chennai,0,293,0,0
TXN008775,829.31,9,Bills,Android,Pune,0,870,0,1
TXN008776,28.42,19,Bills,Android,Bangalore,0,616,0,0
TXN008777,98.3,11,Other,Android,Hyderabad,0,245,0,0
TXN008778,584.44,19,Bills,Android,Bangalore,0,2403,0,0
TXN008779,595.08,7,Other,iOS,Bangalore,1,2629,0,0
TXN008780,120.81,18,Shopping,Android,Delhi,0,2773,0,0
TXN008781,61.46,20,Travel,Android,Hyderabad,0,621,0,0
TXN008782,467.37,15,Other,Android,Pune,0,1838,0,0
TXN008783,614.16,20,Travel,Android,Bangalore,0,373,0,0
TXN008784,36.69,17,Entertainment,iOS,Hyderabad,2,1956,1,0
TXN008785,35.0,8,Shopping,Android,Bangalore,0,1861,0,0
TXN008786,194.48,3,Food,iOS,Hyderabad,0,1157,0,0
TXN008787,315.84,8,Bills,iOS,Chennai,0,2585,0,0
TXN008788,103.66,1,Entertainment,Android,Mumbai,0,2391,0,0
TXN008789,335.34,8,Food,Android,Delhi,1,2011,0,0
TXN008790,63.3,8,Travel,iOS,Mumbai,0,376,0,0
TXN008791,11.73,17,Food,Android,Bangalore,2,2899,0,0
TXN008792,89.24,10,Bills,iOS,Bangalore,0,2086,1,0
TXN008793,160.11,12,Bills,Android,Chennai,1,2896,0,0
TXN008794,106.59,5,Other,Android,Bangalore,1,679,0,0
TXN008795,36.95,8,Other,Web,Pune,0,590,0,0
TXN008796,16.8,15,Travel,iOS,Hyderabad,0,2747,0,0
TXN008797,80.09,3,Bills,Android,Pune,0,294,0,0
TXN008798,435.8,1,Shopping,Android,Mumbai,1,407,0,0
TXN008799,670.11,6,Entertainment,Android,Bangalore,1,2971,0,0
TXN008800,617.24,14,Travel,iOS,Chennai,1,2871,0,0
TXN008801,55.75,5,Travel,Android,Delhi,1,2239,0,0
TXN008802,37.17,10,Food,Android,Pune,0,2104,0,0
TXN008803,269.34,19,Travel,Web,Mumbai,0,1269,0,0
TXN008804,318.02,16,Entertainment,Android,Chennai,0,1976,0,0
TXN008805,239.9,3,Shopping,Android,Chennai,0,1222,0,0
TXN008806,13.24,18,Food,iOS,Mumbai,1,1864,0,0
TXN008807,52.44,6,Entertainment,Android,Chennai,0,2025,0,0
TXN008808,143.22,10,Other,Android,Delhi,0,901,0,0
TXN008809,266.31,12,Travel,Android,Delhi,0,2095,0,0
TXN008810,372.7,20,Bills,Web,Bangalore,1,2266,0,0
TXN008811,176.46,2,Other,Android,Hyderabad,0,2277,0,0
TXN008812,220.73,13,Bills,Android,Bangalore,0,2563,0,0
TXN008813,164.32,1,Entertainment,iOS,Hyderabad,0,109,0,0
TXN008814,337.9,17,Shopping,Android,Mumbai,0,1322,0,0
TXN008815,216.03,4,Bills,iOS,Chennai,0,823,0,0
TXN008816,160.59,12,Entertainment,Android,Bangalore,0,1677,0,0
TXN008817,107.55,12,Food,iOS,Chennai,2,1655,0,0
TXN008818,163.62,23,Travel,iOS,Bangalore,1,276,0,0
TXN008819,265.47,23,Shopping,iOS,Bangalore,0,2133,0,0
TXN008820,204.58,13,Shopping,Android,Delhi,0,218,0,0
TXN008821,234.39,11,Food,iOS,Hyderabad,1,2341,0,0
TXN008822,743.42,20,Shopping,Android,Mumbai,0,766,0,1
TXN008823,204.02,12,Entertainment,iOS,Chennai,0,733,0,0
TXN008824,68.12,17,Shopping,Android,Bangalore,1,1439,0,0
TXN008825,428.52,12,Shopping,Android,Chennai,1,869,0,0
TXN008826,28.81,3,Shopping,Android,Delhi,0,2659,0,0
TXN008827,40.54,22,Entertainment,Android,Mumbai,0,2595,0,0
TXN008828,222.08,21,Other,Android,Hyderabad,0,563,0,0
TXN008829,275.8,9,Travel,iOS,Hyderabad,0,502,0,0
TXN008830,33.31,22,Bills,Android,Bangalore,0,636,0,0
TXN008831,93.75,4,Other,iOS,Mumbai,1,2778,0,0
TXN008832,71.71,17,Shopping,Android,Hyderabad,0,1984,0,0
TXN008833,82.76,7,Food,Android,Mumbai,2,2063,0,0
TXN008834,460.5,13,Food,Android,Chennai,0,1371,0,0
TXN008835,346.47,1,Entertainment,Android,Delhi,0,2658,1,0
TXN008836,145.05,7,Travel,Android,Mumbai,0,1651,0,0
TXN008837,77.08,15,Shopping,Web,Mumbai,0,2646,0,0
TXN008838,29.38,6,Entertainment,Android,Hyderabad,0,2742,0,0
TXN008839,815.84,2,Bills,iOS,Pune,0,1894,0,1
TXN008840,302.03,3,Travel,Android,Bangalore,2,2230,0,0
TXN008841,63.56,6,Travel,iOS,Bangalore,0,2963,0,0
TXN008842,351.96,3,Entertainment,Android,Pune,1,702,0,0
TXN008843,136.42,8,Other,Web,Pune,0,392,0,0
TXN008844,105.16,22,Food,Android,Pune,1,1413,0,0
TXN008845,250.2,16,Other,Android,Chennai,0,170,0,0
TXN008846,60.96,16,Travel,Android,Hyderabad,2,2394,0,0
TXN008847,98.25,19,Food,Android,Hyderabad,1,2469,0,0
TXN008848,171.7,13,Travel,Android,Delhi,1,2317,1,0
TXN008849,81.5,13,Travel,Android,Bangalore,2,535,0,0
TXN008850,331.26,12,Travel,iOS,Hyderabad,2,658,0,0
TXN008851,1398.11,3,Bills,Android,Pune,2,1679,0,1
TXN008852,60.03,12,Food,Android,Chennai,0,2950,0,0
TXN008853,20.12,20,Bills,Android,Delhi,0,2057,0,0
TXN008854,13.44,16,Food,iOS,Bangalore,0,56,0,0
TXN008855,123.9,14,Bills,Android,Bangalore,0,2976,0,0
TXN008856,66.97,17,Bills,iOS,Bangalore,0,2878,0,0
TXN008857,190.46,10,Bills,Android,Delhi,2,185,0,0
TXN008858,174.01,3,Entertainment,Android,Chennai,1,242,0,0
TXN008859,21.67,19,Bills,Android,Chennai,1,2257,0,0
TXN008860,16.81,10,Other,Web,Hyderabad,0,2874,0,0
TXN008861,211.69,9,Other,Android,Hyderabad,0,2170,0,0
TXN008862,174.6,21,Travel,Android,Bangalore,0,2906,0,0
TXN008863,89.03,12,Shopping,iOS,Pune,0,691,0,0
TXN008864,20.32,21,Bills,Android,Mumbai,0,74,0,0
TXN008865,261.3,7,Shopping,iOS,Hyderabad,1,622,0,0
TXN008866,682.85,12,Shopping,Web,Chennai,0,2804,0,0
TXN008867,207.18,8,Travel,Web,Bangalore,1,1796,0,0
TXN008868,53.68,0,Shopping,Android,Chennai,1,571,0,0
TXN008869,156.56,0,Shopping,Android,Bangalore,0,2028,0,0
TXN008870,28.81,14,Other,Web,Delhi,0,171,0,0
TXN008871,528.24,21,Shopping,Android,Hyderabad,0,2806,1,0
TXN008872,163.73,3,Food,Android,Pune,0,1389,0,0
TXN008873,17.78,19,Bills,Android,Delhi,0,1997,0,0
TXN008874,103.46,0,Bills,Android,Hyderabad,1,1199,0,0
TXN008875,258.78,11,Shopping,Web,Pune,0,907,0,0
TXN008876,99.52,10,Travel,iOS,Pune,1,1219,0,0
TXN008877,106.58,18,Food,Android,Pune,0,657,0,0
TXN008878,34.15,14,Travel,iOS,Chennai,0,82,1,0
TXN008879,292.91,20,Travel,Android,Chennai,0,172,0,0
TXN008880,68.16,9,Shopping,iOS,Mumbai,1,1870,0,0
TXN008881,11.16,0,Entertainment,Android,Chennai,0,2110,0,0
TXN008882,95.06,23,Shopping,Android,Bangalore,1,2781,0,0
TXN008883,481.73,2,Other,Android,Mumbai,0,1200,0,0
TXN008884,93.29,13,Entertainment,Android,Bangalore,1,1650,0,0
TXN008885,1194.62,14,Food,Android,Mumbai,1,2645,0,1
TXN008886,248.33,0,Entertainment,Android,Bangalore,0,2086,0,0
TXN008887,222.85,9,Shopping,Web,Mumbai,1,161,1,0
TXN008888,127.22,21,Shopping,Web,Hyderabad,1,2660,0,0
TXN008889,136.74,0,Travel,iOS,Pune,0,1962,0,0
TXN008890,108.19,14,Shopping,iOS,Hyderabad,2,2324,0,0
TXN008891,103.26,2,Other,Web,Mumbai,2,2497,0,0
TXN008892,280.63,20,Shopping,iOS,Delhi,0,293,1,0
TXN008893,48.28,19,Bills,Android,Mumbai,1,631,0,0
TXN008894,40.81,22,Bills,iOS,Delhi,0,1549,0,0
TXN008895,38.56,21,Travel,iOS,Pune,1,1975,0,0
TXN008896,1728.11,11,Entertainment,Android,Bangalore,0,1098,0,1
TXN008897,280.45,18,Entertainment,Android,Mumbai,0,1991,0,0
TXN008898,213.87,15,Bills,Android,Delhi,0,299,0,0
TXN008899,41.72,7,Other,Web,Pune,1,497,0,0
TXN008900,313.57,23,Food,iOS,Mumbai,0,1927,0,0
TXN008901,129.04,13,Other,iOS,Hyderabad,0,1546,1,0
TXN008902,191.91,17,Bills,iOS,Hyderabad,2,2041,1,0
TXN008903,45.97,22,Other,Android,Mumbai,0,2661,0,0
TXN008904,179.89,0,Food,iOS,Mumbai,1,2453,0,0
TXN008905,89.25,1,Entertainment,Android,Chennai,0,593,0,0
TXN008906,59.22,23,Bills,Android,Pune,0,2018,0,0
TXN008907,358.14,11,Shopping,iOS,Hyderabad,0,722,0,0
TXN008908,23.45,16,Food,iOS,Bangalore,0,1183,0,0
TXN008909,292.29,1,Food,iOS,Mumbai,0,1613,0,0
TXN008910,337.44,16,Food,Android,Chennai,0,2776,0,0
TXN008911,51.65,20,Entertainment,iOS,Pune,1,2912,0,0
TXN008912,55.46,6,Other,Android,Mumbai,1,2157,0,0
TXN008913,113.56,5,Travel,Android,Hyderabad,0,2214,0,0
TXN008914,208.19,5,Shopping,Android,Delhi,0,2692,0,0
TXN008915,123.54,21,Bills,iOS,Pune,0,31,0,0
TXN008916,249.7,7,Other,Android,Delhi,2,104,0,0
TXN008917,1230.99,4,Food,Android,Hyderabad,0,1013,0,1
TXN008918,80.7,14,Entertainment,iOS,Bangalore,0,968,0,0
TXN008919,18.95,6,Food,iOS,Pune,0,1274,0,0
TXN008920,399.86,2,Other,Android,Chennai,1,1835,0,0
TXN008921,1118.76,9,Bills,Android,Mumbai,0,2329,0,1
TXN008922,237.77,2,Shopping,Web,Mumbai,0,856,1,0
TXN008923,40.23,13,Food,Web,Mumbai,0,2547,0,0
TXN008924,127.91,21,Entertainment,Android,Chennai,1,959,0,0
TXN008925,38.77,2,Entertainment,Android,Chennai,0,2460,0,0
TXN008926,321.0,0,Travel,iOS,Hyderabad,1,925,0,0
TXN008927,29.33,0,Entertainment,Android,Chennai,0,2241,0,0
TXN008928,103.53,18,Travel,Android,Mumbai,0,1412,0,0
TXN008929,44.47,3,Shopping,Android,Pune,3,776,1,0
TXN008930,172.81,1,Bills,Android,Mumbai,0,47,1,0
TXN008931,95.62,10,Travel,iOS,Chennai,0,246,0,0
TXN008932,183.48,23,Food,Android,Chennai,1,1410,0,0
TXN008933,152.45,11,Other,Android,Hyderabad,0,2082,0,0
TXN008934,45.42,12,Food,iOS,Delhi,1,1341,1,0
TXN008935,314.9,15,Bills,iOS,Chennai,0,2449,0,0
TXN008936,139.98,15,Entertainment,iOS,Delhi,1,1742,0,0
TXN008937,45.32,18,Other,Android,Bangalore,0,2347,0,0
TXN008938,2184.43,22,Food,Android,Delhi,0,1597,0,1
TXN008939,262.88,19,Other,Android,Chennai,0,1012,0,0
TXN008940,123.48,20,Travel,Android,Mumbai,0,2893,0,0
TXN008941,810.98,19,Bills,Android,Mumbai,0,2897,0,1
TXN008942,1353.13,8,Food,iOS,Chennai,1,2186,0,1
TXN008943,124.66,15,Entertainment,Web,Hyderabad,1,678,0,0
TXN008944,225.17,6,Other,iOS,Pune,0,1010,0,0
TXN008945,45.35,12,Entertainment,iOS,Chennai,0,1161,0,0
TXN008946,124.38,3,Other,iOS,Chennai,0,1597,0,0
TXN008947,116.88,12,Food,iOS,Pune,2,2953,0,0
TXN008948,185.27,7,Bills,Web,Hyderabad,1,1535,0,0
TXN008949,221.25,1,Shopping,iOS,Hyderabad,1,1046,0,0
TXN008950,290.56,6,Food,Android,Bangalore,1,755,0,0
TXN008951,197.39,10,Entertainment,Android,Bangalore,1,98,0,0
TXN008952,34.71,16,Shopping,iOS,Bangalore,0,2856,0,0
TXN008953,48.13,23,Bills,Android,Hyderabad,0,2361,0,0
TXN008954,77.04,13,Entertainment,Web,Delhi,0,1397,0,0
TXN008955,105.77,12,Bills,iOS,Chennai,0,1215,0,0
TXN008956,523.71,14,Other,iOS,Bangalore,0,466,0,0
TXN008957,36.76,21,Food,Android,Delhi,0,2695,0,0
TXN008958,96.65,20,Bills,Android,Chennai,1,837,0,0
TXN008959,465.73,8,Entertainment,Android,Pune,0,1757,0,0
TXN008960,103.56,2,Food,iOS,Pune,1,1937,0,0
TXN008961,257.88,12,Entertainment,Android,Pune,0,1703,0,0
TXN008962,125.53,12,Entertainment,Web,Delhi,1,584,0,0
TXN008963,201.97,8,Shopping,iOS,Pune,0,996,0,0
TXN008964,112.82,17,Travel,iOS,Mumbai,0,2404,0,0
TXN008965,330.46,4,Bills,Web,Mumbai,0,653,0,0
TXN008966,23.24,10,Bills,Web,Pune,0,1485,0,0
TXN008967,95.97,1,Shopping,Android,Chennai,0,2924,0,0
TXN008968,211.85,16,Other,iOS,Delhi,0,2314,0,0
TXN008969,281.58,22,Bills,Android,Delhi,1,736,0,0
TXN008970,890.29,19,Shopping,Android,Pune,0,842,0,1
TXN008971,92.83,20,Bills,Android,Hyderabad,0,2295,0,0
TXN008972,876.01,3,Bills,iOS,Bangalore,0,1252,0,1
TXN008973,67.3,21,Entertainment,Android,Chennai,0,2939,0,0
TXN008974,730.97,17,Shopping,iOS,Delhi,0,2124,0,1
TXN008975,395.82,23,Other,iOS,Bangalore,1,771,0,0
TXN008976,49.59,19,Bills,iOS,Pune,0,314,0,0
TXN008977,214.53,7,Other,Android,Chennai,1,2102,0,0
TXN008978,139.56,18,Travel,iOS,Delhi,1,651,0,0
TXN008979,314.41,11,Shopping,iOS,Pune,2,460,0,0
TXN008980,113.53,10,Shopping,Android,Mumbai,0,1583,0,0
TXN008981,102.65,15,Shopping,Web,Delhi,0,2449,0,0
TXN008982,767.33,4,Entertainment,Android,Mumbai,1,1411,0,1
TXN008983,131.83,2,Shopping,Android,Pune,2,1601,0,0
TXN008984,400.1,11,Entertainment,iOS,Mumbai,1,361,0,0
TXN008985,113.25,14,Travel,Android,Hyderabad,0,2774,0,0
TXN008986,1096.63,15,Food,Android,Pune,0,1211,0,1
TXN008987,65.76,12,Entertainment,iOS,Pune,0,1813,0,0
TXN008988,71.02,6,Bills,Android,Hyderabad,0,2987,0,0
TXN008989,924.65,14,Shopping,Android,Bangalore,0,927,0,1
TXN008990,87.01,2,Food,iOS,Chennai,0,1855,0,0
TXN008991,1013.63,11,Entertainment,iOS,Bangalore,2,2647,0,1
TXN008992,432.77,7,Other,iOS,Hyderabad,1,1426,0,0
TXN008993,123.28,11,Other,iOS,Bangalore,0,1409,0,0
TXN008994,16.84,17,Bills,Android,Chennai,0,756,0,0
TXN008995,145.01,2,Food,iOS,Chennai,0,2496,0,0
TXN008996,167.66,11,Travel,iOS,Delhi,0,1343,0,0
TXN008997,602.24,22,Entertainment,Android,Bangalore,0,2546,0,0
TXN008998,998.38,20,Other,Web,Hyderabad,1,1434,1,1
TXN008999,65.24,22,Other,iOS,Delhi,0,1372,0,0
TXN009000,388.16,1,Entertainment,Android,Bangalore,1,796,0,0
TXN009001,371.85,13,Other,iOS,Pune,0,400,1,0
TXN009002,538.13,13,Travel,iOS,Chennai,1,2267,0,0
TXN009003,270.0,3,Other,Android,Hyderabad,2,891,0,0
TXN009004,14.43,16,Entertainment,iOS,Pune,0,1233,0,0
TXN009005,123.16,14,Shopping,iOS,Bangalore,2,625,0,0
TXN009006,37.08,15,Other,iOS,Chennai,0,2161,0,0
TXN009007,116.38,4,Entertainment,Android,Chennai,0,843,0,0
TXN009008,481.07,23,Shopping,Android,Pune,1,1908,0,0
TXN009009,214.04,16,Other,Android,Bangalore,0,417,0,0
TXN009010,588.58,22,Other,iOS,Bangalore,0,2651,0,0
TXN009011,223.66,6,Entertainment,iOS,Hyderabad,0,2460,0,0
TXN009012,31.25,22,Bills,Android,Delhi,2,2727,0,0
TXN009013,7.21,14,Bills,Android,Chennai,0,1989,0,0
TXN009014,177.43,16,Food,Android,Delhi,0,2210,0,0
TXN009015,114.81,11,Bills,iOS,Delhi,0,2941,0,0
TXN009016,45.96,10,Travel,iOS,Chennai,0,687,0,0
TXN009017,19.28,18,Food,Android,Bangalore,0,1494,0,0
TXN009018,61.46,10,Bills,Android,Chennai,0,1372,0,0
TXN009019,117.52,1,Shopping,Android,Pune,0,2844,1,0
TXN009020,329.99,14,Entertainment,Android,Delhi,0,2286,0,0
TXN009021,186.11,4,Bills,iOS,Hyderabad,0,2432,0,0
TXN009022,1022.17,17,Shopping,Android,Chennai,1,2567,0,1
TXN009023,42.83,20,Food,Android,Hyderabad,0,2689,1,0
TXN009024,427.21,20,Entertainment,iOS,Bangalore,2,2740,0,0
TXN009025,157.08,15,Bills,Web,Bangalore,0,354,0,0
TXN009026,341.59,3,Food,Web,Pune,0,1726,0,0
TXN009027,87.9,22,Bills,Web,Hyderabad,0,1953,0,0
TXN009028,537.01,9,Food,iOS,Hyderabad,1,2316,0,0
TXN009029,211.51,21,Bills,iOS,Chennai,0,1088,0,0
TXN009030,65.67,1,Shopping,iOS,Bangalore,2,344,0,0
TXN009031,146.29,14,Travel,iOS,Hyderabad,0,1607,0,0
TXN009032,111.33,3,Shopping,Web,Mumbai,0,668,0,0
TXN009033,266.94,15,Entertainment,Android,Chennai,1,1783,0,0
TXN009034,36.03,6,Bills,Android,Chennai,0,386,0,0
TXN009035,143.28,11,Travel,Android,Mumbai,0,2792,0,0
TXN009036,238.5,2,Travel,iOS,Bangalore,0,2551,0,0
TXN009037,154.41,16,Entertainment,iOS,Hyderabad,0,326,0,0
TXN009038,747.2,8,Entertainment,iOS,Hyderabad,2,1898,0,1
TXN009039,375.71,7,Travel,Android,Bangalore,0,2638,0,0
TXN009040,147.09,22,Entertainment,Android,Mumbai,0,1124,1,0
TXN009041,192.49,5,Entertainment,Web,Mumbai,0,493,0,0
TXN009042,211.62,14,Bills,Android,Mumbai,0,2673,0,0
TXN009043,240.8,9,Shopping,Android,Chennai,0,203,0,0
TXN009044,16.6,22,Other,iOS,Hyderabad,1,1373,0,0
TXN009045,103.35,5,Food,Android,Delhi,1,2841,0,0
TXN009046,24.99,14,Travel,Android,Chennai,0,1720,0,0
TXN009047,688.1,13,Food,Android,Chennai,2,243,0,0
TXN009048,137.96,18,Travel,Android,Hyderabad,0,2780,0,0
TXN009049,117.68,12,Travel,iOS,Bangalore,0,1666,0,0
TXN009050,435.35,13,Shopping,Android,Pune,1,736,0,0
TXN009051,246.36,2,Travel,Android,Hyderabad,0,2232,0,0
TXN009052,38.31,3,Travel,Android,Bangalore,0,36,1,0
TXN009053,136.31,13,Shopping,iOS,Hyderabad,1,1844,0,0
TXN009054,99.27,13,Entertainment,Android,Chennai,0,2463,1,0
TXN009055,18.29,7,Other,Android,Pune,1,2319,0,0
TXN009056,64.82,9,Food,Android,Mumbai,0,2030,0,0
TXN009057,119.07,8,Travel,Android,Chennai,2,552,0,0
TXN009058,129.29,13,Shopping,Android,Chennai,1,1828,0,0
TXN009059,25.06,7,Travel,Android,Delhi,2,863,0,0
TXN009060,591.11,10,Shopping,Web,Chennai,0,907,0,0
TXN009061,131.3,9,Food,Web,Chennai,1,2364,0,0
TXN009062,155.25,17,Bills,iOS,Chennai,0,587,0,0
TXN009063,240.03,3,Entertainment,Android,Pune,0,355,0,0
TXN009064,57.65,3,Bills,iOS,Delhi,0,1819,0,0
TXN009065,256.63,11,Shopping,Android,Bangalore,0,2306,0,0
TXN009066,95.54,17,Travel,iOS,Pune,0,2898,0,0
TXN009067,50.61,7,Entertainment,Android,Pune,0,890,1,0
TXN009068,295.34,2,Food,iOS,Delhi,1,2635,0,0
TXN009069,888.92,17,Other,Web,Mumbai,0,834,0,1
TXN009070,354.18,6,Entertainment,Android,Bangalore,0,184,0,0
TXN009071,449.25,0,Travel,Android,Pune,0,1846,1,0
TXN009072,79.46,21,Bills,iOS,Pune,1,2586,0,0
TXN009073,21.82,12,Shopping,Android,Delhi,0,217,0,0
TXN009074,887.28,2,Bills,Web,Mumbai,1,2094,0,1
TXN009075,1746.59,2,Entertainment,Android,Mumbai,0,2025,1,1
TXN009076,945.17,14,Other,Android,Hyderabad,0,2717,0,1
TXN009077,99.19,20,Travel,iOS,Hyderabad,0,1404,0,0
TXN009078,37.13,18,Shopping,Android,Pune,1,1684,0,0
TXN009079,41.31,3,Travel,Android,Pune,0,2106,0,0
TXN009080,19.68,12,Travel,iOS,Chennai,0,925,0,0
TXN009081,130.47,12,Other,iOS,Bangalore,0,2486,0,0
TXN009082,1019.24,14,Entertainment,iOS,Delhi,0,934,0,1
TXN009083,125.21,18,Bills,iOS,Chennai,0,170,0,0
TXN009084,213.32,15,Travel,Android,Bangalore,0,2892,0,0
TXN009085,773.34,6,Travel,Android,Pune,1,1799,0,1
TXN009086,91.39,2,Travel,Android,Hyderabad,0,2208,0,0
TXN009087,1707.25,19,Shopping,Web,Delhi,1,2455,0,1
TXN009088,1620.54,1,Travel,Android,Mumbai,1,2586,1,1
TXN009089,126.81,17,Travel,Android,Mumbai,3,423,0,0
TXN009090,74.21,10,Entertainment,Web,Chennai,0,1217,0,0
TXN009091,342.64,0,Travel,Web,Chennai,0,1945,0,0
TXN009092,97.8,15,Other,iOS,Delhi,1,1017,0,0
TXN009093,37.05,16,Other,Android,Mumbai,0,2336,0,0
TXN009094,690.55,15,Travel,iOS,Chennai,0,2993,0,0
TXN009095,638.89,9,Other,Android,Mumbai,0,2510,1,0
TXN009096,178.86,16,Entertainment,iOS,Hyderabad,0,1383,0,0
TXN009097,32.61,2,Shopping,Android,Chennai,2,1023,0,0
TXN009098,33.94,17,Other,Android,Pune,0,2525,0,0
TXN009099,168.79,18,Other,Android,Bangalore,0,819,0,0
TXN009100,81.46,13,Bills,Android,Chennai,0,2738,0,0
TXN009101,98.56,20,Entertainment,iOS,Hyderabad,1,1278,0,0
TXN009102,505.91,1,Other,iOS,Delhi,0,365,0,0
TXN009103,357.74,11,Shopping,iOS,Mumbai,0,519,0,0
TXN009104,775.7,10,Bills,Android,Pune,0,448,0,1
TXN009105,45.21,16,Travel,iOS,Delhi,0,641,1,0
TXN009106,98.31,5,Entertainment,Android,Chennai,0,1449,0,0
TXN009107,368.99,18,Other,Android,Bangalore,1,1066,0,0
TXN009108,254.09,12,Travel,Android,Delhi,0,37,0,0
TXN009109,933.42,6,Entertainment,Android,Bangalore,2,2960,0,1
TXN009110,245.83,21,Bills,Android,Chennai,1,2236,0,0
TXN009111,1363.39,10,Other,Android,Bangalore,1,802,0,1
TXN009112,283.73,6,Shopping,Web,Bangalore,0,1181,0,0
TXN009113,530.91,12,Entertainment,Web,Hyderabad,0,713,0,0
TXN009114,100.66,12,Shopping,Android,Delhi,1,848,0,0
TXN009115,150.98,20,Travel,Android,Chennai,0,1036,0,0
TXN009116,442.81,0,Travel,Android,Hyderabad,0,2230,0,0
TXN009117,1028.21,18,Bills,Android,Bangalore,0,970,0,1
TXN009118,356.05,18,Bills,Android,Hyderabad,0,2602,0,0
TXN009119,134.32,22,Food,Android,Hyderabad,0,573,0,0
TXN009120,774.95,14,Food,iOS,Bangalore,0,2021,0,1
TXN009121,10.69,13,Bills,iOS,Chennai,1,2483,0,0
TXN009122,26.93,2,Other,Android,Mumbai,1,2126,0,0
TXN009123,336.29,20,Travel,iOS,Hyderabad,0,808,1,0
TXN009124,150.95,19,Shopping,iOS,Delhi,1,1636,0,0
TXN009125,306.93,3,Bills,Android,Bangalore,0,2145,0,0
TXN009126,160.34,6,Other,Android,Mumbai,1,197,0,0
TXN009127,294.46,0,Shopping,Web,Hyderabad,0,1928,0,0
TXN009128,55.85,22,Food,iOS,Bangalore,0,2181,0,0
TXN009129,294.3,23,Shopping,Android,Bangalore,0,755,0,0
TXN009130,489.46,18,Bills,iOS,Hyderabad,0,2178,1,0
TXN009131,642.05,2,Travel,Android,Pune,0,2191,0,0
TXN009132,1662.81,19,Bills,iOS,Pune,0,1499,0,1
TXN009133,198.92,14,Entertainment,Android,Delhi,1,2395,0,0
TXN009134,206.17,12,Other,Android,Bangalore,0,2755,0,0
TXN009135,23.86,21,Other,iOS,Bangalore,1,571,0,0
TXN009136,78.44,13,Other,iOS,Hyderabad,0,2416,0,0
TXN009137,117.72,6,Entertainment,Android,Mumbai,1,1169,0,0
TXN009138,523.42,0,Entertainment,Android,Bangalore,0,1462,0,0
TXN009139,71.29,12,Travel,Android,Bangalore,0,2583,0,0
TXN009140,385.91,3,Other,Android,Hyderabad,1,2690,0,0
TXN009141,148.12,11,Bills,Android,Pune,0,2954,0,0
TXN009142,119.99,6,Entertainment,iOS,Bangalore,0,1577,0,0
TXN009143,200.07,1,Bills,Android,Hyderabad,0,294,0,0
TXN009144,92.82,16,Food,iOS,Delhi,0,1434,0,0
TXN009145,88.69,0,Other,iOS,Hyderabad,0,302,0,0
TXN009146,19.19,13,Entertainment,Android,Pune,2,2575,0,0
TXN009147,110.22,21,Entertainment,iOS,Mumbai,1,2576,0,0
TXN009148,83.43,20,Travel,Web,Bangalore,1,1036,0,0
TXN009149,79.9,0,Bills,Android,Delhi,0,398,0,0
TXN009150,244.75,2,Travel,Web,Bangalore,0,2043,0,0
TXN009151,327.13,10,Travel,iOS,Bangalore,0,406,0,0
TXN009152,196.1,6,Bills,iOS,Pune,2,1113,0,0
TXN009153,490.05,8,Food,Android,Hyderabad,1,801,0,0
TXN009154,296.09,21,Bills,iOS,Bangalore,1,454,0,0
TXN009155,104.16,2,Food,Android,Pune,0,2037,0,0
TXN009156,85.16,0,Travel,iOS,Delhi,1,1190,0,0
TXN009157,216.02,18,Food,iOS,Pune,1,2856,0,0
TXN009158,295.46,1,Other,Android,Pune,1,1288,0,0
TXN009159,794.26,20,Food,Android,Pune,0,1553,0,1
TXN009160,619.81,23,Food,Android,Chennai,0,1308,0,0
TXN009161,77.5,4,Entertainment,Android,Pune,0,1882,0,0
TXN009162,131.31,16,Entertainment,iOS,Bangalore,0,2565,0,0
TXN009163,332.03,18,Travel,Android,Pune,0,1402,0,0
TXN009164,534.64,4,Bills,Android,Hyderabad,1,767,0,0
TXN009165,457.95,22,Food,Android,Mumbai,0,1151,0,0
TXN009166,137.46,20,Other,iOS,Bangalore,2,1330,0,0
TXN009167,32.96,13,Entertainment,Android,Pune,0,54,0,0
TXN009168,44.76,9,Bills,Web,Pune,0,2546,0,0
TXN009169,205.85,20,Other,iOS,Hyderabad,0,1627,0,0
TXN009170,223.78,6,Food,iOS,Bangalore,0,1649,0,0
TXN009171,39.71,7,Bills,Android,Chennai,1,2502,0,0
TXN009172,156.57,7,Other,Android,Chennai,0,607,0,0
TXN009173,316.55,6,Shopping,Android,Delhi,0,1815,0,0
TXN009174,37.28,12,Other,Android,Chennai,0,1318,0,0
TXN009175,558.91,13,Other,iOS,Hyderabad,2,677,1,0
TXN009176,94.35,18,Food,Android,Chennai,0,2203,0,0
TXN009177,671.25,10,Bills,Android,Hyderabad,1,2685,0,0
TXN009178,78.25,1,Food,iOS,Bangalore,0,2916,0,0
TXN009179,43.3,16,Food,Android,Delhi,1,579,0,0
TXN009180,85.65,5,Shopping,Android,Pune,1,1560,0,0
TXN009181,132.4,8,Other,Android,Pune,0,588,0,0
TXN009182,93.11,18,Bills,iOS,Pune,0,2156,0,0
TXN009183,114.53,4,Travel,Android,Delhi,1,2052,0,0
TXN009184,221.57,8,Entertainment,iOS,Pune,0,569,0,0
TXN009185,120.85,6,Food,Android,Chennai,1,508,0,0
TXN009186,137.09,3,Food,Android,Pune,0,2355,0,0
TXN009187,19.09,17,Food,iOS,Pune,0,1797,1,0
TXN009188,237.47,17,Food,iOS,Mumbai,1,142,0,0
TXN009189,133.35,19,Entertainment,iOS,Chennai,1,1744,0,0
TXN009190,1024.9,16,Travel,iOS,Pune,0,2869,0,1
TXN009191,48.06,3,Shopping,Android,Mumbai,0,1126,0,0
TXN009192,16.95,21,Travel,iOS,Chennai,0,90,0,0
TXN009193,311.59,15,Entertainment,iOS,Hyderabad,0,543,0,0
TXN009194,224.94,21,Bills,iOS,Hyderabad,0,2516,0,0
TXN009195,44.25,22,Shopping,Web,Pune,1,2821,0,0
TXN009196,23.67,4,Shopping,Android,Pune,0,87,1,0
TXN009197,939.06,8,Bills,iOS,Mumbai,0,668,0,1
TXN009198,809.92,1,Other,Web,Delhi,1,1786,0,1
TXN009199,7.5,1,Food,Android,Mumbai,1,2232,1,0
TXN009200,85.64,3,Entertainment,Android,Bangalore,0,1595,0,0
TXN009201,1093.38,19,Bills,iOS,Delhi,1,2187,1,1
TXN009202,83.82,19,Travel,Android,Mumbai,0,388,0,0
TXN009203,82.37,16,Travel,iOS,Bangalore,0,1943,0,0
TXN009204,105.71,19,Other,Android,Bangalore,1,793,0,0
TXN009205,38.66,20,Bills,iOS,Pune,0,1371,0,0
TXN009206,19.19,18,Entertainment,Android,Chennai,1,1246,0,0
TXN009207,524.82,2,Other,Android,Pune,0,2932,0,0
TXN009208,16.26,4,Other,iOS,Mumbai,0,2510,0,0
TXN009209,199.68,9,Other,iOS,Hyderabad,0,558,0,0
TXN009210,430.05,5,Shopping,Android,Pune,0,2476,0,0
TXN009211,26.01,2,Shopping,Android,Chennai,1,696,0,0
TXN009212,48.95,16,Food,iOS,Pune,0,2194,0,0
TXN009213,636.39,9,Entertainment,iOS,Pune,0,1959,0,0
TXN009214,281.31,23,Travel,iOS,Delhi,1,2029,0,0
TXN009215,70.76,11,Travel,iOS,Hyderabad,0,2306,0,0
TXN009216,628.1,0,Food,Android,Bangalore,2,1951,0,0
TXN009217,631.34,17,Travel,iOS,Delhi,0,320,0,0
TXN009218,204.97,18,Other,iOS,Chennai,0,2536,0,0
TXN009219,50.39,21,Food,Android,Pune,0,2132,0,0
TXN009220,90.37,19,Food,Android,Bangalore,0,1773,0,0
TXN009221,209.28,3,Bills,iOS,Pune,0,1896,0,0
TXN009222,118.35,14,Shopping,iOS,Bangalore,0,2033,0,0
TXN009223,457.94,8,Entertainment,iOS,Bangalore,0,1072,0,0
TXN009224,23.67,5,Entertainment,iOS,Hyderabad,2,1476,0,0
TXN009225,24.7,11,Shopping,Android,Chennai,0,2831,0,0
TXN009226,184.39,17,Other,iOS,Chennai,1,1524,0,0
TXN009227,82.28,22,Entertainment,iOS,Pune,0,1753,0,0
TXN009228,69.93,14,Travel,Android,Hyderabad,1,2087,1,0
TXN009229,17.78,18,Travel,Android,Chennai,0,1509,0,0
TXN009230,151.94,8,Entertainment,iOS,Bangalore,1,469,0,0
TXN009231,139.31,21,Bills,Web,Bangalore,0,1060,0,0
TXN009232,325.11,23,Entertainment,Android,Pune,1,119,0,0
TXN009233,161.21,12,Food,Android,Bangalore,0,197,0,0
TXN009234,126.58,15,Other,Android,Chennai,1,2480,0,0
TXN009235,609.35,12,Food,Android,Mumbai,0,2275,0,0
TXN009236,30.72,0,Shopping,Android,Delhi,0,2964,0,0
TXN009237,282.5,17,Other,iOS,Mumbai,0,1617,0,0
TXN009238,19.98,21,Other,iOS,Hyderabad,2,1409,0,0
TXN009239,54.27,2,Travel,iOS,Mumbai,0,2217,0,0
TXN009240,34.63,16,Other,Android,Pune,0,761,0,0
TXN009241,379.3,21,Bills,iOS,Mumbai,0,2779,1,0
TXN009242,137.21,4,Entertainment,iOS,Pune,0,2406,1,0
TXN009243,146.03,5,Food,Android,Hyderabad,0,1349,0,0
TXN009244,39.33,20,Travel,Android,Mumbai,1,1763,0,0
TXN009245,103.58,16,Travel,iOS,Delhi,1,93,0,0
TXN009246,59.37,16,Bills,iOS,Chennai,1,2736,0,0
TXN009247,235.13,0,Bills,iOS,Hyderabad,0,2289,0,0
TXN009248,45.18,6,Bills,Android,Mumbai,0,1146,0,0
TXN009249,731.98,21,Bills,iOS,Bangalore,0,870,0,1
TXN009250,19.87,15,Food,Android,Bangalore,0,1546,0,0
TXN009251,56.38,4,Bills,iOS,Hyderabad,0,1865,0,0
TXN009252,1110.58,15,Travel,iOS,Bangalore,0,2391,0,1
TXN009253,88.04,3,Travel,Android,Delhi,0,1115,1,0
TXN009254,30.64,10,Other,Android,Mumbai,0,1487,0,0
TXN009255,193.04,13,Entertainment,Android,Delhi,0,1874,0,0
TXN009256,83.89,12,Travel,Android,Delhi,1,1412,0,0
TXN009257,54.43,23,Travel,Android,Chennai,0,2536,0,0
TXN009258,39.84,7,Food,iOS,Mumbai,0,2131,0,0
TXN009259,4113.58,20,Other,iOS,Hyderabad,0,327,0,1
TXN009260,109.74,19,Travel,iOS,Bangalore,0,728,0,0
TXN009261,14.72,14,Shopping,iOS,Chennai,1,1317,0,0
TXN009262,891.1,17,Travel,iOS,Delhi,0,2987,0,1
TXN009263,308.98,6,Entertainment,Web,Bangalore,0,2788,0,0
TXN009264,59.16,20,Entertainment,Android,Mumbai,0,364,0,0
TXN009265,48.44,18,Other,iOS,Delhi,0,387,0,0
TXN009266,333.01,8,Other,Android,Delhi,0,2505,0,0
TXN009267,110.35,10,Bills,Android,Mumbai,0,2376,0,0
TXN009268,14.71,9,Food,iOS,Hyderabad,0,277,0,0
TXN009269,1267.36,13,Entertainment,Android,Chennai,0,2748,0,1
TXN009270,88.17,15,Shopping,iOS,Mumbai,0,929,0,0
TXN009271,893.09,7,Shopping,Android,Bangalore,0,362,0,1
TXN009272,688.23,0,Bills,Android,Bangalore,1,836,0,0
TXN009273,44.65,11,Food,iOS,Delhi,1,2171,0,0
TXN009274,512.77,2,Food,Android,Pune,0,48,1,0
TXN009275,67.92,1,Other,Android,Chennai,1,2142,0,0
TXN009276,15.8,15,Travel,Android,Hyderabad,0,2885,1,0
TXN009277,89.16,3,Shopping,Web,Hyderabad,1,381,0,0
TXN009278,239.17,1,Shopping,Android,Pune,0,1257,0,0
TXN009279,85.18,11,Shopping,Android,Bangalore,1,2153,0,0
TXN009280,102.67,23,Shopping,iOS,Hyderabad,0,753,0,0
TXN009281,585.39,16,Entertainment,iOS,Bangalore,0,1000,0,0
TXN009282,168.64,19,Food,iOS,Chennai,1,2834,0,0
TXN009283,53.95,20,Travel,Android,Pune,0,142,0,0
TXN009284,344.62,9,Entertainment,Web,Delhi,2,571,0,0
TXN009285,188.14,19,Food,iOS,Bangalore,0,2062,0,0
TXN009286,7.2,7,Bills,Android,Chennai,1,2589,0,0
TXN009287,248.15,17,Shopping,Android,Pune,0,1465,0,0
TXN009288,237.51,17,Travel,Web,Bangalore,1,1742,0,0
TXN009289,152.04,17,Food,iOS,Mumbai,1,634,0,0
TXN009290,432.7,1,Bills,iOS,Bangalore,2,2675,0,0
TXN009291,66.23,11,Shopping,iOS,Chennai,1,2186,0,0
TXN009292,222.25,9,Bills,iOS,Hyderabad,2,334,0,0
TXN009293,22.64,7,Bills,Android,Bangalore,0,186,0,0
TXN009294,241.9,18,Entertainment,Android,Delhi,0,1694,0,0
TXN009295,1546.38,9,Bills,iOS,Chennai,0,1340,1,1
TXN009296,44.98,10,Entertainment,Android,Hyderabad,0,2360,0,0
TXN009297,59.63,13,Other,Android,Chennai,0,1765,0,0
TXN009298,63.31,14,Entertainment,iOS,Bangalore,0,2211,0,0
TXN009299,173.47,23,Bills,Android,Mumbai,1,684,0,0
TXN009300,41.44,22,Food,Android,Mumbai,0,2866,0,0
TXN009301,246.04,9,Bills,iOS,Delhi,1,2787,0,0
TXN009302,410.02,3,Bills,iOS,Pune,0,2387,0,0
TXN009303,281.81,6,Food,Android,Pune,0,2007,1,0
TXN009304,17.78,10,Shopping,iOS,Delhi,0,1144,0,0
TXN009305,489.9,23,Travel,iOS,Hyderabad,3,116,0,0
TXN009306,457.07,21,Other,Android,Mumbai,0,1328,0,0
TXN009307,401.9,21,Shopping,Android,Bangalore,1,2623,0,0
TXN009308,232.16,2,Bills,Android,Chennai,1,599,0,0
TXN009309,193.3,4,Shopping,iOS,Chennai,0,740,0,0
TXN009310,512.28,1,Travel,Android,Mumbai,0,2320,0,0
TXN009311,1492.51,11,Shopping,iOS,Mumbai,0,2474,0,1
TXN009312,47.29,20,Travel,iOS,Chennai,0,1960,0,0
TXN009313,541.18,4,Shopping,Android,Hyderabad,0,207,0,0
TXN009314,133.83,6,Entertainment,Android,Chennai,0,2610,0,0
TXN009315,127.03,3,Bills,Android,Delhi,0,1458,0,0
TXN009316,23.48,10,Travel,Android,Bangalore,0,1736,0,0
TXN009317,105.45,21,Other,iOS,Mumbai,0,2122,0,0
TXN009318,44.85,8,Bills,iOS,Pune,2,2631,0,0
TXN009319,85.06,3,Entertainment,Android,Mumbai,1,1980,0,0
TXN009320,39.73,21,Shopping,Android,Hyderabad,0,1230,0,0
TXN009321,86.6,8,Bills,Android,Delhi,0,412,0,0
TXN009322,91.16,11,Shopping,Web,Chennai,0,737,1,0
TXN009323,166.69,15,Shopping,iOS,Delhi,0,2884,0,0
TXN009324,21.38,0,Bills,iOS,Delhi,0,178,0,0
TXN009325,26.19,7,Travel,Android,Hyderabad,0,47,0,0
TXN009326,229.13,0,Travel,Android,Hyderabad,1,2558,0,0
TXN009327,57.0,19,Bills,Android,Pune,1,2240,0,0
TXN009328,538.85,18,Travel,Web,Chennai,0,1085,0,0
TXN009329,194.48,3,Food,iOS,Pune,2,151,0,0
TXN009330,307.39,13,Shopping,iOS,Chennai,0,2516,0,0
TXN009331,806.6,22,Bills,iOS,Bangalore,0,1448,0,1
TXN009332,102.34,13,Other,Android,Delhi,0,2692,0,0
TXN009333,74.49,8,Entertainment,Android,Chennai,0,2775,0,0
TXN009334,422.44,8,Bills,Android,Hyderabad,0,764,0,0
TXN009335,273.53,16,Bills,Android,Bangalore,0,379,0,0
TXN009336,118.53,14,Shopping,Android,Pune,0,1475,0,0
TXN009337,788.2,9,Entertainment,Android,Bangalore,0,1611,0,1
TXN009338,115.04,16,Shopping,iOS,Hyderabad,2,2203,0,0
TXN009339,154.37,8,Other,Web,Chennai,0,2437,0,0
TXN009340,152.24,3,Travel,Web,Hyderabad,0,1079,0,0
TXN009341,48.35,13,Bills,Android,Chennai,0,1704,0,0
TXN009342,162.89,2,Shopping,Android,Hyderabad,0,2783,0,0
TXN009343,793.23,20,Other,iOS,Hyderabad,1,2805,0,1
TXN009344,253.14,11,Other,iOS,Mumbai,0,2939,0,0
TXN009345,154.05,21,Food,Web,Chennai,0,66,0,0
TXN009346,122.23,0,Bills,iOS,Delhi,0,2467,0,0
TXN009347,220.75,0,Other,iOS,Mumbai,0,467,1,0
TXN009348,364.94,12,Travel,Android,Mumbai,1,2292,0,0
TXN009349,308.3,13,Shopping,Android,Mumbai,0,204,0,0
TXN009350,99.66,15,Shopping,Android,Mumbai,0,1536,0,0
TXN009351,219.15,6,Food,iOS,Delhi,0,143,0,0
TXN009352,263.99,9,Travel,Android,Mumbai,0,2580,0,0
TXN009353,44.32,14,Other,iOS,Pune,0,183,1,0
TXN009354,181.61,7,Food,iOS,Delhi,0,2358,0,0
TXN009355,11.09,10,Other,Android,Pune,2,449,0,0
TXN009356,264.82,23,Other,Web,Delhi,0,2008,0,0
TXN009357,327.8,13,Bills,Android,Pune,1,2394,0,0
TXN009358,363.96,12,Entertainment,Web,Mumbai,1,2407,0,0
TXN009359,92.38,22,Other,Web,Bangalore,0,1654,0,0
TXN009360,215.05,12,Shopping,Android,Delhi,0,115,0,0
TXN009361,819.54,8,Other,Android,Mumbai,0,1253,0,1
TXN009362,809.59,16,Food,Android,Hyderabad,0,1158,0,1
TXN009363,143.31,17,Other,iOS,Hyderabad,0,2653,0,0
TXN009364,175.42,18,Shopping,Android,Chennai,0,2494,0,0
TXN009365,562.9,12,Shopping,Web,Delhi,1,1938,0,0
TXN009366,24.51,11,Food,Android,Delhi,0,233,0,0
TXN009367,100.72,20,Shopping,iOS,Pune,1,580,0,0
TXN009368,737.07,19,Travel,Web,Hyderabad,0,2125,0,1
TXN009369,478.3,19,Travel,iOS,Delhi,1,677,0,0
TXN009370,231.16,7,Entertainment,Android,Delhi,1,1872,0,0
TXN009371,24.36,23,Travel,iOS,Hyderabad,0,2469,0,0
TXN009372,139.79,10,Food,Android,Mumbai,1,1294,0,0
TXN009373,73.12,6,Other,Android,Pune,0,1261,0,0
TXN009374,220.8,0,Travel,Android,Hyderabad,0,513,0,0
TXN009375,56.19,9,Entertainment,Android,Bangalore,0,2973,0,0
TXN009376,43.34,14,Bills,iOS,Hyderabad,0,751,1,0
TXN009377,12.46,3,Bills,Android,Pune,0,2697,0,0
TXN009378,643.01,0,Food,iOS,Hyderabad,0,2418,0,0
TXN009379,91.86,10,Entertainment,Android,Pune,0,1121,0,0
TXN009380,179.21,4,Travel,Android,Mumbai,0,2447,0,0
TXN009381,148.02,18,Entertainment,Android,Hyderabad,0,1124,0,0
TXN009382,41.23,18,Shopping,Android,Hyderabad,0,1151,0,0
TXN009383,32.76,3,Entertainment,Android,Mumbai,1,2047,0,0
TXN009384,44.42,1,Travel,iOS,Hyderabad,0,2241,0,0
TXN009385,62.31,6,Food,Web,Mumbai,0,2946,0,0
TXN009386,230.43,12,Shopping,Android,Bangalore,1,2875,0,0
TXN009387,57.12,19,Entertainment,Android,Mumbai,1,631,0,0
TXN009388,1206.87,20,Bills,Android,Delhi,0,1449,0,1
TXN009389,509.07,11,Travel,iOS,Delhi,0,1082,1,0
TXN009390,391.52,1,Food,iOS,Pune,1,1568,0,0
TXN009391,128.56,21,Other,iOS,Mumbai,0,2907,0,0
TXN009392,913.37,8,Travel,Android,Hyderabad,1,552,0,1
TXN009393,114.25,15,Entertainment,Android,Chennai,1,2150,0,0
TXN009394,142.95,7,Food,Android,Chennai,0,2295,0,0
TXN009395,181.99,23,Bills,iOS,Bangalore,2,147,0,0
TXN009396,344.53,17,Shopping,Android,Bangalore,1,1240,0,0
TXN009397,318.71,3,Entertainment,iOS,Chennai,0,285,0,0
TXN009398,83.92,23,Food,Android,Chennai,1,2149,1,0
TXN009399,78.29,10,Shopping,Android,Mumbai,0,242,0,0
TXN009400,319.86,16,Food,Android,Chennai,0,101,0,0
TXN009401,350.12,7,Other,iOS,Delhi,1,1863,0,0
TXN009402,92.57,18,Entertainment,Android,Bangalore,0,2900,0,0
TXN009403,22.1,7,Food,Web,Pune,0,1315,0,0
TXN009404,115.73,5,Bills,Android,Bangalore,0,1330,0,0
TXN009405,313.64,22,Food,Android,Delhi,1,2505,0,0
TXN009406,1295.3,1,Entertainment,Android,Bangalore,0,789,0,1
TXN009407,35.25,14,Food,iOS,Chennai,0,1938,1,0
TXN009408,88.95,0,Shopping,Android,Bangalore,0,2509,0,0
TXN009409,93.01,5,Shopping,Android,Delhi,2,1140,0,0
TXN009410,755.19,18,Other,Android,Bangalore,0,239,0,1
TXN009411,142.32,3,Travel,Android,Pune,0,922,0,0
TXN009412,49.96,12,Other,iOS,Pune,0,1272,0,0
TXN009413,290.16,14,Travel,Android,Pune,1,1696,1,0
TXN009414,91.33,8,Bills,iOS,Pune,0,2008,0,0
TXN009415,34.15,2,Shopping,iOS,Chennai,0,2327,0,0
TXN009416,50.84,1,Travel,iOS,Pune,1,1833,0,0
TXN009417,1188.98,15,Food,Android,Pune,0,1072,0,1
TXN009418,235.34,17,Bills,Android,Mumbai,0,2612,0,0
TXN009419,168.9,17,Entertainment,Web,Pune,0,1433,0,0
TXN009420,109.96,5,Travel,iOS,Chennai,0,1442,0,0
TXN009421,210.73,17,Other,Android,Pune,0,2640,0,0
TXN009422,207.74,10,Travel,Android,Bangalore,0,1968,1,0
TXN009423,210.74,6,Other,Web,Pune,0,1145,0,0
TXN009424,170.34,22,Other,Android,Hyderabad,1,1750,0,0
TXN009425,420.97,22,Shopping,iOS,Bangalore,0,450,0,0
TXN009426,152.59,13,Bills,Android,Pune,0,2839,0,0
TXN009427,45.9,17,Other,Android,Pune,0,109,0,0
TXN009428,71.17,6,Shopping,Android,Bangalore,0,1938,0,0
TXN009429,13.81,9,Shopping,Android,Delhi,0,2721,0,0
TXN009430,1689.49,7,Other,Android,Hyderabad,0,467,0,1
TXN009431,417.93,23,Bills,iOS,Delhi,2,263,0,0
TXN009432,54.81,13,Food,iOS,Pune,0,339,0,0
TXN009433,105.82,17,Travel,iOS,Delhi,1,2083,0,0
TXN009434,69.11,4,Shopping,iOS,Chennai,0,2468,0,0
TXN009435,944.88,13,Travel,Android,Mumbai,1,831,0,1
TXN009436,27.01,21,Bills,Android,Bangalore,0,97,1,0
TXN009437,170.27,21,Food,Web,Hyderabad,0,1964,0,0
TXN009438,130.29,21,Entertainment,Android,Bangalore,0,554,0,0
TXN009439,400.3,9,Food,Android,Delhi,0,2790,0,0
TXN009440,131.0,14,Bills,Web,Mumbai,0,2882,0,0
TXN009441,18.0,5,Food,Android,Delhi,0,2030,0,0
TXN009442,109.8,8,Entertainment,iOS,Bangalore,0,451,0,0
TXN009443,46.22,9,Shopping,iOS,Chennai,0,2795,0,0
TXN009444,163.28,22,Food,Android,Bangalore,0,258,0,0
TXN009445,829.66,16,Other,Android,Delhi,0,1520,0,1
TXN009446,18.41,0,Other,Web,Hyderabad,0,752,1,0
TXN009447,56.81,13,Bills,Android,Hyderabad,1,857,1,0
TXN009448,76.46,3,Food,Android,Hyderabad,2,2346,0,0
TXN009449,93.88,1,Entertainment,Android,Hyderabad,0,946,0,0
TXN009450,360.74,2,Bills,iOS,Hyderabad,1,1148,0,0
TXN009451,120.51,6,Food,iOS,Pune,1,201,0,0
TXN009452,244.44,22,Bills,Web,Mumbai,0,2873,0,0
TXN009453,70.04,13,Other,Web,Mumbai,1,2006,0,0
TXN009454,195.57,11,Entertainment,Web,Chennai,0,1024,0,0
TXN009455,377.42,18,Shopping,Android,Hyderabad,0,2026,0,0
TXN009456,61.64,17,Entertainment,iOS,Delhi,0,988,0,0
TXN009457,379.04,14,Shopping,Android,Delhi,0,2965,0,0
TXN009458,158.04,0,Travel,Android,Bangalore,0,279,0,0
TXN009459,520.38,2,Other,iOS,Hyderabad,1,2144,0,0
TXN009460,116.55,14,Other,Android,Delhi,1,1976,1,0
TXN009461,234.51,3,Other,Web,Pune,0,2863,0,0
TXN009462,141.35,14,Entertainment,Android,Chennai,1,1088,1,0
TXN009463,132.23,9,Shopping,iOS,Delhi,0,410,0,0
TXN009464,202.5,5,Travel,Android,Pune,0,1957,0,0
TXN009465,282.64,12,Travel,Android,Pune,0,668,0,0
TXN009466,33.13,6,Travel,Android,Chennai,0,2073,0,0
TXN009467,829.12,21,Bills,Android,Hyderabad,0,752,0,1
TXN009468,15.93,0,Entertainment,Android,Bangalore,0,269,0,0
TXN009469,65.25,21,Entertainment,Web,Bangalore,0,1355,0,0
TXN009470,132.54,10,Other,iOS,Mumbai,0,2117,0,0
TXN009471,243.43,13,Entertainment,Android,Hyderabad,1,2811,0,0
TXN009472,983.78,5,Entertainment,Android,Delhi,0,2901,0,1
TXN009473,15.96,4,Bills,Android,Bangalore,0,2232,0,0
TXN009474,80.7,18,Entertainment,Android,Pune,0,1201,1,0
TXN009475,11.56,18,Shopping,iOS,Chennai,1,747,0,0
TXN009476,154.15,12,Travel,Android,Pune,0,854,0,0
TXN009477,205.62,6,Bills,iOS,Chennai,0,1065,0,0
TXN009478,1001.2,7,Bills,Android,Delhi,0,2089,0,1
TXN009479,171.53,13,Other,iOS,Delhi,1,1170,0,0
TXN009480,519.48,18,Entertainment,iOS,Hyderabad,0,137,0,0
TXN009481,299.05,18,Travel,Android,Delhi,0,68,0,0
TXN009482,88.03,22,Shopping,iOS,Delhi,0,1607,0,0
TXN009483,27.36,11,Travel,iOS,Delhi,1,2811,0,0
TXN009484,206.44,22,Food,iOS,Bangalore,0,77,0,0
TXN009485,24.77,8,Travel,Android,Hyderabad,0,2424,0,0
TXN009486,702.22,13,Shopping,Web,Delhi,0,1909,0,0
TXN009487,122.18,5,Shopping,iOS,Delhi,0,864,0,0
TXN009488,622.79,14,Shopping,Android,Pune,1,1600,0,0
TXN009489,83.41,12,Bills,Android,Pune,1,797,0,0
TXN009490,204.92,6,Bills,Android,Chennai,0,2942,0,0
TXN009491,190.8,10,Food,Android,Bangalore,0,2882,0,0
TXN009492,140.6,9,Travel,Web,Delhi,0,965,0,0
TXN009493,88.31,0,Entertainment,Android,Bangalore,0,813,0,0
TXN009494,237.69,6,Other,iOS,Hyderabad,1,47,0,0
TXN009495,48.84,17,Food,Android,Hyderabad,0,1789,0,0
TXN009496,34.77,22,Entertainment,Android,Pune,0,839,0,0
TXN009497,659.44,2,Entertainment,Web,Mumbai,0,1055,0,0
TXN009498,355.17,8,Food,Android,Chennai,0,1783,0,0
TXN009499,160.62,4,Travel,iOS,Mumbai,0,1012,0,0
TXN009500,1094.63,22,Other,Web,Bangalore,0,1113,0,1
TXN009501,107.63,23,Entertainment,Web,Chennai,1,989,0,0
TXN009502,725.78,12,Bills,iOS,Pune,0,1756,0,0
TXN009503,183.22,15,Bills,iOS,Delhi,0,2934,0,0
TXN009504,43.39,15,Food,iOS,Pune,0,2849,0,0
TXN009505,1363.28,11,Other,Android,Pune,0,673,0,1
TXN009506,487.29,17,Other,iOS,Chennai,0,289,0,0
TXN009507,128.35,10,Entertainment,Web,Chennai,1,1185,0,0
TXN009508,355.17,16,Food,Android,Hyderabad,0,2132,0,0
TXN009509,91.43,6,Other,Android,Mumbai,2,1136,0,0
TXN009510,401.41,14,Other,iOS,Hyderabad,0,539,0,0
TXN009511,8.42,5,Bills,iOS,Hyderabad,1,1433,1,0
TXN009512,43.65,5,Food,Android,Mumbai,0,486,0,0
TXN009513,480.64,17,Entertainment,iOS,Hyderabad,0,2016,0,0
TXN009514,109.99,18,Entertainment,iOS,Chennai,0,1244,0,0
TXN009515,190.39,19,Bills,iOS,Bangalore,0,2294,1,0
TXN009516,29.48,18,Shopping,Android,Delhi,0,274,0,0
TXN009517,1363.0,1,Shopping,Android,Delhi,0,807,0,1
TXN009518,619.33,2,Other,iOS,Hyderabad,0,290,0,0
TXN009519,116.65,13,Travel,iOS,Mumbai,0,186,0,0
TXN009520,91.32,21,Bills,Android,Chennai,0,1964,0,0
TXN009521,510.57,3,Travel,Android,Hyderabad,2,1823,0,0
TXN009522,1601.93,21,Other,Android,Chennai,0,1319,0,1
TXN009523,466.15,16,Bills,Android,Chennai,0,424,1,0
TXN009524,2010.55,5,Entertainment,Web,Pune,1,341,0,1
TXN009525,49.07,18,Bills,iOS,Delhi,2,2117,1,0
TXN009526,55.52,8,Food,iOS,Bangalore,1,2324,0,0
TXN009527,35.63,3,Travel,Android,Bangalore,2,617,0,0
TXN009528,252.17,6,Bills,Android,Mumbai,1,993,0,0
TXN009529,183.23,3,Travel,Android,Bangalore,0,633,0,0
TXN009530,123.68,10,Other,iOS,Hyderabad,1,762,1,0
TXN009531,391.94,21,Bills,Android,Delhi,1,1770,0,0
TXN009532,651.19,22,Shopping,iOS,Delhi,0,2703,0,0
TXN009533,23.79,1,Travel,Android,Chennai,0,1464,0,0
TXN009534,72.5,9,Entertainment,Android,Hyderabad,0,1440,0,0
TXN009535,397.09,5,Entertainment,Android,Hyderabad,0,1280,0,0
TXN009536,84.67,7,Bills,iOS,Chennai,0,1587,0,0
TXN009537,56.95,14,Entertainment,Android,Pune,1,1529,0,0
TXN009538,503.83,12,Entertainment,Android,Pune,0,1498,0,0
TXN009539,31.58,21,Travel,Web,Chennai,1,2861,0,0
TXN009540,103.35,1,Bills,iOS,Delhi,1,1945,0,0
TXN009541,220.16,19,Travel,Android,Hyderabad,1,669,0,0
TXN009542,74.55,0,Bills,Android,Bangalore,1,1395,0,0
TXN009543,379.85,14,Entertainment,Android,Bangalore,1,2837,0,0
TXN009544,74.99,6,Bills,iOS,Delhi,0,302,0,0
TXN009545,804.6,23,Other,iOS,Bangalore,1,2408,0,1
TXN009546,127.63,17,Bills,Android,Bangalore,0,2547,0,0
TXN009547,332.13,9,Food,iOS,Hyderabad,0,2505,0,0
TXN009548,363.3,14,Bills,Android,Hyderabad,0,2377,0,0
TXN009549,69.89,4,Food,Android,Mumbai,1,2817,0,0
TXN009550,12.63,23,Travel,Web,Hyderabad,0,838,0,0
TXN009551,228.81,10,Food,Android,Mumbai,1,2571,0,0
TXN009552,161.86,7,Travel,iOS,Pune,0,263,0,0
TXN009553,289.16,20,Bills,iOS,Hyderabad,0,2949,0,0
TXN009554,113.09,7,Travel,Android,Chennai,0,1236,0,0
TXN009555,88.54,5,Entertainment,Android,Hyderabad,0,2848,0,0
TXN009556,1652.7,14,Other,Android,Mumbai,0,120,0,1
TXN009557,25.36,14,Bills,Web,Bangalore,0,1162,0,0
TXN009558,358.07,4,Food,Android,Hyderabad,0,781,0,0
TXN009559,74.48,12,Other,Android,Bangalore,0,534,0,0
TXN009560,99.19,13,Shopping,Android,Bangalore,2,1514,0,0
TXN009561,101.44,10,Other,iOS,Hyderabad,0,208,1,0
TXN009562,56.59,19,Bills,Android,Hyderabad,1,2259,0,0
TXN009563,294.56,20,Other,Android,Chennai,0,1531,0,0
TXN009564,787.43,11,Other,Web,Pune,0,2735,0,1
TXN009565,260.87,19,Entertainment,Android,Mumbai,0,837,0,0
TXN009566,168.02,0,Travel,Android,Hyderabad,2,2174,0,0
TXN009567,45.43,2,Other,iOS,Bangalore,0,238,0,0
TXN009568,275.94,7,Food,iOS,Bangalore,0,1478,1,0
TXN009569,1973.61,22,Food,Android,Hyderabad,1,73,1,1
TXN009570,93.99,11,Entertainment,Android,Mumbai,0,775,0,0
TXN009571,94.52,14,Other,Android,Pune,0,1658,0,0
TXN009572,75.69,22,Other,Android,Bangalore,0,2213,0,0
TXN009573,82.49,2,Entertainment,iOS,Pune,2,2753,0,0
TXN009574,5.5,21,Bills,iOS,Pune,0,2005,1,0
TXN009575,241.3,7,Shopping,iOS,Chennai,0,1594,0,0
TXN009576,53.8,23,Shopping,Android,Bangalore,1,967,0,0
TXN009577,21.49,18,Travel,iOS,Mumbai,0,2619,0,0
TXN009578,366.44,19,Food,Android,Delhi,0,249,0,0
TXN009579,40.51,5,Bills,Web,Chennai,0,1036,0,0
TXN009580,98.85,17,Food,Android,Chennai,1,2636,0,0
TXN009581,862.41,10,Bills,iOS,Delhi,0,1941,0,1
TXN009582,27.36,11,Entertainment,Android,Chennai,1,1499,0,0
TXN009583,23.59,22,Travel,Android,Chennai,0,1197,0,0
TXN009584,205.03,1,Entertainment,iOS,Chennai,0,2837,0,0
TXN009585,589.56,4,Food,Android,Bangalore,1,58,1,0
TXN009586,22.44,3,Travel,iOS,Bangalore,0,791,0,0
TXN009587,242.07,8,Other,iOS,Hyderabad,0,150,0,0
TXN009588,298.03,12,Bills,iOS,Hyderabad,0,44,0,0
TXN009589,12.54,12,Bills,iOS,Bangalore,0,2297,0,0
TXN009590,386.91,14,Travel,Android,Chennai,0,336,0,0
TXN009591,424.93,1,Entertainment,Android,Mumbai,0,853,0,0
TXN009592,102.09,22,Travel,Web,Delhi,1,501,0,0
TXN009593,667.02,12,Entertainment,Android,Hyderabad,0,1735,0,0
TXN009594,580.42,6,Travel,iOS,Chennai,1,2764,0,0
TXN009595,167.96,22,Entertainment,Android,Hyderabad,1,2426,0,0
TXN009596,86.34,16,Shopping,Android,Pune,0,31,0,0
TXN009597,46.18,7,Travel,Android,Mumbai,0,2955,0,0
TXN009598,141.87,17,Entertainment,iOS,Pune,1,1085,0,0
TXN009599,294.04,14,Other,Android,Chennai,1,908,0,0
TXN009600,100.58,14,Food,Android,Bangalore,0,1363,0,0
TXN009601,10.62,4,Food,Android,Mumbai,0,1723,0,0
TXN009602,680.25,1,Travel,Android,Hyderabad,2,2352,0,0
TXN009603,186.47,15,Travel,Android,Chennai,0,675,0,0
TXN009604,94.11,4,Bills,Android,Pune,1,2431,0,0
TXN009605,415.13,22,Entertainment,iOS,Chennai,1,471,0,0
TXN009606,924.79,5,Travel,Android,Delhi,0,2846,0,1
TXN009607,5.14,11,Food,Android,Delhi,0,2851,0,0
TXN009608,249.91,4,Food,Web,Pune,0,640,0,0
TXN009609,26.79,19,Food,Android,Delhi,0,1210,0,0
TXN009610,270.14,7,Entertainment,Web,Bangalore,0,223,0,0
TXN009611,173.04,10,Shopping,Android,Chennai,0,454,0,0
TXN009612,318.26,13,Travel,Android,Chennai,0,2461,0,0
TXN009613,81.52,23,Shopping,Android,Hyderabad,1,1860,0,0
TXN009614,15.68,16,Entertainment,Android,Bangalore,0,854,1,0
TXN009615,86.45,9,Other,iOS,Delhi,1,666,1,0
TXN009616,241.83,1,Travel,Android,Chennai,1,2620,0,0
TXN009617,501.94,2,Bills,iOS,Delhi,1,42,1,0
TXN009618,36.37,12,Travel,Android,Mumbai,1,2148,0,0
TXN009619,509.01,16,Travel,Android,Bangalore,1,606,0,0
TXN009620,68.21,2,Travel,iOS,Delhi,2,586,0,0
TXN009621,229.28,9,Travel,iOS,Bangalore,0,654,0,0
TXN009622,80.49,7,Other,Android,Pune,1,2057,0,0
TXN009623,184.68,3,Travel,Android,Chennai,0,594,0,0
TXN009624,432.79,12,Entertainment,iOS,Mumbai,0,470,0,0
TXN009625,34.04,6,Travel,Web,Hyderabad,0,1335,0,0
TXN009626,65.64,6,Other,Android,Mumbai,0,173,1,0
TXN009627,185.3,15,Entertainment,Web,Bangalore,0,2857,0,0
TXN009628,2648.9,4,Travel,Android,Mumbai,0,301,1,1
TXN009629,52.68,16,Travel,Web,Chennai,2,1491,0,0
TXN009630,1716.7,9,Entertainment,iOS,Bangalore,0,1400,0,1
TXN009631,1644.69,3,Travel,iOS,Bangalore,1,2071,1,1
TXN009632,132.06,22,Other,iOS,Chennai,0,2672,0,0
TXN009633,103.77,13,Food,Android,Pune,0,1508,0,0
TXN009634,64.68,4,Travel,Android,Delhi,0,1559,0,0
TXN009635,136.75,1,Bills,Android,Hyderabad,0,2665,0,0
TXN009636,27.44,13,Entertainment,Android,Pune,2,2443,0,0
TXN009637,135.44,23,Other,Android,Pune,0,693,0,0
TXN009638,894.49,17,Travel,Web,Mumbai,0,1167,0,1
TXN009639,71.29,23,Travel,Android,Pune,0,2647,1,0
TXN009640,111.18,10,Entertainment,Android,Hyderabad,1,482,0,0
TXN009641,19.27,15,Shopping,Android,Hyderabad,1,2846,0,0
TXN009642,232.5,17,Other,iOS,Pune,0,2532,0,0
TXN009643,203.85,15,Other,Android,Chennai,1,2573,0,0
TXN009644,160.2,20,Food,Android,Delhi,1,629,0,0
TXN009645,114.41,3,Food,iOS,Hyderabad,0,218,0,0
TXN009646,104.45,0,Travel,iOS,Bangalore,1,1627,1,0
TXN009647,271.04,13,Entertainment,iOS,Pune,1,1261,0,0
TXN009648,143.37,11,Bills,iOS,Delhi,0,513,0,0
TXN009649,216.58,23,Travel,Android,Chennai,1,2696,0,0
TXN009650,192.09,9,Food,iOS,Pune,0,2635,0,0
TXN009651,571.41,18,Travel,Android,Hyderabad,0,2222,0,0
TXN009652,334.42,3,Entertainment,Android,Pune,0,2566,0,0
TXN009653,187.06,19,Other,Android,Chennai,0,2674,0,0
TXN009654,917.92,20,Other,Android,Mumbai,0,1083,0,1
TXN009655,245.75,2,Other,Android,Chennai,1,1742,0,0
TXN009656,710.49,3,Other,Android,Bangalore,1,1930,0,0
TXN009657,307.46,14,Bills,iOS,Chennai,0,1879,0,0
TXN009658,16.28,10,Shopping,Android,Delhi,1,391,0,0
TXN009659,710.38,15,Bills,iOS,Mumbai,0,2938,0,0
TXN009660,174.55,3,Travel,Android,Pune,0,1799,0,0
TXN009661,139.44,5,Food,Web,Pune,1,2756,0,0
TXN009662,208.02,7,Entertainment,Android,Bangalore,1,1795,0,0
TXN009663,98.1,12,Travel,iOS,Mumbai,0,278,0,0
TXN009664,194.89,22,Shopping,iOS,Bangalore,1,740,0,0
TXN009665,72.95,19,Entertainment,Web,Pune,1,1090,0,0
TXN009666,684.8,3,Entertainment,Android,Mumbai,0,996,0,0
TXN009667,129.5,4,Entertainment,Android,Hyderabad,0,2092,0,0
TXN009668,93.78,9,Travel,Android,Chennai,1,2522,0,0
TXN009669,48.92,4,Shopping,Android,Delhi,0,2855,0,0
TXN009670,204.9,11,Travel,Android,Delhi,0,2865,0,0
TXN009671,185.77,0,Entertainment,iOS,Hyderabad,0,2711,0,0
TXN009672,236.54,23,Entertainment,Android,Mumbai,0,266,0,0
TXN009673,43.26,9,Food,Android,Chennai,0,2787,0,0
TXN009674,21.73,4,Bills,Android,Hyderabad,1,1841,0,0
TXN009675,314.41,18,Travel,Android,Mumbai,1,1629,0,0
TXN009676,881.45,18,Shopping,Web,Chennai,1,661,0,1
TXN009677,43.31,19,Entertainment,iOS,Mumbai,0,2381,0,0
TXN009678,999.57,11,Travel,Android,Delhi,0,2303,0,1
TXN009679,208.66,22,Bills,Android,Chennai,3,2380,0,0
TXN009680,147.16,15,Travel,Web,Delhi,1,221,0,0
TXN009681,92.11,4,Bills,Android,Delhi,0,1738,0,0
TXN009682,28.18,16,Travel,iOS,Chennai,0,1326,0,0
TXN009683,485.55,13,Food,Web,Hyderabad,1,464,0,0
TXN009684,58.51,11,Travel,Android,Mumbai,1,1480,0,0
TXN009685,58.22,12,Other,Android,Chennai,0,2783,0,0
TXN009686,488.0,20,Food,Android,Pune,1,1927,0,0
TXN009687,15.49,13,Bills,Web,Delhi,0,2281,0,0
TXN009688,23.85,4,Entertainment,Android,Mumbai,1,1537,0,0
TXN009689,145.22,21,Entertainment,Android,Chennai,0,2921,0,0
TXN009690,211.02,22,Travel,iOS,Hyderabad,0,2616,0,0
TXN009691,265.52,4,Shopping,iOS,Chennai,0,656,0,0
TXN009692,103.32,17,Travel,Android,Chennai,0,2117,0,0
TXN009693,3091.6,13,Food,Android,Bangalore,1,189,0,1
TXN009694,112.9,17,Food,iOS,Pune,1,1153,0,0
TXN009695,112.51,19,Bills,Android,Mumbai,1,1561,0,0
TXN009696,57.03,0,Travel,Android,Chennai,0,2947,0,0
TXN009697,172.21,6,Bills,iOS,Delhi,0,1297,0,0
TXN009698,310.43,16,Shopping,Android,Delhi,0,365,0,0
TXN009699,629.1,2,Entertainment,Android,Bangalore,0,1895,0,0
TXN009700,24.85,9,Entertainment,Android,Delhi,0,1433,0,0
TXN009701,110.48,6,Travel,Android,Chennai,2,578,0,0
TXN009702,253.67,11,Bills,iOS,Mumbai,0,2220,0,0
TXN009703,300.21,21,Bills,iOS,Bangalore,0,529,0,0
TXN009704,149.58,14,Shopping,iOS,Pune,0,2342,0,0
TXN009705,284.55,22,Bills,iOS,Bangalore,0,2814,0,0
TXN009706,56.22,20,Other,iOS,Hyderabad,0,1876,0,0
TXN009707,962.45,15,Other,Android,Hyderabad,0,2909,0,1
TXN009708,488.41,7,Food,Android,Mumbai,1,1094,0,0
TXN009709,29.55,5,Other,iOS,Mumbai,0,2113,1,0
TXN009710,40.85,3,Other,Android,Bangalore,1,961,0,0
TXN009711,42.25,10,Food,Android,Chennai,1,2654,1,0
TXN009712,334.81,16,Other,Android,Chennai,1,1977,0,0
TXN009713,31.76,1,Other,Android,Hyderabad,0,62,1,0
TXN009714,99.76,5,Food,Android,Mumbai,0,1176,0,0
TXN009715,256.12,3,Travel,iOS,Mumbai,0,2979,0,0
TXN009716,137.08,2,Food,Android,Chennai,1,888,1,0
TXN009717,202.48,6,Food,Web,Hyderabad,1,2530,0,0
TXN009718,41.31,6,Other,Android,Chennai,1,2151,0,0
TXN009719,303.03,15,Entertainment,Android,Chennai,1,1209,0,0
TXN009720,71.1,1,Other,Android,Bangalore,1,2952,0,0
TXN009721,100.53,7,Travel,Android,Mumbai,0,1079,0,0
TXN009722,197.41,14,Food,iOS,Bangalore,1,719,0,0
TXN009723,167.95,15,Shopping,Android,Bangalore,1,235,0,0
TXN009724,152.75,0,Food,Android,Chennai,0,1856,0,0
TXN009725,60.29,9,Travel,Android,Hyderabad,0,297,0,0
TXN009726,103.6,6,Bills,Android,Chennai,1,1122,0,0
TXN009727,148.8,15,Other,Android,Pune,1,2109,0,0
TXN009728,28.5,9,Entertainment,Android,Hyderabad,0,162,0,0
TXN009729,85.2,11,Entertainment,Android,Mumbai,1,312,0,0
TXN009730,236.33,16,Other,iOS,Pune,0,2244,0,0
TXN009731,32.04,12,Other,iOS,Pune,0,1842,0,0
TXN009732,594.61,11,Travel,Android,Pune,0,45,1,0
TXN009733,680.98,14,Food,iOS,Delhi,0,1303,0,0
TXN009734,33.31,13,Shopping,iOS,Mumbai,0,1516,0,0
TXN009735,756.83,18,Food,iOS,Chennai,0,2691,0,1
TXN009736,124.92,18,Food,Android,Hyderabad,0,2714,0,0
TXN009737,245.24,13,Shopping,Android,Pune,1,1636,0,0
TXN009738,81.78,17,Entertainment,Android,Delhi,1,239,0,0
TXN009739,449.28,4,Food,Android,Pune,2,2672,0,0
TXN009740,241.61,19,Bills,Android,Hyderabad,1,2286,0,0
TXN009741,55.87,5,Bills,Android,Hyderabad,0,555,0,0
TXN009742,36.66,17,Travel,iOS,Delhi,0,326,0,0
TXN009743,25.73,13,Travel,Android,Delhi,0,615,0,0
TXN009744,185.96,3,Shopping,Android,Mumbai,1,502,0,0
TXN009745,295.0,22,Shopping,iOS,Bangalore,0,1734,0,0
TXN009746,324.13,0,Travel,iOS,Pune,0,2249,0,0
TXN009747,128.82,12,Other,Android,Delhi,1,870,0,0
TXN009748,37.03,10,Food,Android,Pune,1,1179,0,0
TXN009749,65.46,2,Other,Android,Bangalore,1,1933,0,0
TXN009750,591.59,16,Entertainment,iOS,Bangalore,0,2613,1,0
TXN009751,82.97,17,Bills,Android,Bangalore,0,2354,0,0
TXN009752,176.28,9,Shopping,Android,Bangalore,0,534,0,0
TXN009753,40.82,15,Travel,Android,Delhi,0,511,0,0
TXN009754,222.27,20,Bills,iOS,Pune,0,964,0,0
TXN009755,85.69,12,Other,iOS,Hyderabad,0,1488,0,0
TXN009756,521.16,19,Shopping,Android,Pune,0,2343,0,0
TXN009757,375.5,11,Shopping,Android,Pune,0,1853,0,0
TXN009758,81.87,3,Food,iOS,Delhi,0,2395,0,0
TXN009759,127.49,7,Shopping,iOS,Delhi,0,2841,0,0
TXN009760,76.6,11,Entertainment,iOS,Chennai,2,629,0,0
TXN009761,27.02,18,Shopping,Web,Chennai,0,1173,0,0
TXN009762,53.04,14,Entertainment,Android,Mumbai,0,1937,1,0
TXN009763,188.27,15,Other,Android,Bangalore,0,591,0,0
TXN009764,219.27,11,Food,Android,Bangalore,2,1094,0,0
TXN009765,177.37,19,Entertainment,Android,Chennai,1,1100,0,0
TXN009766,103.33,17,Other,Android,Hyderabad,0,2566,0,0
TXN009767,454.72,21,Bills,Android,Mumbai,1,2759,0,0
TXN009768,160.17,11,Shopping,Android,Pune,0,1569,0,0
TXN009769,345.12,15,Travel,Android,Hyderabad,0,2995,0,0
TXN009770,17.66,19,Travel,Web,Chennai,0,296,0,0
TXN009771,1.34,10,Entertainment,Android,Pune,1,1165,0,0
TXN009772,208.63,21,Food,Android,Hyderabad,0,2088,0,0
TXN009773,26.85,19,Entertainment,Android,Bangalore,0,1930,0,0
TXN009774,115.01,13,Other,iOS,Chennai,0,2091,0,0
TXN009775,103.28,1,Other,iOS,Pune,1,1656,0,0
TXN009776,997.13,12,Entertainment,Android,Hyderabad,2,510,0,1
TXN009777,239.85,13,Entertainment,Android,Mumbai,0,761,0,0
TXN009778,181.1,5,Bills,iOS,Mumbai,0,372,0,0
TXN009779,405.2,11,Other,Android,Delhi,0,2838,0,0
TXN009780,230.95,6,Bills,Web,Pune,0,1126,0,0
TXN009781,85.69,3,Entertainment,Android,Chennai,1,1880,0,0
TXN009782,536.88,6,Food,Android,Chennai,0,1032,0,0
TXN009783,39.19,12,Shopping,iOS,Pune,0,309,1,0
TXN009784,218.74,10,Other,Android,Chennai,1,1080,0,0
TXN009785,23.17,7,Travel,Android,Bangalore,1,320,0,0
TXN009786,189.57,18,Bills,Android,Bangalore,1,1042,0,0
TXN009787,187.09,1,Other,iOS,Chennai,0,993,0,0
TXN009788,1109.59,20,Shopping,Android,Pune,0,2099,0,1
TXN009789,22.69,17,Bills,Android,Hyderabad,1,2600,0,0
TXN009790,72.16,20,Other,Android,Bangalore,0,1689,0,0
TXN009791,398.31,9,Bills,iOS,Pune,0,665,0,0
TXN009792,221.93,5,Bills,Android,Chennai,0,484,0,0
TXN009793,184.26,23,Entertainment,Android,Bangalore,2,902,0,0
TXN009794,47.12,21,Entertainment,iOS,Pune,0,2562,0,0
TXN009795,73.04,3,Bills,iOS,Delhi,0,639,0,0
TXN009796,661.2,18,Bills,iOS,Mumbai,0,2153,0,0
TXN009797,139.52,13,Travel,Android,Delhi,2,2209,0,0
TXN009798,232.86,13,Shopping,iOS,Chennai,0,2271,0,0
TXN009799,129.25,17,Shopping,Android,Pune,2,1420,0,0
TXN009800,35.88,16,Food,Android,Mumbai,1,1844,0,0
TXN009801,455.13,17,Food,iOS,Hyderabad,0,2431,0,0
TXN009802,271.48,17,Food,Android,Chennai,1,1552,0,0
TXN009803,2360.82,4,Entertainment,iOS,Hyderabad,1,2833,1,1
TXN009804,43.87,8,Entertainment,Web,Hyderabad,1,2442,0,0
TXN009805,398.25,0,Travel,iOS,Bangalore,1,752,0,0
TXN009806,30.76,3,Entertainment,Android,Bangalore,0,197,0,0
TXN009807,179.26,6,Food,iOS,Mumbai,0,2256,0,0
TXN009808,479.05,10,Other,Android,Mumbai,0,2470,0,0
TXN009809,12.35,13,Bills,Android,Pune,1,682,0,0
TXN009810,116.06,9,Food,Android,Bangalore,0,2334,0,0
TXN009811,75.5,18,Travel,Android,Mumbai,0,2409,0,0
TXN009812,63.92,7,Bills,iOS,Pune,0,2215,0,0
TXN009813,235.63,2,Entertainment,Android,Delhi,0,1464,0,0
TXN009814,569.54,7,Bills,iOS,Chennai,1,1925,0,0
TXN009815,126.48,17,Other,iOS,Delhi,1,1277,0,0
TXN009816,189.92,4,Travel,Android,Chennai,0,1654,0,0
TXN009817,170.23,19,Entertainment,iOS,Pune,2,301,0,0
TXN009818,148.73,10,Shopping,iOS,Bangalore,1,2746,0,0
TXN009819,40.16,8,Food,iOS,Delhi,0,854,0,0
TXN009820,561.23,18,Other,Android,Hyderabad,0,1118,0,0
TXN009821,211.5,11,Other,Android,Delhi,0,120,0,0
TXN009822,238.38,4,Food,Android,Mumbai,0,2368,0,0
TXN009823,56.38,15,Travel,Android,Delhi,1,1278,0,0
TXN009824,85.54,12,Travel,Android,Bangalore,0,344,0,0
TXN009825,120.14,5,Other,iOS,Bangalore,1,2461,0,0
TXN009826,23.55,15,Food,Android,Mumbai,0,555,0,0
TXN009827,19.58,17,Bills,Web,Chennai,2,968,0,0
TXN009828,72.18,16,Shopping,iOS,Mumbai,0,1739,0,0
TXN009829,277.83,11,Shopping,Android,Pune,1,2964,0,0
TXN009830,67.78,0,Travel,Android,Chennai,0,2739,0,0
TXN009831,43.7,6,Travel,iOS,Bangalore,0,2265,0,0
TXN009832,55.83,13,Bills,iOS,Bangalore,1,2567,0,0
TXN009833,85.93,17,Travel,Web,Pune,0,2162,0,0
TXN009834,97.06,22,Shopping,Android,Chennai,0,1439,0,0
TXN009835,1995.45,0,Food,Android,Delhi,0,2197,1,1
TXN009836,526.13,19,Other,Web,Delhi,0,2402,0,0
TXN009837,507.62,9,Shopping,Android,Mumbai,0,1359,0,0
TXN009838,603.23,14,Bills,iOS,Bangalore,2,2829,0,0
TXN009839,44.76,10,Food,Android,Delhi,0,1777,0,0
TXN009840,34.23,3,Food,iOS,Bangalore,0,2551,0,0
TXN009841,39.32,14,Other,Android,Mumbai,0,732,0,0
TXN009842,736.13,20,Shopping,iOS,Hyderabad,0,2037,0,1
TXN009843,76.97,15,Food,Android,Bangalore,1,960,0,0
TXN009844,33.06,14,Food,Web,Hyderabad,3,1047,0,0
TXN009845,88.48,16,Travel,Android,Bangalore,0,885,0,0
TXN009846,111.46,22,Food,Android,Chennai,0,55,0,0
TXN009847,204.81,10,Bills,Android,Pune,0,1926,1,0
TXN009848,200.57,17,Food,iOS,Hyderabad,1,2714,0,0
TXN009849,54.94,15,Travel,iOS,Chennai,0,1848,0,0
TXN009850,337.91,14,Entertainment,Android,Pune,0,304,0,0
TXN009851,68.92,10,Entertainment,Android,Chennai,1,965,0,0
TXN009852,123.03,12,Bills,Android,Mumbai,1,2908,0,0
TXN009853,338.37,17,Other,Android,Mumbai,1,2884,0,0
TXN009854,68.7,7,Other,Android,Delhi,0,2696,0,0
TXN009855,74.95,8,Bills,iOS,Hyderabad,1,937,0,0
TXN009856,301.87,21,Food,Android,Delhi,0,877,0,0
TXN009857,53.02,10,Food,iOS,Hyderabad,1,461,0,0
TXN009858,93.53,16,Entertainment,iOS,Mumbai,1,1900,0,0
TXN009859,289.13,0,Entertainment,Web,Mumbai,0,2750,0,0
TXN009860,1745.7,10,Shopping,iOS,Pune,0,2540,0,1
TXN009861,306.89,6,Entertainment,Android,Pune,0,1853,0,0
TXN009862,261.69,7,Entertainment,iOS,Mumbai,0,1971,0,0
TXN009863,280.61,18,Bills,Android,Hyderabad,0,285,0,0
TXN009864,40.94,3,Shopping,Android,Mumbai,0,1295,0,0
TXN009865,170.5,3,Other,iOS,Delhi,0,1979,0,0
TXN009866,143.21,18,Shopping,iOS,Chennai,0,2950,0,0
TXN009867,218.31,23,Food,Android,Pune,1,1687,0,0
TXN009868,170.68,8,Food,Android,Hyderabad,0,686,0,0
TXN009869,234.07,16,Shopping,iOS,Chennai,0,2581,0,0
TXN009870,102.13,17,Shopping,Android,Delhi,0,1545,1,0
TXN009871,159.23,0,Food,iOS,Bangalore,2,2847,0,0
TXN009872,34.01,13,Bills,Android,Pune,1,2669,0,0
TXN009873,101.1,3,Bills,Android,Mumbai,0,140,0,0
TXN009874,787.61,9,Bills,Android,Pune,0,2840,0,1
TXN009875,217.58,22,Bills,iOS,Pune,0,1321,0,0
TXN009876,144.73,13,Food,iOS,Pune,1,2060,0,0
TXN009877,1444.25,6,Travel,iOS,Delhi,1,2954,0,1
TXN009878,28.99,11,Entertainment,Android,Bangalore,0,77,1,0
TXN009879,39.2,21,Entertainment,iOS,Hyderabad,0,2798,0,0
TXN009880,1158.93,15,Entertainment,Android,Delhi,0,1543,0,1
TXN009881,156.83,4,Entertainment,iOS,Hyderabad,0,1158,0,0
TXN009882,110.93,10,Food,Android,Chennai,1,99,0,0
TXN009883,35.2,3,Travel,Android,Chennai,2,2438,0,0
TXN009884,253.97,12,Food,Android,Hyderabad,1,887,0,0
TXN009885,285.25,7,Travel,iOS,Chennai,0,30,0,0
TXN009886,39.91,6,Food,Android,Chennai,2,2891,0,0
TXN009887,125.42,10,Shopping,Web,Mumbai,0,1628,0,0
TXN009888,99.22,10,Travel,Android,Hyderabad,0,1029,0,0
TXN009889,201.78,16,Entertainment,Android,Hyderabad,0,844,0,0
TXN009890,38.74,21,Travel,Android,Bangalore,1,2861,0,0
TXN009891,666.7,13,Other,Android,Pune,2,1099,0,0
TXN009892,445.41,1,Bills,iOS,Mumbai,0,109,0,0
TXN009893,95.98,19,Travel,iOS,Delhi,1,2500,0,0
TXN009894,114.47,20,Other,iOS,Mumbai,0,506,0,0
TXN009895,126.0,7,Bills,Android,Delhi,0,1615,0,0
TXN009896,58.32,21,Other,Web,Hyderabad,1,1463,0,0
TXN009897,87.17,1,Bills,Android,Mumbai,0,2043,0,0
TXN009898,107.31,20,Shopping,Web,Bangalore,2,1470,0,0
TXN009899,1028.07,14,Travel,Android,Pune,0,392,0,1
TXN009900,462.17,4,Other,iOS,Chennai,0,1329,0,0
TXN009901,455.59,5,Shopping,iOS,Delhi,0,1282,0,0
TXN009902,231.35,16,Entertainment,Android,Chennai,0,362,1,0
TXN009903,38.83,7,Travel,Android,Pune,0,613,0,0
TXN009904,141.2,18,Food,iOS,Hyderabad,1,2557,0,0
TXN009905,475.6,4,Food,Android,Hyderabad,0,710,0,0
TXN009906,32.79,22,Food,Android,Hyderabad,1,1435,0,0
TXN009907,318.58,18,Other,iOS,Chennai,0,2344,0,0
TXN009908,2409.4,13,Other,iOS,Pune,0,1620,1,1
TXN009909,530.69,9,Bills,Web,Hyderabad,1,1032,0,0
TXN009910,809.84,12,Food,Android,Hyderabad,2,588,1,1
TXN009911,192.87,21,Entertainment,Android,Chennai,2,2972,0,0
TXN009912,474.15,4,Other,Android,Hyderabad,0,107,0,0
TXN009913,62.71,6,Travel,iOS,Pune,1,2949,0,0
TXN009914,385.69,9,Other,Web,Delhi,0,847,0,0
TXN009915,325.47,10,Travel,Web,Mumbai,1,894,1,0
TXN009916,210.17,2,Other,Web,Delhi,0,1938,0,0
TXN009917,719.97,12,Bills,iOS,Hyderabad,0,390,0,0
TXN009918,77.75,1,Bills,Web,Pune,1,1844,0,0
TXN009919,118.57,3,Bills,Android,Pune,0,90,0,0
TXN009920,166.43,2,Entertainment,Web,Hyderabad,0,36,1,0
TXN009921,43.14,14,Other,iOS,Hyderabad,0,1324,0,0
TXN009922,194.87,3,Travel,Android,Hyderabad,0,2924,0,0
TXN009923,18.86,22,Other,Android,Chennai,1,550,0,0
TXN009924,521.31,20,Shopping,Android,Pune,2,242,0,0
TXN009925,156.96,3,Bills,iOS,Mumbai,0,1218,1,0
TXN009926,79.43,14,Food,iOS,Chennai,1,260,0,0
TXN009927,54.53,5,Shopping,Android,Chennai,0,2904,0,0
TXN009928,112.0,22,Shopping,iOS,Pune,0,697,0,0
TXN009929,338.97,4,Bills,Android,Hyderabad,1,2441,0,0
TXN009930,286.37,11,Food,iOS,Delhi,0,1955,0,0
TXN009931,63.65,6,Bills,iOS,Pune,2,2092,0,0
TXN009932,53.77,2,Bills,Web,Delhi,0,117,0,0
TXN009933,326.45,6,Food,Android,Bangalore,2,1569,0,0
TXN009934,62.38,11,Shopping,Web,Pune,0,780,0,0
TXN009935,159.48,14,Shopping,Android,Mumbai,0,2304,0,0
TXN009936,172.17,18,Other,Android,Pune,0,1297,0,0
TXN009937,215.83,5,Food,Android,Bangalore,1,450,0,0
TXN009938,415.68,7,Shopping,iOS,Chennai,0,31,0,0
TXN009939,32.6,5,Entertainment,Web,Bangalore,0,460,1,0
TXN009940,14.98,2,Bills,iOS,Bangalore,1,1413,0,0
TXN009941,75.12,4,Entertainment,Web,Pune,0,665,0,0
TXN009942,1289.27,8,Entertainment,Android,Bangalore,0,953,0,1
TXN009943,1680.1,23,Other,Android,Mumbai,1,1524,1,1
TXN009944,1335.97,15,Other,Android,Pune,0,1766,0,1
TXN009945,117.73,21,Other,Android,Delhi,0,609,0,0
TXN009946,17.49,15,Entertainment,Web,Delhi,0,176,0,0
TXN009947,8.92,8,Travel,iOS,Bangalore,0,1317,0,0
TXN009948,71.03,17,Travel,Android,Pune,2,2876,0,0
TXN009949,117.02,12,Entertainment,iOS,Mumbai,0,2915,0,0
TXN009950,706.8,10,Bills,Android,Delhi,0,775,0,0
TXN009951,420.47,9,Entertainment,Android,Hyderabad,0,1383,0,0
TXN009952,194.98,9,Entertainment,Android,Pune,0,1107,0,0
TXN009953,51.02,5,Other,iOS,Pune,0,800,0,0
TXN009954,46.86,15,Other,Web,Delhi,1,2153,0,0
TXN009955,201.33,11,Other,Android,Delhi,0,2369,0,0
TXN009956,342.56,3,Travel,Android,Mumbai,0,1704,1,0
TXN009957,237.52,4,Entertainment,Android,Mumbai,2,1001,0,0
TXN009958,42.88,1,Bills,Android,Delhi,0,1803,1,0
TXN009959,324.02,18,Bills,iOS,Hyderabad,0,2706,0,0
TXN009960,247.42,0,Other,Android,Hyderabad,0,70,1,0
TXN009961,41.07,3,Other,iOS,Bangalore,0,1893,0,0
TXN009962,57.91,11,Entertainment,Android,Bangalore,0,1770,0,0
TXN009963,339.07,1,Bills,Android,Delhi,1,475,0,0
TXN009964,112.01,11,Entertainment,Android,Delhi,1,2184,0,0
TXN009965,999.22,15,Travel,Android,Delhi,1,422,0,1
TXN009966,270.79,1,Entertainment,iOS,Pune,0,1393,0,0
TXN009967,82.77,16,Other,Android,Hyderabad,1,1703,1,0
TXN009968,146.61,1,Shopping,Android,Chennai,0,70,1,0
TXN009969,160.14,3,Travel,iOS,Bangalore,0,1057,0,0
TXN009970,61.93,5,Bills,Web,Bangalore,0,2087,0,0
TXN009971,49.64,22,Bills,iOS,Chennai,0,590,0,0
TXN009972,344.35,6,Other,Android,Delhi,1,944,0,0
TXN009973,409.25,22,Other,Android,Bangalore,1,1127,1,0
TXN009974,306.29,14,Travel,iOS,Hyderabad,0,2125,0,0
TXN009975,914.5,19,Other,iOS,Chennai,0,1204,1,1
TXN009976,77.47,11,Shopping,Android,Hyderabad,2,1665,0,0
TXN009977,1106.69,4,Travel,Android,Pune,1,2566,1,1
TXN009978,50.34,13,Other,Android,Delhi,1,479,0,0
TXN009979,44.03,15,Food,Android,Bangalore,0,816,0,0
TXN009980,17.96,10,Shopping,iOS,Hyderabad,0,2789,0,0
TXN009981,86.92,11,Travel,Android,Chennai,1,2807,0,0
TXN009982,81.09,18,Food,Android,Delhi,0,2715,0,0
TXN009983,278.98,16,Entertainment,Android,Bangalore,1,2305,0,0
TXN009984,198.87,23,Shopping,Android,Bangalore,0,2344,0,0
TXN009985,35.46,6,Entertainment,Android,Delhi,1,2522,1,0
TXN009986,92.64,8,Food,Android,Delhi,1,507,0,0
TXN009987,95.04,13,Bills,Web,Delhi,0,1775,0,0
TXN009988,17.62,19,Bills,Android,Pune,1,1198,0,0
TXN009989,45.74,11,Other,iOS,Hyderabad,0,1936,0,0
TXN009990,58.85,14,Bills,iOS,Mumbai,0,2662,0,0
TXN009991,829.11,11,Entertainment,Android,Pune,1,2107,0,1
TXN009992,186.74,20,Shopping,Android,Bangalore,1,1645,0,0
TXN009993,328.52,20,Entertainment,Android,Hyderabad,1,1061,1,0
TXN009994,24.57,22,Entertainment,iOS,Chennai,0,1222,0,0
TXN009995,622.07,12,Bills,iOS,Bangalore,0,951,0,0
TXN009996,707.21,8,Entertainment,Android,Pune,1,2082,0,0
TXN009997,13.49,23,Food,iOS,Mumbai,0,2402,1,0
TXN009998,63.66,6,Travel,iOS,Chennai,1,779,0,0
TXN009999,269.06,0,Travel,Android,Bangalore,2,2229,0,0
TXN010000,321.59,9,Travel,iOS,Mumbai,0,1387,0,0
